0 0.829578940625 0.752401390625 0.827929046875 0.7512376359374999 0.7759294296875 0.754480478125 0.7612690515625 0.75510904375 0.760266940625 0.7569392859375 0.76091628125 0.759933146875 0.7685079 0.75817888125 0.7938545796875001 0.7557433171875 0.829578940625 0.752401390625
0 1 0.7413705734375 0.9956496312500001 0.7383065546875 0.9632517015625 0.739834471875 0.9546579734374999 0.7434189796874999 0.9726209796875 0.7451145390625 1 0.742511975 1 0.7413705734375
0 0.79733218125 0.47464085625 0.8054605078125 0.4739297203125 0.8150658578125001 0.472173375 0.826364884375 0.47118483749999995 0.8893592312499999 0.4644971953125 0.9059345703125 0.4629168578125 0.9077125531249999 0.4619770703125 0.9066873796875001 0.46089041093749994 0.9050164468749999 0.460382546875 0.8993531046875001 0.46205437656250004 0.89666999375 0.46059046718749996 0.8931189421875001 0.459854975 0.8871685796875 0.4608994328125 0.8777934625 0.4626340671875 0.8651219625 0.4638728625 0.8740250359375 0.46204934375000006 0.8757219328125 0.46020066562500006 0.8807040453124999 0.45872018593749997 0.887739725 0.4567965421875 0.8860689265625 0.45629023437500005 0.8795895984375001 0.45659516875 0.8703654578125001 0.4574021765625 0.8656024109375 0.45873330625 0.8568164046875 0.459241615625 0.8547641234375 0.4596815328125 0.8469352000000001 0.4604982265625 0.8403163328125001 0.4618615359375 0.83617630625 0.46235392500000005 0.8379754734375 0.4616742171875 0.8303314359374999 0.4619508671875 0.8248319296875 0.46282412968750003 0.8163555515625 0.4642181984375 0.809989796875 0.4658212984375 0.814254565625 0.4667547140625 0.8280907765625001 0.465544203125 0.8365167578125 0.4662453109375 0.8423275828125 0.4662592296875 0.8344646125 0.46668678437500005 0.83080806875 0.46739880781250004 0.8244910187500001 0.46690530937499997 0.818113825 0.4683776578125 0.8121066750000001 0.46877303281250005 0.80536293125 0.4687089828125 0.8009018375 0.4681848609375 0.7939795984375 0.471405115625 0.7741150609375 0.47366533750000006 0.7667581796875 0.47457091562500003 0.75887233125 0.47473696875 0.7501332296875 0.47576347500000005 0.744447146875 0.47717536093749996 0.737090265625 0.47808093749999997 0.7271409703125 0.478559271875 0.7200144578125001 0.4794446953125 0.7136032203125 0.48052790625 0.71429924375 0.477852375 0.7065871140625 0.477350746875 0.7028137734375 0.479381090625 0.7050036562499999 0.4804960359375 0.6999292890625 0.4809399859375 0.697336875 0.48051274062499993 0.692434878125 0.4808114265625 0.68554029375 0.481676559375 0.6789554718749999 0.4834290078125 0.6722442171874999 0.4837542328125 0.6637467890625001 0.484889778125 0.65455669375 0.486085925 0.655642009375 0.4852067375 0.6601178984375 0.4832466796875 0.6547791171874999 0.4833216453125 0.6493738015625 0.482618196875 0.6450261453125 0.48339068437500005 0.6427662375 0.4841107015625 0.6347279921875 0.4852060734375 0.6120846 0.48757923124999997 0.61147301875 0.4885487234375 0.615422975 0.4912083328125 0.611987053125 0.4917708703125 0.61025946875 0.49061548125 0.6037312984375001 0.49301545625000004 0.5915206734375 0.49421549843749996 0.598983046875 0.49186240625 0.6043543171875 0.49217671406249996 0.6109278359375 0.490295071875 0.6054316875 0.48855340312499995 0.5999874140625 0.49007588281250003 0.596517446875 0.4902492828125 0.5948124671875 0.48935228124999997 0.5893583109375 0.490743875 0.5850220953124999 0.4916471140625 0.5816087796875 0.49246803906250003 0.576996709375 0.49287154375000003 0.5744482234375 0.492964325 0.572418684375 0.49366418593750006 0.5702027046875 0.49490422812499996 0.567389665625 0.49462646875000005 0.56325133125 0.4951202765625 0.5607708 0.49598977812499995 0.5625438703125 0.4976650578125 0.5694400109375 0.4967997890625 0.569912190625 0.4968902296875 0.5612168796875 0.4984352046875 0.556880528125 0.4993368875 0.557686634375 0.500572896875 0.568305990625 0.49977557343749995 0.5959313703125 0.4968347984375 0.6499980625 0.4906678578125 0.7538273046875 0.47870740468750006 0.7603535390625 0.47892066875 0.7667768328125 0.4786206375 0.7748355109375 0.47713135937500006 0.7844984015625001 0.47667808437500003 0.79171499375 0.47617689687500003 0.79733218125 0.47464085625
0 0.9612432390625001 0.4548108578125 0.958717359375 0.4551620265625 0.9524343546875 0.45505766562499994 0.9453531906249999 0.456461421875 0.9409844875 0.4569753859375 0.9313320953125 0.4582119765625 0.9235711249999999 0.459805390625 0.92112633125 0.4610654515625 0.9365312031249999 0.45919383125 0.9480379953125 0.4579267515625 0.9593142796875 0.45667827031249997 0.967926703125 0.45683919843750004 0.97479868125 0.45571567812499997 0.9842078437499999 0.4543701828125 0.9959236828125 0.4528213109375 0.9977682 0.4526599375 0.9976660640624999 0.451492521875 0.99156808125 0.450849675 0.986552059375 0.4519425703125 0.983520090625 0.4518157171875 0.980291796875 0.45209815625000005 0.97457166875 0.45312090156249996 0.970686309375 0.45385294375 0.96674274375 0.4539375953125 0.9612432390625001 0.4548108578125
0 0.9312124453124999 0.4780886671875 0.9286007812499999 0.47478810468750005 0.918729459375 0.4761756015625 0.9217806765625 0.479175775 0.9312124453124999 0.4780886671875
0 0.983716875 0.4434338578125 0.9856668828125 0.44182496875000005 0.9819438046875 0.44175857812499997 0.974575484375 0.44253340625000004 0.9675283671875 0.4443263 0.967030225 0.4465924015625 0.962890196875 0.44708479062500006 0.958451846875 0.4468206125 0.95276731875 0.4482323609375 0.9485558453125 0.45056140312500004 0.9430320421875 0.45117485625000003 0.945176575 0.45177146874999996 0.9537761390625 0.4518033375 0.9604745359375 0.45134905625000005 0.969007565625 0.4506025125 0.9706102734375 0.4503305421875 0.9798118078125 0.449265146875 0.9866155593749999 0.44736179218750005 0.9912276296875 0.4469582890625 0.99724621875 0.4466936640625 0.9968604187500001 0.44228394687500006 0.9934471031250001 0.44310487343749994 0.9893979093749999 0.4446354828125 0.985893896875 0.44441974375 0.979206940625 0.44500477656250004 0.974825240625 0.44538812656250004 0.9704321 0.44564072499999996 0.978895484375 0.444116040625 0.983716875 0.4434338578125
0 0.46668448281249997 0.53268583125 0.47288606875 0.533688203125 0.46535575937500007 0.5232532421875 0.46668448281249997 0.53268583125
0 0.4541611875 0.5440267125 0.4544226296875 0.54402109375 0.45563971406250003 0.544414953125 0.456990796875 0.5431313765625 0.4557268296875 0.5420044374999999 0.4541611875 0.5440267125
0 0.46918170937500003 0.5334413703124999 0.46512481718750004 0.5343640875 0.45928416250000004 0.5328439125 0.4367176453125 0.5350738875000001 0.43061986093750004 0.5358316656250001 0.42654379843749995 0.538901725 0.42980585156249995 0.5384673281250001 0.4308485015625 0.5372797484375 0.43920449687499996 0.53630244375 0.45327684062499995 0.5347073890625 0.46067480781250003 0.534325221875 0.462277778125 0.5349347078125 0.46272337031250005 0.5358148468749999 0.46461007031249996 0.535687425 0.4649198890625 0.535015678125 0.47068642031249996 0.534200615625 0.46918170937500003 0.5334413703124999
0 0.43189777031250004 0.53926930625 0.4331379046875 0.5402493265625 0.43567853593750006 0.5396365015625 0.43508223125 0.5404399671875 0.438133034375 0.5406028171874999 0.44042578125 0.5385012437500001 0.439393075 0.5377587375 0.43189777031250004 0.53926930625
0 0.5261640421875 0.5028194453125 0.52477838125 0.5027038359375 0.5236458125000001 0.5029174203125 0.5230702453125 0.5039041515625 0.5241378765625 0.5046514453125 0.5274106656249999 0.5046803765625001 0.5283745984375 0.5047623 0.5301384328125 0.5040731375 0.5319254124999999 0.5041504984375 0.53449890625 0.5036085156250001 0.536094375 0.50346893125 0.5385213531249999 0.503331884375 0.5414792187499999 0.502701378125 0.5455870046875 0.5022886640625 0.549121803125 0.5019778421875001 0.5522429921875001 0.5012420750000001 0.5542673171875 0.5004109171875 0.5533965703125 0.4996730625 0.5505667515625 0.5001715953125 0.5476442109375 0.4998971421875 0.543635475 0.50076075 0.5405911890625 0.5007620187499999 0.53971895625 0.500670503125 0.535024403125 0.50149373125 0.532463596875 0.501965590625 0.5298839484375 0.5030288421875 0.5281615093750001 0.502774871875 0.5261640421875 0.5028194453125
0 0.44359452343749994 0.5065770265625 0.4440493359375 0.5076163421875 0.44617278125000004 0.5080077609375 0.44834563593750004 0.5076372859375 0.4514782015625 0.507300484375 0.453861371875 0.506357940625 0.45791801093749995 0.5054681828125 0.46397932500000005 0.5054946921875 0.46499000312499994 0.5046408578125 0.46223195468749995 0.50404145625 0.45910765624999994 0.504526540625 0.4556994625 0.5049219625 0.4542149796875 0.5047883359374999 0.45323311562499996 0.5039457046875 0.448080575 0.5041235796875 0.44648358593750004 0.504460925 0.44430693125 0.5036585171875 0.4445179265625 0.5050124671875 0.44602066875 0.5061436125000001 0.44359452343749994 0.5065770265625
0 0.494763478125 0.5005804765625 0.49553590312500007 0.500069021875 0.493260734375 0.49957481093749995 0.49198436093750003 0.499686478125 0.48891008124999996 0.500564009375 0.48981589999999997 0.5020971453125 0.49276983906250005 0.5010811390625001 0.494763478125 0.5005804765625
0 0.5131965843749999 0.4970181828125 0.5092837875 0.49808200312500006 0.510006140625 0.49848620937500004 0.5112001296875001 0.498849153125 0.51236935 0.499090353125 0.5180454484375 0.49812008125 0.5174702484375 0.497623009375 0.5157271453125001 0.49745554375 0.5146094828125001 0.497319625 0.5131965843749999 0.4970181828125
0 0.39115668124999997 0.5459549421875 0.395052996875 0.546621015625 0.4014356109375 0.5458022437500001 0.4078562234375 0.5451667953125 0.40988169374999994 0.5445817875000001 0.4154671375 0.543937846875 0.41508399999999995 0.5432875140625 0.4129772515625 0.5426028984375 0.41054219999999997 0.5425759625000001 0.40876179375 0.542770940625 0.40699724687499994 0.5427527859375 0.40556596718750004 0.5436575359375 0.4037881109375 0.5436844640625 0.399928740625 0.5432614078125 0.395707540625 0.5437044328125 0.395047528125 0.5449808765624999 0.3912444015625 0.5450752 0.39115668124999997 0.5459549421875
0 0.3263291328125 0.4931086265625 0.3235860734375 0.4934693859375 0.3246664734375 0.4937889390625 0.32826603906249996 0.4938598609375 0.3305875796875 0.493862221875 0.3332367375 0.4935755546875 0.3372534609375 0.49360997968750003 0.337060378125 0.49298066250000006 0.339596109375 0.492060846875 0.3375361515625 0.49180346718749995 0.3348339734375 0.49203987656250003 0.3325243703125 0.4911879296875 0.3302427265625 0.492018071875 0.3273258453125 0.49195173125 0.3263291328125 0.4931086265625
0 0.3694113015625 0.47908321093749995 0.3659229484375 0.47929743125 0.363407671875 0.47960845937499996 0.3611501953125 0.48044589843749996 0.36507735937499997 0.480317196875 0.368555 0.4810920484375 0.37096978125 0.48079765312499995 0.3723938359375 0.48043779531249997 0.37306255781250003 0.47976288125 0.3736625265625 0.48025621718749995 0.37514619374999997 0.48025502812500004 0.37678499374999996 0.48001911249999996 0.38015026406249997 0.4797246890625 0.3804617015625 0.480451875 0.3818586671875 0.4805712 0.3829312375 0.47990487187499997 0.3842248890625 0.4798293359375 0.384519128125 0.4805392046875 0.38582991718750004 0.48074919843749997 0.3899928765625 0.47921020312499996 0.38904278593749997 0.47842596249999997 0.3858224171875 0.47820736718749995 0.383833765625 0.47815549218750003 0.38196613125 0.47850083125 0.37630179375 0.47879876875000005 0.371776075 0.47905982968750005 0.3694113015625 0.47908321093749995
0 0.4449246859375 0.4779835375 0.443791475 0.478136009375 0.44260081093750003 0.4780441203125 0.44110608281249997 0.4787614984375 0.438769146875 0.47933611249999997 0.44265957499999997 0.47936119843749997 0.44292945625 0.4798285171875 0.44650649062500003 0.479910821875 0.451661521875 0.478165828125 0.45301317812499997 0.4777134890625 0.4509622078125 0.4775588421875 0.44868510625 0.47775963125 0.4466864140625 0.4777901953125 0.4449246859375 0.4779835375
0 0.5467500328125 0.4770914171875 0.549049428125 0.4773247125 0.5503148671875 0.47726732812500006 0.5515393343749999 0.47690297187499997 0.5516846640625 0.47630521875 0.5491083 0.476025575 0.54570635625 0.47608009375 0.545438334375 0.47644076249999995 0.5467500328125 0.4770914171875
0 0.4850599421875 0.4786615375 0.4842702484375 0.47825851718749995 0.48181170624999997 0.47885945625000004 0.4818567984375 0.479661703125 0.48361484531250004 0.479802765625 0.48485858750000005 0.47992765468750004 0.486055840625 0.478911628125 0.4850599421875 0.4786615375
0 0.5234636874999999 0.4707530859375 0.52467463125 0.47041344062499996 0.524684796875 0.4713363796875 0.5256982640625 0.4716617875 0.527391040625 0.47111059375000003 0.5296250109375 0.47061400000000003 0.5319751968750001 0.47013704062499995 0.5335793468750001 0.4696484953125 0.53218761875 0.469194628125 0.5307689 0.46902387812499996 0.528387178125 0.46924793593749997 0.52856784375 0.46853416093750005 0.5254757046874999 0.469171709375 0.5229215125 0.46973709843749994 0.522417903125 0.47036306093749997 0.5234636874999999 0.4707530859375
0 0.5812119296875 0.458548553125 0.58200763125 0.459307090625 0.5844903312499999 0.4593408375 0.5851516921875 0.45933473437499994 0.586138865625 0.46036355 0.5891677375000001 0.4607777046875 0.591045078125 0.4606150265625 0.596858234375 0.4591496765625 0.600334371875 0.458742034375 0.6006262718750001 0.4597658015625 0.609071078125 0.4577957296875 0.612246859375 0.4573971125 0.6153023578125 0.4569682390625 0.6172359125 0.456497928125 0.6185611921875 0.45556480937500005 0.6200253453125 0.45539436406249995 0.62399050625 0.4554489859375 0.623586065625 0.45457308906250005 0.6237452265625001 0.45427684062499996 0.623873925 0.4533276359375 0.6228577140625 0.45306050000000003 0.6184737640625 0.4527727421875 0.6171194156250001 0.4521007234375 0.6190911031249999 0.45181529375 0.6210472265625 0.451531225 0.6214698578125 0.4508401984375 0.6207139015625 0.45062558125 0.6181961796875 0.45040668124999994 0.6156770578125 0.45010007031250004 0.6133098140625 0.45005935937499997 0.6101019437499999 0.4509517140625 0.607917178125 0.4517059375 0.6080723203125 0.45226015 0.60768994375 0.45317821875000003 0.60492400625 0.45327747656249995 0.602915278125 0.453014046875 0.6011150890625 0.4527857 0.5989088265625 0.4532045828125 0.596890340625 0.4538156421875 0.5958853265624999 0.454375678125 0.5928831390625 0.454893996875 0.590624578125 0.4550915953125 0.5898237921875 0.45495618593750003 0.588822015625 0.45485404531249995 0.58594398125 0.45542894531250006 0.5836357624999999 0.45604496250000004 0.58238388125 0.4564007375 0.5808834765625 0.4568739328125 0.5805799984375 0.45763609531249994 0.5812119296875 0.458548553125
0 0.81995368125 0.45529094218750005 0.8176579531250001 0.4543107359375 0.8139879625 0.45506628437499996 0.8156991093749999 0.45598 0.81995368125 0.45529094218750005
0 0.7253238671875 0.44066877031249996 0.7225013234375 0.441483496875 0.7203701421875001 0.4420793203125 0.7239669265625001 0.4421363703125 0.7278555828125 0.442266696875 0.7307067796875 0.44213802187500006 0.7330855296875 0.441539359375 0.73653520625 0.4411340328125 0.736210475 0.44073895625 0.738401915625 0.43993552812500003 0.7358320875000001 0.43973059843750006 0.733852365625 0.43979871406250004 0.7320455765625 0.43988934375 0.7300328203124999 0.43968743593750004 0.7280852375 0.44012289843749997 0.7253238671875 0.44066877031249996
0 0.68867128125 0.4504144015625 0.6875140562500001 0.4509736375 0.689717778125 0.45151174374999997 0.691205725 0.45166702656249996 0.6933888328125 0.451234484375 0.6957232062500001 0.4502899375 0.69440091875 0.4499664515625 0.6927650187500001 0.4500562453125 0.69077885625 0.45023001249999994 0.68867128125 0.4504144015625
0 0.81813550625 0.43497522499999997 0.8216879734375 0.436210934375 0.8238200953125 0.4367553046875 0.8279141234375 0.436436334375 0.829106271875 0.4361328390625 0.834507140625 0.4359787234375 0.8367678281250001 0.435321378125 0.84092725625 0.4345308515625 0.84385539375 0.43373982499999997 0.845983540625 0.4330376109375 0.8495890265625 0.43265629531250005 0.8482086625 0.433730690625 0.850631040625 0.4343657328125 0.8543757718749999 0.434679615625 0.85881913125 0.43430185000000004 0.8618914140625 0.43451301249999996 0.8630121531249999 0.43432555781250004 0.8650109921875 0.4334182078125 0.8681992453125 0.432929096875 0.8719288984375 0.433142346875 0.8750718734375 0.43290658437499996 0.8789658109375 0.4322726046875 0.8827116421874999 0.43159511874999995 0.8875929296875 0.4301454203125 0.8933737875000001 0.428777003125 0.8896211953125001 0.4285704640625 0.8878466062499999 0.42863474999999995 0.88440528125 0.4288307390625 0.8816670468750001 0.42922871875 0.8782914265624999 0.42940484375 0.8755072421874999 0.42929552343750005 0.87325913125 0.4294153515625 0.8710659828124999 0.4298048546875 0.8677194281249999 0.43029526718750005 0.8650035687500001 0.43076971249999996 0.8628211640625001 0.430869678125 0.8603402156250001 0.43069461562500005 0.8576455859375001 0.430999378125 0.8579648859375 0.4299519375 0.8560908703125 0.43026019218749995 0.8529650156249999 0.4307454125 0.8498379984375 0.4308229328125 0.8497786171874999 0.430646184375 0.8493271265625 0.4300034015625 0.847795421875 0.42990370625 0.844449184375 0.42984199062500006 0.8424832171875 0.43006731875000004 0.839570725 0.43062484218749997 0.8359686749999999 0.43174460625 0.8355417031249999 0.4308800921875 0.8338925937500001 0.43081889999999995 0.8309392859375 0.4311070828125 0.8301119343750001 0.4315464875 0.8287323265625 0.431231153125 0.8241399390625 0.4322540484375 0.8248440421875 0.43257515468749996 0.8213544234375 0.432828696875 0.8184690140624999 0.43353442500000006 0.8152849796874999 0.43432274375 0.81813550625 0.43497522499999997
0 0.882133925 0.4405529953125 0.8836794937500001 0.4397354921875 0.8834910984375 0.4391418390625 0.881285521875 0.439192071875 0.8742033078125001 0.44053004375000004 0.8721435124999999 0.4413501875 0.871851071875 0.4417365203125 0.873206978125 0.44228292500000005 0.875901740625 0.44223067499999996 0.8793390265625 0.441432746875 0.882133925 0.4405529953125
0 0.8752417734375 0.436157271875 0.876167525 0.4368605125 0.8790836984375 0.4376358640625 0.8816333375 0.43703636718750005 0.8829767453124999 0.43659729843750006 0.8835505765624999 0.43578795625 0.882950790625 0.434740934375 0.8752417734375 0.436157271875
0 0.9170431453125 0.42283835937500003 0.9194550609375 0.42288770937500003 0.92143966875 0.4227140796875 0.9231689843750001 0.422275753125 0.9243343171875 0.42220360156250003 0.9239275421875 0.4212651703125 0.92176601875 0.4210480453125 0.919158675 0.4211851875 0.9156175890625 0.4216392921875 0.915562303125 0.42242365781249996 0.9170431453125 0.42283835937500003
0 0.935114871875 0.42330257031249996 0.9340966999999999 0.4243217515625 0.9363070062500001 0.424128375 0.9401685593750001 0.4243253796875 0.9442639375 0.42335851562500004 0.9466877031250001 0.4234178078125 0.9497149500000001 0.42306041875 0.9521301921875001 0.4232553453125 0.954275084375 0.42312102031250004 0.957225246875 0.42238453125 0.9594794703125 0.421922240625 0.96406608125 0.42072575156249997 0.9676966296874999 0.42012893125 0.9690927109375 0.41934175937499996 0.9695670765625 0.418704240625 0.970717671875 0.41776444531249995 0.970371665625 0.41642701249999997 0.9691403796875001 0.41592460156250005 0.96763380625 0.4163810828125 0.9636628765624999 0.4171927609375 0.9640111390625 0.4167811546875 0.96308683125 0.4157358609375 0.9604853 0.4163696984375 0.9565210421874999 0.417257646875 0.9526978125 0.41773172968749994 0.9487582890624999 0.418167365625 0.946639375 0.4180249359375 0.9434231203125 0.41880352656250003 0.9396472625 0.41978321718749995 0.9392764828125 0.420493234375 0.9382711609375001 0.420852534375 0.9338937140624999 0.4218581921875 0.9312418625 0.42281326406249997 0.9359505499999999 0.42299418749999995 0.935114871875 0.42330257031249996
0 0.9648299171874999 0.4209945765625 0.963044696875 0.42181579375 0.9620877515625 0.4231762484375 0.9589201562499999 0.42420624218749997 0.9607445468750001 0.42463950937500006 0.9626920234374999 0.42502750312500004 0.96608686875 0.42473049218750003 0.9703579828125 0.42371060937499994 0.973977053125 0.42303637031249997 0.975887909375 0.42366911093750004 0.9805618718750001 0.4233276359375 0.9851930953125001 0.42215704374999996 0.9949345484375 0.42027115625 0.99486795625 0.4195100015625 0.9946526546875001 0.41704908906249993 0.9927811375 0.4167046421875 0.98857184375 0.4171403515625 0.9856986437499999 0.4169996078125 0.9812043218750001 0.41788844531249997 0.97752195625 0.41866389843749996 0.9725987875 0.41936596562500006 0.9682619671875001 0.420280234375 0.9648299171874999 0.4209945765625
0 0.9817788828125 0.3920603984375 0.98498739375 0.391354634375 0.9898735265624999 0.389852753125 0.9921484250000001 0.3884256140625 0.9892370015624999 0.38921047343750004 0.9847126671875 0.38914673906249997 0.9800191109374999 0.3895510984375 0.9741062656249999 0.39025348437499996 0.9707264203125 0.39075778906249997 0.9817866343749999 0.3879001421875 0.980875671875 0.387007390625 0.9778864859375 0.3871544125 0.9737616671874999 0.3882508984375 0.976381053125 0.38656619375 0.9741863437499999 0.3856649828125 0.9705909937499999 0.386144225 0.9673326843750001 0.385850525 0.96225933125 0.386162634375 0.9577967046874999 0.3869655703125 0.9542951531250001 0.38769226562500003 0.9470682375000001 0.3892766 0.9421554515624999 0.390420065625 0.93765708125 0.39145983125 0.9357683874999999 0.3924249890625 0.9378379125 0.3932399078125 0.935296346875 0.393877909375 0.934081428125 0.3947637296875 0.9365013140625 0.3955495640625 0.9344331718750001 0.3963280890625 0.9324864749999999 0.39754457187500003 0.9351371437499999 0.39793848593750003 0.9331540796875 0.39936675781250003 0.9405548343750001 0.3986220296875 0.9444242171875 0.3980121578125 0.948435159375 0.398249421875 0.9474377078125 0.399290315625 0.9411842968749999 0.39934491875 0.9327534015625 0.399591596875 0.9295539937499999 0.400491053125 0.9288847625000001 0.4014828421875 0.9249978999999999 0.4026996734375 0.9228450234375 0.40347776875 0.9245521046875 0.4043808609375 0.91789481875 0.40501819531249994 0.9182338296875001 0.4038733546875 0.91448915 0.40404412343749996 0.9113031140625001 0.40463028593750006 0.9098343249999999 0.403456959375 0.9096124828125 0.402965046875 0.9102434828125 0.40185896874999993 0.905432965625 0.4028805578125 0.899435025 0.4044389296875 0.8960589062500001 0.40572086875 0.8915439828125 0.406302521875 0.887677578125 0.40678508750000003 0.8853263968749999 0.405762678125 0.8837590421874999 0.406080178125 0.8813135078125001 0.40747519062500004 0.8742126125 0.4072729921875 0.871815115625 0.4071016078125 0.8667423140625001 0.4084598375 0.8612959312499999 0.408936334375 0.8616462484375 0.40754425625 0.8597659109375 0.40779816718750006 0.8564641453125 0.40838817968749996 0.8513743546875 0.41000041875 0.8440591109375 0.4109337234375 0.8408364203125 0.4113160546875 0.8403626546874999 0.41219349687499995 0.843468946875 0.4124706953125 0.8308941140625 0.413111290625 0.8290626609375 0.41430043593750004 0.822076928125 0.41455399843749996 0.8196464625000001 0.41500974843750005 0.814742390625 0.4148365078125 0.815007946875 0.4140353140625 0.81162988125 0.4136815109375 0.804613815625 0.41557834375 0.8010610609375 0.415719775 0.795520034375 0.41653079374999996 0.7965753890625 0.4172274015625 0.7948882 0.41746598281249997 0.791765840625 0.418546915625 0.78810535625 0.42012821562499997 0.7710502609375001 0.4223920296875 0.7599765609375 0.42367925156249997 0.7463601921875 0.42505404062499996 0.7400503031250001 0.4262021015625 0.7304884281249999 0.42711080625 0.74105913125 0.42556017187500006 0.741646915625 0.424641384375 0.7368340953125 0.4245072125 0.7348034984375 0.424226875 0.7341515875 0.42303227187500003 0.7316980046875 0.42379746406249996 0.7225270828125 0.4242625953125 0.719576446875 0.4238463015625 0.7100030187499999 0.42453329531249995 0.7071957015625 0.4241954328125 0.70242945625 0.4244681265625 0.6981454421875 0.42541228281250004 0.6938284718750001 0.42610523125000005 0.6901299859375001 0.42608688125 0.677818834375 0.4285222609375 0.6732487546875 0.42872446406250003 0.6691207718750001 0.429085615625 0.66467621875 0.4301489046875 0.6637172140625001 0.43132446093750004 0.6556249703125 0.431157234375 0.6510868125 0.43195736875 0.6480322921874999 0.43359858281249997 0.643791934375 0.43339237031250005 0.6379471624999999 0.43291872343750004 0.6338637078125 0.4341653 0.63382013125 0.43520900781250005 0.6305422265625 0.4352291484375 0.6277173375 0.43506692343750003 0.625325646875 0.4341013859375 0.6193975968750001 0.435616 0.6169614375 0.4354150609375 0.613580446875 0.43567321718749996 0.610247903125 0.43591144843749996 0.6052355375 0.43713577656249997 0.6011775593750001 0.437669609375 0.5973315718750001 0.43759671874999995 0.593228084375 0.43807650000000004 0.5895076218749999 0.4389901734375 0.585762340625 0.4390464984375 0.5817257140625001 0.438999696875 0.578035134375 0.440111521875 0.5726336015625 0.4404194046875 0.5793980921874999 0.43837205 0.5795485453125 0.437223315625 0.576102121875 0.437378971875 0.577115015625 0.43508038281249994 0.5740206640625 0.435369925 0.5725849984375 0.435274375 0.5752984 0.43360654062500004 0.56682700625 0.43624083281250003 0.563568378125 0.43675021562499994 0.56279219375 0.43757726249999995 0.56010535625 0.43879575937500004 0.5566609609375 0.44022953906250006 0.5610297375 0.44023630156250004 0.5578337546875 0.4410852671875 0.553740021875 0.441066990625 0.5488362921875 0.441543065625 0.5460511859375 0.44199690468749997 0.542085659375 0.44330060937500004 0.5417547453125 0.44414359687499994 0.5319203875 0.445810184375 0.527554509375 0.44590825624999997 0.5234114859375001 0.44636639999999994 0.51770174375 0.44770506875000005 0.51380966875 0.44879060312499996 0.5116443640624999 0.4492294296875 0.5071474890625 0.45041179531250003 0.504065875 0.45124134375 0.49534797812500003 0.4508967234375 0.49189773125 0.4518871375 0.48881761875 0.4524828546875 0.4862262140625 0.452174725 0.482684834375 0.45296607499999997 0.47843278125 0.45278755000000004 0.4781544140625 0.4525280109375 0.47918892656249995 0.45182109375 0.47435220625 0.452310128125 0.47308956562500004 0.4526684125 0.47071302187499997 0.454367946875 0.4669212546875 0.45469968437499997 0.45837181875 0.45757136875000004 0.45256176875 0.4578710765625 0.45274772968750004 0.4568055015625 0.4492434546875 0.457501065625 0.444477428125 0.4590849796875 0.43917074375 0.4597061015625 0.4405045296875 0.458475796875 0.439261471875 0.45798225937500003 0.43743078593750007 0.45844513750000004 0.43416444531250004 0.459475928125 0.43221696718749997 0.45921341250000003 0.43106196875 0.45899135781249994 0.4280209109375 0.45908331562500004 0.425475575 0.4593734484375 0.4201350625 0.46104212968749997 0.41878594218750004 0.46091391249999997 0.42089855 0.4594962671875 0.420691965625 0.45867677812499996 0.419448296875 0.458821659375 0.416111734375 0.46016130781250003 0.4141466140625 0.459428228125 0.41138193593750005 0.4601155515625 0.4084722828125 0.4607951671875 0.40343868125000004 0.46102380781249996 0.399694721875 0.46127450625 0.39693024375 0.4613187390625 0.393011465625 0.4614357296875 0.3896396828125 0.461315078125 0.38912219531250003 0.4606529734375 0.3871824296875 0.46141085625 0.3847244484375 0.4623050484375 0.385047715625 0.463006103125 0.38873519375 0.462683490625 0.3908406515625 0.46208050624999997 0.3879797125 0.46337070156250004 0.38708102968749997 0.4640704390625 0.3859422890625 0.46451826562500004 0.3836012703125 0.46466975 0.381990584375 0.46508358125000004 0.378679921875 0.466127659375 0.3746902171875 0.46676060625 0.3722638359375 0.46738853125 0.37052805625 0.4682728671875 0.37669108906250004 0.4684222296875 0.37822372656250003 0.468622225 0.3793971265625 0.469215965625 0.3777208734375 0.46940026250000005 0.364763275 0.47086485156249996 0.3625222640625 0.471227171875 0.36077294375 0.47184919062499997 0.35967538593750004 0.47133351093750003 0.3573418953125 0.471642753125 0.3542960234375 0.47261190624999994 0.35186315625 0.47377524531250004 0.3551965703125 0.47403100625 0.3525736609375 0.475836790625 0.3546140453125 0.47606765156249997 0.35708538437500004 0.4761149390625 0.35947510781249997 0.4755341390625 0.3621872265625 0.4754113578125 0.36543829843750003 0.4755864859375 0.3674874265625 0.4753256515625 0.3700338484375 0.47542440468749997 0.3699150328125 0.4763790171875 0.37146851718749996 0.475938821875 0.373436553125 0.475145528125 0.37656367031250004 0.47487194062500004 0.379797375 0.4744541390625 0.3818324171875 0.473924759375 0.38318729375 0.474441453125 0.38856400468749996 0.4736526515625 0.3933648796875 0.4737219921875 0.3958133390625 0.4735077796875 0.40040464375000007 0.4735123265625 0.401978690625 0.47330717031249997 0.406380925 0.47233384999999994 0.409489521875 0.47184857031250005 0.412347840625 0.4716220265625 0.41468823125 0.47194741249999994 0.416631184375 0.47145902656249994 0.419762240625 0.470441640625 0.422440959375 0.46973987968750003 0.425298565625 0.46893149687499996 0.42747041093749993 0.4683164296875 0.430392246875 0.467256178125 0.4332587109375 0.46604706093750004 0.4344366828125 0.4649182234375 0.43307060937499997 0.4635743578125 0.42989574218750004 0.4640372015625 0.426434340625 0.46389615937500006 0.43925801875000003 0.4622095828125 0.446373946875 0.4612748953125 0.4448299859375 0.4609096328125 0.4497182421875 0.46099171875 0.445910121875 0.46226596718749996 0.44408571406249997 0.46321295312500005 0.44555381875 0.46296217031250003 0.4501337625 0.4628547796875 0.4528201765625 0.4630118671875 0.454599975 0.4632043546875 0.4576271421875 0.462953628125 0.4605585578125 0.46298889687499994 0.4656729140625 0.4621414890625 0.46677022187499995 0.4624391734375 0.47145095000000004 0.4624798125 0.4743662015625 0.46215104374999993 0.47560244375 0.4614013828125 0.47845119843750006 0.4604918234375 0.479802515625 0.46080649687499997 0.48397242656249995 0.4605122578125 0.48716423437499995 0.46060160000000006 0.48866998749999996 0.4603867359375 0.4904446796875 0.45962447187500005 0.4918867890625 0.45948889375 0.4959959953125 0.4590744875 0.49883802499999996 0.4592712875 0.4988587015625 0.45972276562500003 0.49914263124999997 0.46026100625 0.5006937687499999 0.460762096875 0.5020503625 0.4608143734375 0.5048736984375 0.46060030156250004 0.5062965609375001 0.46080049062499995 0.508123228125 0.46131355 0.502515609375 0.4613634140625 0.49807105625 0.46242670312499995 0.49629907500000003 0.4625566359375 0.49239045781249996 0.46397299687500004 0.4910599359375 0.46407528593749997 0.489422403125 0.464020925 0.4860728703125 0.46463864375 0.48703163906249997 0.46545035781250005 0.4855178484375 0.4658243421875 0.4843673875 0.46701664843749996 0.48668408124999996 0.46707119218750004 0.48725363593750004 0.467772659375 0.48798911875 0.46843451406250003 0.48982761718749995 0.46879596562500003 0.49072553125 0.4690734515625 0.4917214953125 0.47047165468749996 0.4941888578125 0.47106511875 0.49602998125 0.47165376875 0.5009584359375 0.469936440625 0.506423503125 0.4689564 0.5151067031250001 0.46639454843749995 0.516642246875 0.46594651093749995 0.5147757109375 0.4655514375 0.514596225 0.46516718125 0.52113483125 0.46394421250000006 0.5256783734375 0.46360003125000004 0.5281603484375 0.46418123749999995 0.530201409375 0.46479631250000003 0.53667711875 0.462890290625 0.5365551749999999 0.4617653875 0.535242059375 0.46073999375 0.5338269015625 0.460520309375 0.5303524109375 0.4599428078125 0.5305892140624999 0.458777109375 0.5325509234375 0.45830590468750004 0.533568909375 0.45821684218750003 0.536857925 0.4582161203125 0.538014046875 0.45889920625 0.538755446875 0.45935977968749997 0.5381747640625 0.46039558124999996 0.5399728796875001 0.4615683265625 0.5414134500000001 0.4615944359375 0.5436445921875 0.4616392109375 0.5458536421875 0.46085776875000006 0.5486143718750001 0.46012530625 0.5496442906250001 0.459563090625 0.5518166171875001 0.459347940625 0.555164665625 0.45925108281250004 0.5573716046875 0.459216415625 0.559879584375 0.45892955312500006 0.5621579750000001 0.45834908125 0.5646665953125 0.458248809375 0.56703115625 0.4580795796875 0.568670465625 0.4575267890625 0.570998765625 0.45674589218749995 0.57322719375 0.45588119374999997 0.5751777 0.455084728125 0.57620625625 0.45450694687500004 0.576528784375 0.45367567343750004 0.5736551328124999 0.453834546875 0.570686225 0.4536755109375 0.5698579500000001 0.45313627343749996 0.570382165625 0.45244106406249995 0.5727486703125 0.45249125 0.57625996875 0.451893884375 0.579172690625 0.4515182828125 0.581616253125 0.45087160156249995 0.584004121875 0.4507536609375 0.5881979687500001 0.45015931875000004 0.5909159703125 0.44951215468749994 0.59411325 0.4490724453125 0.5979965390624999 0.44903384687500003 0.60035534375 0.44860161875 0.6043264828125 0.4481867453125 0.6072823484375001 0.447228603125 0.6089721328125 0.446392209375 0.6097539578125 0.4457372015625 0.6114712078125 0.4453940390625 0.6143521015625 0.4448518265625 0.6150528359375 0.44366436093750006 0.6136541156249999 0.44393730624999994 0.6114438734375 0.44348603593749997 0.605537209375 0.442950359375 0.598162159375 0.443540696875 0.619568465625 0.44083189375 0.6220898499999999 0.44068031406249997 0.6249459484375001 0.4407331515625 0.6276610796875 0.44093164375000005 0.626468321875 0.44187355781250004 0.6280401453125 0.44219874062500003 0.6292230828125 0.44239952968749996 0.628025171875 0.44306741250000004 0.6296365328125 0.44328875312499993 0.633710740625 0.4424743140625 0.636654925 0.4420818421875 0.640176253125 0.442405859375 0.63882841875 0.443816196875 0.640768821875 0.4433703828125 0.6439301828125 0.44309380000000004 0.648932871875 0.442511821875 0.6512443546875 0.44230959375 0.654454296875 0.4423910765625 0.657307015625 0.4419391640625 0.6607369249999999 0.44139754218749994 0.6645900640625 0.440404815625 0.6680268921875 0.4405338921875 0.6695678218750001 0.440541809375 0.6721359046875001 0.44013518906250004 0.6748780828125 0.44015878124999996 0.6764336156249999 0.44090730625 0.67836541875 0.440452834375 0.680496075 0.43976137968750006 0.68351026875 0.43916515624999997 0.686351915625 0.438765971875 0.6890398171875 0.438151240625 0.69341029375 0.43740655781250004 0.6968269312500001 0.437107640625 0.700329178125 0.436801234375 0.707998971875 0.4353130421875 0.710882865625 0.43442864062500003 0.7134432890625 0.433360796875 0.7155729656250001 0.4332497609375 0.7183448984374999 0.43284255937499994 0.7210524875 0.43247078749999995 0.7243242484375 0.43209357343750004 0.728602240625 0.43204867656249996 0.7326383015625 0.4321786546875 0.733742946875 0.43227336406249994 0.7355404921875001 0.43236391718749995 0.7385130281250001 0.43170389531250003 0.7418001421875 0.4313049484375 0.745186928125 0.43125646093750003 0.7480307140625 0.431060990625 0.7508146531250001 0.4305758828125 0.7553275546875 0.429881478125 0.7577125421875001 0.42994573125 0.760300915625 0.4297710375 0.7621877546875 0.4293942171875 0.7649864421875 0.428898409375 0.7691390375 0.428370415625 0.7688483796875001 0.42931496718749995 0.772088915625 0.4287601125 0.7751358328125 0.428358653125 0.77841335 0.4282444390625 0.777326671875 0.42910806093750004 0.7783134281249999 0.4292177890625 0.7837644109374999 0.42809468125 0.7871355359375001 0.4278671890625 0.7891255875 0.42800677656249997 0.7926309234375 0.42804045625000003 0.79233445625 0.428362834375 0.7896726609375 0.42945523281250003 0.7919283890625 0.43017543593749996 0.7958517765625001 0.43020077343749996 0.80035136875 0.42955145000000006 0.8054168125000001 0.43027835937500003 0.8057838703125 0.42995607968750005 0.8067263125 0.42920075312500006 0.8108415156250001 0.428478403125 0.8137471203125 0.42782423593749996 0.8183417453124999 0.426683509375 0.8203675640625001 0.42637138593749996 0.8222592921875 0.425387140625 0.824663765625 0.4246701609375 0.828277884375 0.4248715609375 0.830091540625 0.42484150156249995 0.83280274375 0.424905446875 0.8347081203125001 0.4247763921875 0.8372836984375001 0.4240789484375 0.840227396875 0.42366299375 0.8438821859375001 0.42334324062500006 0.847633521875 0.4229617140625 0.8530320218749999 0.4224219609375 0.8563262796875 0.42171026562499997 0.8599687015624999 0.42065755156250006 0.861927065625 0.4201301734375 0.8624663640625 0.4190336859375 0.86132740625 0.4181702921875 0.8637207046875 0.418078540625 0.86747589375 0.4175617890625 0.8711624796875 0.4168345890625 0.8757631124999999 0.41617485624999995 0.8796609828124999 0.4152989890625 0.8823142718750001 0.41450377656250004 0.8845685328125 0.4142391109375 0.8882921609375 0.41393529375 0.891731675 0.41389787812499995 0.893705540625 0.41376282968749994 0.8963913781249999 0.41333963437500004 0.8990275046875 0.412724728125 0.901154284375 0.4123833796875 0.9054159234375 0.4130300390625 0.9126912578124999 0.4123935296875 0.915138675 0.4114861453125 0.9180873171874999 0.4109474171875 0.9219807453125 0.4106303140625 0.9247764328124999 0.41047669375 0.924589246875 0.409610021875 0.9252756515625 0.40935234375 0.9283876421875 0.40978432187499997 0.9312026093749999 0.40974351249999996 0.9384339625000001 0.40822780468750003 0.9413838921875 0.40730939375 0.9442814953124999 0.40713744687500003 0.946745421875 0.4071179390625 0.9472102578125 0.40791326562499997 0.9504766484375 0.40749260468750004 0.9526317765625001 0.40726013749999995 0.9575261093749999 0.40680213906249996 0.9612560374999999 0.406767546875 0.96331685 0.407231890625 0.9661927046875001 0.4066320859375 0.97022903125 0.40559980625 0.9740789187500001 0.404982228125 0.976375421875 0.40460877812499996 0.9817409156249999 0.4030822109375 0.9855289718750001 0.402134390625 0.9897031437500001 0.40183507343749997 0.993339734375 0.40204235 0.993151125 0.39988652343750003 0.9928876140625 0.396874590625 0.9924876515625 0.392302990625 0.9918837078125 0.3923558296875 0.9840851687500001 0.39380666249999996 0.9804190859374999 0.3949116375 0.9797765265624999 0.39617243750000003 0.969888484375 0.39640073125 0.9764743375 0.394552515625 0.9795240671875 0.39319718125 0.9817788828125 0.3920603984375
0 0.900026675 0.4005883359375 0.8959385390625 0.4011718609375 0.893626734375 0.4023026515625 0.8916046609375 0.4035539609375 0.8927275546875 0.4038572484375 0.89675441875 0.403487690625 0.8989221765625001 0.40295140468749996 0.90078250625 0.40325761875 0.9047748421874999 0.4022244828125 0.90865318125 0.4011432859375 0.9122360046875 0.40039536406250004 0.9130180515624999 0.39900786250000003 0.9096830203125 0.3990204515625 0.9058850703125 0.399048446875 0.9017300578125 0.399871525 0.900026675 0.4005883359375
0 0.8259572140625 0.40639570156250004 0.829781228125 0.40702418281249997 0.8332230953125 0.40721085312499994 0.835452665625 0.406843259375 0.8370657250000001 0.406564109375 0.8419225906250001 0.4053910296875 0.8457411015625 0.4041817484375 0.8470964562500001 0.40355655468749996 0.8441275109375 0.4031998953125 0.8411905484375 0.40329843125 0.8369431578125001 0.4038723609375 0.832396828125 0.40457910156250004 0.8270470218750001 0.405693359375 0.8259572140625 0.40639570156250004
0 0.959386275 0.3679703734375 0.95866598125 0.369669303125 0.9593785968749999 0.3708585953125 0.9674294187499999 0.37076751093750004 0.9714631546874999 0.3700820890625 0.975223609375 0.3685140015625 0.9797890140625001 0.3670213578125 0.9812811546875 0.3662744046875 0.980343246875 0.36510952812499997 0.9767044234375 0.36439269531249996 0.971995234375 0.3656940171875 0.9685824453125 0.36635961875 0.9641060140625 0.36639521406250003 0.9613520781249999 0.3667929984375 0.959386275 0.3679703734375
0 0.9259365578125 0.3649162734375 0.92034345625 0.36656627343750003 0.9198207890625 0.367888734375 0.9225434171875 0.367545446875 0.9239380328125 0.367315209375 0.929018825 0.36647858125 0.9299257781250001 0.365801646875 0.9285549312500001 0.36490521249999996 0.9259365578125 0.3649162734375
0 0.8922837328125001 0.35968408749999997 0.89282986875 0.36140867656250003 0.8945907484375001 0.3622992203125 0.896621971875 0.3622281671875 0.8997092265625 0.3615706546875 0.9041652859375 0.3598679921875 0.9047602921875001 0.35865526875 0.902731990625 0.35836531875 0.898328584375 0.3581420015625 0.894019053125 0.358184953125 0.8922837328125001 0.35968408749999997
0 0.8373048125 0.368457640625 0.8365076406249999 0.37042523125 0.8431939421875001 0.3692411 0.8373048125 0.368457640625
0 0.931897896875 0.332372871875 0.9258161749999999 0.33394171093749997 0.923139615625 0.336550540625 0.9275935531249999 0.3365984734375 0.930161353125 0.33539980156250004 0.9365329687499999 0.33336172343750003 0.931897896875 0.332372871875
0 0.9379014625 0.27008604375 0.9320474843750001 0.269865725 0.9282397031249999 0.270498440625 0.9222869046875 0.2718019078125 0.9160983015624999 0.27385220781249997 0.9127108984375001 0.27324826562500004 0.9098941171874999 0.273698603125 0.9046031625 0.273603128125 0.9001298109375 0.27306439375 0.897130815625 0.2751430578125 0.8938264609375001 0.2758289734375 0.8868560578125001 0.276275684375 0.88331874375 0.2770776578125 0.8793025859375 0.2769600546875 0.874983921875 0.2759843 0.8710745765624999 0.276406315625 0.8678500703124999 0.27732365312499996 0.8625002625 0.2785633875 0.8589341968750001 0.278875378125 0.8558879609375 0.27928461875 0.853405775 0.28009936875 0.847760603125 0.28041915781250004 0.844066978125 0.28063565156250003 0.8395094625 0.281304159375 0.8372721750000001 0.2826950703125 0.8329538171875001 0.2838382890625 0.82426765625 0.28502171718749997 0.8192585671874999 0.2855305359375 0.813281446875 0.2870400328125 0.8109512359375 0.2863828109375 0.8051129375 0.2863775703125 0.8004300000000001 0.2854870140625 0.793796109375 0.285441584375 0.7839312921875 0.286329740625 0.7809069156249999 0.2858414734375 0.7734002828125 0.2860214046875 0.7660388375 0.2878966953125 0.7580500328124999 0.29072246874999996 0.7536210765625 0.292358453125 0.7487084312500001 0.29312704218749996 0.7449919859375 0.2933157328125 0.7489777828124999 0.2940006421875 0.746367065625 0.294798403125 0.736830596875 0.2944736390625 0.7327119640624999 0.2957483890625 0.729403015625 0.2964535296875 0.7269552265625 0.2958865859375 0.7224965546875 0.2963582296875 0.721523496875 0.29796477499999996 0.7180736750000001 0.2992468875 0.711308846875 0.3001430171875 0.703642025 0.3004640078125 0.70061830625 0.3001984078125 0.6963288453125 0.2994130203125 0.692627659375 0.299023178125 0.6858155859374999 0.3004190765625 0.681088446875 0.30092361875 0.6781692453125 0.3028745296875 0.6701498703125 0.3026617171875 0.670553728125 0.30166648125 0.667346478125 0.3010420734375 0.6620510734375 0.3021327484375 0.6574310703124999 0.303790153125 0.657002503125 0.302853628125 0.6525350015625 0.3030092140625 0.6495212375 0.303520703125 0.6496295875 0.30569139375 0.6457804625 0.3059591359375 0.6403750406250001 0.30607914375 0.63261820625 0.3084548625 0.6267698187499999 0.30933825625 0.6231975765625 0.31038639843750004 0.6158379203125001 0.31244347656250004 0.6133691921875 0.3120854015625 0.619154459375 0.3095841640625 0.62069491875 0.30818834375000004 0.6201092781249999 0.307016175 0.615164415625 0.30752408125 0.6116309015625 0.3078316546875 0.6086977171875 0.3093179546875 0.6019663515625 0.3088575671875 0.6006765109375001 0.30743488281250003 0.601669296875 0.3060179640625 0.5990070328125 0.305581146875 0.593715946875 0.306649484375 0.590189490625 0.307378359375 0.584232271875 0.3091511859375 0.5825795484375 0.3086542765625 0.57813135625 0.3080804046875 0.5755470093749999 0.308319053125 0.57069230625 0.3091045328125 0.5670043390624999 0.30978009218749997 0.5627068796875 0.3108932515625 0.560598421875 0.31171294843749997 0.559189859375 0.31346895625000004 0.557158225 0.3153281 0.5534022375000001 0.3158715859375 0.54782341875 0.317397996875 0.5454342390625 0.3181105 0.540952940625 0.3200804421875 0.5378722203125 0.3192708640625 0.5360663328124999 0.3188877375 0.532290234375 0.318771090625 0.5268309546875 0.3205881875 0.5220330640624999 0.3216823890625 0.5185580671875 0.32271261406249996 0.5129644828125 0.32408817343749996 0.507762290625 0.32572436250000003 0.50167440625 0.326774578125 0.499322628125 0.3269285734375 0.49377981875000004 0.32730685 0.4893008015625 0.327061915625 0.47980891249999996 0.329774509375 0.47556285468750004 0.3294135171875 0.47011420312499996 0.3309755921875 0.4666104640625 0.32897020781249997 0.46103211406250005 0.328565790625 0.45093672187499995 0.3303681453125 0.44106387343750003 0.3342480734375 0.43801373750000006 0.3353477828125 0.4369312328125 0.3370658546875 0.43314291406249994 0.3371322171875 0.42922438593749995 0.33567444218750003 0.42508029374999995 0.3361562078125 0.419337628125 0.337692246875 0.4166808046875 0.3396123609375 0.4114328921875 0.3391304125 0.407427409375 0.339618871875 0.4071517 0.338367828125 0.4051335515625 0.3366700734375 0.3993114734375 0.33892985000000003 0.39492034062500003 0.3406754546875 0.3911953078125 0.3431862296875 0.38418015781250003 0.343229053125 0.38140425312500004 0.342138715625 0.3788987828125 0.3424363390625 0.37573893593749996 0.3430170734375 0.3705676109375 0.3421018 0.3693212859375 0.3414454265625 0.36399709687500004 0.341597540625 0.3607459296875 0.3411165671875 0.3572226734375 0.34111111875 0.35903945312499996 0.341869725 0.3581485109375 0.34287306875 0.35530507031249997 0.3434669015625 0.350965096875 0.3446857296875 0.3435015421875 0.344802290625 0.3383061734375 0.3451360546875 0.335347975 0.3460316609375 0.323749184375 0.3461037734375 0.32325442031249996 0.345665540625 0.32029625781250004 0.3449660125 0.31790083125 0.3474357484375 0.315511303125 0.348000846875 0.31370984687500003 0.3462700171875 0.3092204703125 0.34499236875 0.30644002187499997 0.344907815625 0.3035711484375 0.345784628125 0.300508915625 0.3464054453125 0.29424583125 0.346725965625 0.2910653890625 0.346372125 0.2878477609375 0.34647168906250003 0.2835535859375 0.34778375625 0.2791153328125 0.3492417484375 0.2760317875 0.35051534375000004 0.273441459375 0.35147444375000003 0.2721804046875 0.352657603125 0.2739490328125 0.35309888749999996 0.2761742359375 0.3535598265625 0.27726214531250004 0.3538755859375 0.2801288921875 0.35345852031249997 0.28068226093750004 0.35401082968750003 0.28177612500000004 0.354197453125 0.28374345 0.3543641234375 0.28084180625 0.3558523703125 0.2793995125 0.35512530781249996 0.2765388765625 0.35545086718749996 0.273369940625 0.3561249359375 0.2696592375 0.356038640625 0.2669533140625 0.35533586562499997 0.264586721875 0.3562706859375 0.263075609375 0.3572310421875 0.260223071875 0.35892202968750003 0.2579790984375 0.3595732078125 0.25442653593750003 0.3599498921875 0.24605099375 0.3603093625 0.2419155328125 0.3613738421875 0.23538122499999997 0.3627893546875 0.233101759375 0.36210259843750003 0.2256117359375 0.3628488609375 0.226554190625 0.3609642375 0.22565311875 0.359574984375 0.22261839375 0.3588429421875 0.2221956046875 0.357954534375 0.22215869531250002 0.35624185937499997 0.22146965000000002 0.356110790625 0.2210090546875 0.355399790625 0.22370592656250002 0.3546007640625 0.2255548953125 0.35479504375 0.22727395781249998 0.3542933078125 0.230649975 0.3533329140625 0.23220227031250001 0.35307633437499997 0.2368847109375 0.3531544671875 0.2382797703125 0.353252 0.24174417343750002 0.352925378125 0.24404739531250003 0.3519474796875 0.24741303124999997 0.35029473125 0.2510573859375 0.3470052125 0.2488454515625 0.34655252187499996 0.24514919062499999 0.346003834375 0.24159016875 0.3463246203125 0.24331319062499998 0.344864203125 0.24228272187500002 0.34412934375000004 0.23948015156250002 0.345728125 0.23595677187500003 0.34446634375 0.231933221875 0.34419253906249997 0.2286457859375 0.34397824374999997 0.2226219890625 0.3436096609375 0.21880921406249998 0.3436295421875 0.2160036859375 0.3450152703125 0.2193703515625 0.3453104703125 0.22018440625000002 0.3455796078125 0.21596969375000002 0.34690354375 0.2123246921875 0.3488411 0.2086263859375 0.34852001875 0.2059702578125 0.3490676625 0.2021720890625 0.35124447812500004 0.2030193453125 0.3524847296875 0.2045340234375 0.3527662875 0.20249156406250002 0.3536053046875 0.20086015000000002 0.354624809375 0.19451741718749999 0.354196296875 0.19176456718749998 0.3548574890625 0.1883591578125 0.3551413078125 0.1853968828125 0.355111875 0.184425703125 0.3541224421875 0.18245585 0.3537834609375 0.1797425375 0.3544662890625 0.17808295937500002 0.354572271875 0.17581873125 0.355314625 0.1752225796875 0.3562811984375 0.17740530625 0.3570454328125 0.1737302453125 0.35716933125 0.1648591109375 0.357959571875 0.17088130625 0.3554234890625 0.1737889078125 0.35368063125 0.1731045390625 0.35292176406250003 0.1712514640625 0.35277019374999996 0.1687109421875 0.353975890625 0.1667029875 0.35415156406250003 0.1637423453125 0.3542662875 0.1525867046875 0.35456313281249996 0.1502870796875 0.3538969609375 0.14843461875 0.3528560140625 0.1445497296875 0.35344999062500004 0.1425691734375 0.35334721562500004 0.1423141078125 0.35197359375000004 0.1406682078125 0.352092496875 0.1395754328125 0.35358560781250004 0.1384791265625 0.3541599046875 0.136387321875 0.35524164687500004 0.13630090625 0.3559032578125 0.1386425953125 0.3566379 0.140901821875 0.35603557812500003 0.1436325984375 0.35612604375 0.143538515625 0.3568792984375 0.14486052656249998 0.357576103125 0.143720146875 0.3585071625 0.14228718906249999 0.359822996875 0.14194039375 0.361093996875 0.14005962031250002 0.3620600296875 0.137910421875 0.3627546765625 0.13553659375 0.363445446875 0.1330166734375 0.36495832968749997 0.1333687953125 0.365702346875 0.1349854515625 0.3656973640625 0.1356816515625 0.366304621875 0.13738985625 0.3658759859375 0.14023654218749998 0.36553439375 0.1428592953125 0.3653582609375 0.14493131718750002 0.3656459546875 0.148102284375 0.365873578125 0.1437007390625 0.368020053125 0.140917409375 0.367866740625 0.13725955 0.36788247812499997 0.1335909265625 0.3681516828125 0.1299533 0.36841660625 0.1251377515625 0.3686277359375 0.122301003125 0.36766663125 0.11984723906250001 0.36719274999999996 0.11739412499999999 0.3678198765625 0.1173795953125 0.3673490390625 0.11763426875 0.36554497812500003 0.1159659765625 0.3653003859375 0.11317855156250001 0.366104196875 0.11031434375 0.3674825109375 0.10775769375 0.36852179218750003 0.1034335015625 0.3677159171875 0.0987682828125 0.3675656953125 0.09629369531250001 0.3675171234375 0.0926628875 0.36852333437499996 0.08901138750000001 0.36712375937499997 0.0856461921875 0.3675624734375 0.083165203125 0.36756622031249997 0.0851129296875 0.3665049265625 0.0921069 0.36736739375 0.0971021734375 0.367095053125 0.09925863124999999 0.36617861875 0.10307570937499999 0.364182090625 0.1017018265625 0.3635556984375 0.098109890625 0.3631955109375 0.09523953125 0.36305138124999997 0.090081884375 0.3638163109375 0.0843588890625 0.363766475 0.0859543390625 0.3616725796875 0.087127865625 0.35981165625 0.0858473734375 0.35917709375 0.08079149375 0.35938415468749996 0.0692451859375 0.3588729125 0.0634537984375 0.35888395625 0.058542064062499996 0.36009320625 0.05650768125 0.3589270140625 0.05459089375 0.35987580937499997 0.048940865625 0.361126125 0.04695689375 0.3619882578125 0.0505005328125 0.36278243125 0.0485498234375 0.3643474640625 0.04114056875 0.3682220296875 0.0432954578125 0.36856050625000003 0.0475320234375 0.36863373125 0.0497258203125 0.36934523750000003 0.052231553124999996 0.3698035921875 0.05199775156250001 0.37050162656249996 0.0534255140625 0.370883328125 0.054972703125 0.3713392796875 0.056060217187500004 0.37231382968750004 0.0587095265625 0.372441225 0.0591561921875 0.3730467859375 0.06171226875 0.372718071875 0.06614630625 0.372502675 0.06742430625 0.3731625515625 0.0642807546875 0.37461079062499997 0.06435875156250001 0.37684687656250004 0.0656381265625 0.37806030156250003 0.070540765625 0.3776972515625 0.0742089125 0.378193503125 0.06954095 0.3797688375 0.0755306875 0.380877578125 0.07002245781250001 0.38073680468750004 0.06291481875 0.3800630875 0.060871735937500004 0.3808770640625 0.0652687703125 0.382103190625 0.069571184375 0.383323478125 0.0725032875 0.38453190312499996 0.076472403125 0.386047990625 0.0826260390625 0.38775723281249996 0.08588252187499999 0.387797 0.0899468765625 0.3876766859375 0.0937288890625 0.38784300625 0.09149396562499999 0.38845418125000003 0.091065659375 0.39031735 0.09234545937500001 0.3916969953125 0.10655401406250001 0.390816225 0.10698133125 0.3904118171875 0.108633528125 0.38914581406250004 0.112469940625 0.389539509375 0.115582225 0.389885196875 0.11805926093750001 0.3902127421875 0.1219174765625 0.3894752328125 0.126090890625 0.389023840625 0.1319314421875 0.38932375625 0.131372471875 0.39046431406250004 0.12161582500000001 0.39036585 0.115491809375 0.3915588203125 0.11325652343749999 0.3931518875 0.114862159375 0.3936842859375 0.1171728765625 0.39408284843749997 0.12199194375 0.39412706875 0.12173042812499998 0.3954047234375 0.1235741015625 0.395825325 0.12521184531250001 0.39615101406250003 0.1273592828125 0.3962250703125 0.1302579578125 0.395904025 0.13253671718749999 0.3955070328125 0.13520382343749998 0.394475340625 0.1387655890625 0.3940962828125 0.1379164546875 0.39545201093750004 0.13710116249999998 0.39629816406249996 0.1357036375 0.3974273875 0.13581451093750002 0.398479540625 0.13704398125 0.3995169578125 0.138309396875 0.399799934375 0.139626121875 0.399970196875 0.1423674828125 0.39998445 0.1449945 0.3996777609375 0.1476057734375 0.3996751640625 0.14570130625 0.400119403125 0.1447570359375 0.4007462734375 0.145170778125 0.40154920625 0.14639626249999999 0.40234386093749996 0.1482161453125 0.40231325625 0.150453284375 0.4020500875 0.14849779375 0.40314813593750004 0.1483888015625 0.40450184843750003 0.1546614546875 0.402820628125 0.1561587375 0.4014332890625 0.156000334375 0.4000888546875 0.1548350703125 0.3992654046875 0.1514602734375 0.39882348125 0.148151846875 0.40000068437499997 0.1469032296875 0.3991029671875 0.148090021875 0.39750125000000003 0.14978954375 0.39754705 0.152982675 0.3974543359375 0.1549777078125 0.3975432953125 0.15778936875 0.3973929828125 0.16116131875 0.396672921875 0.15882402499999998 0.3977275171875 0.15851176875 0.3989092296875 0.15991812968750002 0.3991359578125 0.16200732499999998 0.3983650015625 0.164556075 0.39723543906250003 0.165985425 0.3966492578125 0.168948478125 0.39507407968749997 0.1682342796875 0.3944762375 0.1661282890625 0.3939436984375 0.1633158921875 0.393727053125 0.1603548453125 0.3935861515625 0.15749054843750002 0.394031234375 0.1593149421875 0.3926717421875 0.16051166562500002 0.392061996875 0.16043535 0.3908311515625 0.1545227828125 0.3909092625 0.1495982609375 0.3907174203125 0.1507903453125 0.389140334375 0.15422935625 0.38891788437499997 0.15666577343750002 0.388583953125 0.15602783125 0.3876924109375 0.1540785046875 0.3873908453125 0.1610195421875 0.3856762453125 0.1654546109375 0.385490559375 0.1675244703125 0.3860403765625 0.169277221875 0.3864077609375 0.1759592734375 0.3860176484375 0.18196445156250002 0.38611965000000004 0.185403653125 0.3862579296875 0.1890939171875 0.3855727578125 0.1915264484375 0.3847999953125 0.1964672078125 0.3840838421875 0.198560178125 0.3831588453125 0.20314405624999998 0.38268409062500003 0.20521730312500003 0.38298579374999997 0.20865559218750002 0.38293436875000003 0.21226891874999998 0.3825351140625 0.212853946875 0.3810111390625 0.20991199531250002 0.3801204078125 0.20262054062499998 0.37983763593750003 0.204818871875 0.37887989375000003 0.209420834375 0.37753619375 0.21742115312500002 0.3769037 0.21599996250000003 0.378587096875 0.2180710515625 0.3787744890625 0.21954865781250002 0.3796004125 0.2210818140625 0.38039795 0.22413727031250003 0.3802733625 0.2278752328125 0.3803306078125 0.2298565109375 0.38026235625 0.2337490234375 0.3801319796875 0.2399461046875 0.38029404843750003 0.24652770624999998 0.3793653265625 0.24999633906250002 0.37845956875 0.25287623125 0.3769198984375 0.25445653749999997 0.3754954953125 0.2575635953125 0.375171903125 0.2590023796875 0.37489074843750003 0.2599918046875 0.3746724328125 0.2637693234375 0.37478738906250003 0.26665476875 0.374279284375 0.2679295859375 0.37416775156250004 0.2715081875 0.3733715765625 0.272074315625 0.3725817296875 0.27031807812499997 0.3724075703125 0.2662386203125 0.3728930921875 0.2645043921875 0.3724864421875 0.266655396875 0.37200965468749997 0.27001920625000003 0.371895734375 0.27305757656249996 0.37197026875 0.276719559375 0.37219885 0.2792269890625 0.37228219375 0.28224020312500003 0.3722663890625 0.2835855921875 0.37199340468750003 0.28550151874999996 0.37159051249999997 0.287925984375 0.3716936609375 0.2898464421875 0.371539759375 0.2913174953125 0.37033665781249997 0.28958693125 0.369308575 0.286167065625 0.369516803125 0.2883843421875 0.36906245000000004 0.2920129953125 0.369232778125 0.2976749890625 0.36962517031250003 0.30403407968749996 0.368860215625 0.307552334375 0.3691311734375 0.30781604375 0.3699582125 0.309234715625 0.37068420468749996 0.3111220078125 0.36975681250000003 0.315071590625 0.36927481093750003 0.3182843328125 0.369406240625 0.3252604046875 0.368414775 0.330140203125 0.3679878484375 0.3367220171875 0.3654122171875 0.3397951703125 0.364324609375 0.342261128125 0.3635395125 0.345237446875 0.36222353906250004 0.348909253125 0.360932984375 0.3528544453125 0.3598271171875 0.3550503046875 0.358805284375 0.3575104390625 0.35852731250000003 0.3619433546875 0.35772540625000004 0.3664245734375 0.35765488749999996 0.3691010625 0.3579853734375 0.3749727328125 0.355951821875 0.37233597343749997 0.3575455078125 0.3743214515625 0.3577403921875 0.3744102484375 0.3581278765625 0.368355071875 0.359085828125 0.3680357078125 0.36065243593749996 0.3700583890625 0.36068094375 0.374992490625 0.360301025 0.377769359375 0.360523915625 0.3812497640625 0.3594838078125 0.37946914375 0.361325696875 0.3834118953125 0.36098075 0.38728128906250003 0.3611598171875 0.39137206875 0.3608395625 0.39526544375 0.360163284375 0.40184562343749997 0.357568975 0.4033447671875 0.35688414687500003 0.40613409375 0.35647856093749997 0.40747509531250004 0.35545623125 0.41408165312499995 0.35513546093750004 0.41384940156249994 0.35633526875 0.41506817187499995 0.3573579375 0.4208863421875 0.354748734375 0.41949739218750004 0.3563524546875 0.42041305625 0.356151571875 0.42321378593750003 0.3556791125 0.42563926875 0.355399465625 0.4281512921875 0.3553381078125 0.4326153453125 0.355573371875 0.43651824375 0.35575891875 0.439156721875 0.3553680984375 0.4423790453125 0.3548022890625 0.446492321875 0.35402207343750003 0.448489465625 0.35336425781249997 0.44910024687499994 0.3524215 0.45696050781249997 0.3523753203125 0.465489503125 0.34885764531249996 0.46717216562499997 0.34978640156249996 0.476739728125 0.34991081875 0.485418340625 0.3469917578125 0.4887926359375 0.34699769062499997 0.492298496875 0.347127003125 0.49603816093750003 0.346432803125 0.500259665625 0.34669242499999997 0.50284975 0.3465552234375 0.5066888859375 0.34698005 0.5082800656249999 0.3475623359375 0.513170178125 0.34680512812500003 0.51506171875 0.34700195625 0.52475195625 0.347327384375 0.5270463171875 0.3471266546875 0.536465825 0.3444831296875 0.5400125234375001 0.34312509687500004 0.5403169296875 0.344632428125 0.5443078140625001 0.34456873125 0.54378620625 0.34520411093750003 0.542919909375 0.34674014531249997 0.543471228125 0.34777101875 0.5456374234375 0.34786225625 0.548812440625 0.3479389515625 0.5526848734375001 0.34772249843749997 0.5629567765625 0.3443879921875 0.5643394390625 0.3447203125 0.5662881015625 0.3451756453125 0.5688363140625 0.34533070625 0.5714030718750001 0.34510614375 0.575055859375 0.34458423437499996 0.57722106875 0.3440905203125 0.579172646875 0.343019478125 0.5798223625000001 0.3421093890625 0.5762241640625 0.341552121875 0.5714691484375 0.34155876093750004 0.5833748359375 0.33925766875 0.5871838796875 0.3389620640625 0.593271578125 0.338841965625 0.5991619453125 0.3386356140625 0.6017578718750001 0.33815283906250004 0.604406940625 0.3373093734375 0.607365728125 0.335990228125 0.61014961875 0.33631131875000003 0.614809434375 0.33609499062500003 0.6183196796875 0.33568279687499997 0.6204323656249999 0.3359512484375 0.620381221875 0.3368905296875 0.619380190625 0.3380697625 0.62127583125 0.33860031562500004 0.635588628125 0.3331383390625 0.6393879625000001 0.3329110265625 0.6427269859375 0.3325138125 0.646802084375 0.33210395937500004 0.6489367859375 0.3316380109375 0.6508404140625 0.3312738375 0.65324514375 0.33027294375 0.65276879375 0.329077096875 0.6497520828125001 0.32862266562500003 0.6557913984375 0.32621056406250004 0.660562953125 0.326124053125 0.6649384875 0.3255985140625 0.6643509109375 0.3270395828125 0.6662650390625 0.3273332484375 0.6723818890625 0.32512610625 0.675191584375 0.324971259375 0.67451271875 0.3263011125 0.677587453125 0.3264148140625 0.6798177828124999 0.32607381874999997 0.6834953515625 0.326211634375 0.6868843796874999 0.32579436093749997 0.68885993125 0.3244953625 0.6930483203125 0.32304981875 0.697293871875 0.32335125468750003 0.7016652765625 0.32320878125 0.7049106921875 0.32292484374999997 0.7086137796875 0.32217110625 0.7169525984375 0.319043365625 0.717328790625 0.31794703125 0.72029769375 0.3168152171875 0.7201903640625 0.3155525796875 0.7261176218750001 0.3153555484375 0.7290517984375 0.315619571875 0.7353720906250001 0.3132817015625 0.7371342750000001 0.3139541125 0.74014309375 0.313690875 0.74325015625 0.31299085 0.74647915625 0.31212487968749997 0.7518098765625 0.3110075875 0.7547981734375 0.3119977828125 0.757525965625 0.311050184375 0.762347171875 0.3093798828125 0.7670569546875 0.308945871875 0.7748937453125 0.3094381609375 0.7772223140625 0.3090368109375 0.7894339734375 0.3056972859375 0.796205965625 0.30606628593749996 0.80451115625 0.3052612515625 0.8117203953125 0.303008728125 0.8163091890624999 0.30133523281249996 0.8199496375 0.29936356875 0.8139488609375001 0.298756134375 0.8154384390624999 0.2973882921875 0.8171609546875 0.2961192734375 0.80923794375 0.29627289375 0.8108014453125 0.2942978609375 0.8157749703125001 0.29359766249999997 0.8208291750000001 0.29175797187499997 0.8238520781249999 0.291763278125 0.8243238359375 0.293103825 0.8268510687499999 0.2935210875 0.8329577953125 0.29342128437500004 0.8360617515625 0.29209414375 0.8387510140625001 0.29162045625 0.8405033421875 0.2932379484375 0.8413908749999999 0.2944903609375 0.8435208828125 0.2943651796875 0.8502773921875001 0.2942524453125 0.8569709921875001 0.29304414843750004 0.8631773125000001 0.291734184375 0.8648619640625 0.29220163593750004 0.8673786921875 0.2925884484375 0.8716581812499999 0.2924351953125 0.8718234734375001 0.29195803593749997 0.8754592562499999 0.2914031078125 0.8780337921875001 0.289887015625 0.8811817296875001 0.28777179375 0.8864319578125001 0.288154725 0.8901336875 0.2886762703125 0.8947479859374999 0.28903327968750003 0.8997274031250001 0.2885976359375 0.9036253890625 0.2879382078125 0.9078127421875 0.28683938750000004 0.9136997875 0.28444374375 0.9144204 0.2855272484375 0.917447671875 0.2863713046875 0.9213615234375 0.286664115625 0.9261734234375 0.2855686875 0.9339320546875 0.282621890625 0.938403096875 0.282506775 0.937283775 0.2829434921875 0.93252509375 0.28536432500000003 0.9279086890625001 0.2871704203125 0.9227216734375 0.28871117343749997 0.9207986968749999 0.289732659375 0.9166213421875 0.2910533265625 0.9141169890624999 0.2924393703125 0.9145653312500001 0.29455208437499997 0.9181800671874999 0.2951549578125 0.9208176390625 0.2957398046875 0.924083446875 0.29536624843750003 0.9268052296875 0.295730415625 0.9301999750000001 0.29575494999999996 0.9360121937500001 0.29635849062499997 0.9431534796875001 0.296538334375 0.9477638203125001 0.2959357859375 0.950411321875 0.29430351718750003 0.9560412734374999 0.29271616875 0.9622667625 0.29117709999999997 0.9677393265625 0.28965528125 0.9713823406250001 0.287928075 0.9818808390625 0.28472745312500003 0.9829671125000001 0.2834827296875 0.982873828125 0.2824164890625 0.9747249218749999 0.28273103593750004 0.9711790984374999 0.2822883890625 0.9641036703125 0.2825027453125 0.9697651984375 0.2811149671875 0.976890703125 0.2797339953125 0.9824937468750001 0.278072146875 0.982220159375 0.2749450296875 0.9815125640625 0.2668571734375 0.9811333015624999 0.26252217031249997 0.971003909375 0.2649219484375 0.9647207546875001 0.2661962859375 0.961213465625 0.26836333749999997 0.9544355609374999 0.269611946875 0.9545037484375 0.268652353125 0.9546540515625 0.266964078125 0.9438874453125001 0.2695921390625 0.9379014625 0.27008604375
0 0.9317613109374999 0.24239237187499998 0.927141665625 0.2433188390625 0.92482825 0.244090590625 0.9241964109374999 0.2454022125 0.9275219890624999 0.2451740015625 0.930270046875 0.24479868906250002 0.9320043453125001 0.24418425937500002 0.9336117906249999 0.24314175625 0.9364608359375 0.242271384375 0.935500934375 0.24187698124999998 0.9317613109374999 0.24239237187499998
0 0.9495329234375 0.16425551562500001 0.949457359375 0.165471415625 0.9515933296875 0.1662569921875 0.956018459375 0.16570672343749998 0.9571402921875001 0.1651552875 0.959487371875 0.16405121250000002 0.9593102874999999 0.16295936718749998 0.9577376125000001 0.1623017453125 0.9534632359374999 0.16278235937500002 0.9495329234375 0.16425551562500001
0 0.897340265625 0.147597265625 0.892137459375 0.1484555484375 0.8888948140625 0.1497571796875 0.8882682031250001 0.1516126015625 0.8885126203124999 0.155123409375 0.9029063015625001 0.1546734546875 0.8971505484375 0.152062040625 0.90245090625 0.15176300781250002 0.901979228125 0.148648515625 0.9001010265625 0.147438859375 0.897340265625 0.147597265625
0 0.8405151999999999 0.1628062078125 0.8414236515625 0.163813678125 0.84386663125 0.16475590625 0.84433360625 0.16562946875 0.8452301484375001 0.1684370125 0.8553523453125 0.1639470953125 0.85173686875 0.163353696875 0.8489796374999999 0.16276363437500002 0.8441520125 0.16240646718750001 0.8405151999999999 0.1628062078125
0 0.876660146875 0.159126340625 0.8751342203125001 0.15728200312500001 0.8733844265625 0.1567512375 0.8686865984375001 0.1564972140625 0.8635058953125 0.15730337187500001 0.876660146875 0.159126340625
0 0.8796275281250001 0.1601105234375 0.8763289796875 0.1600022875 0.8746662578125 0.1610762890625 0.8765886796875 0.16271968125 0.8779521671875001 0.16390849375 0.8868209546875001 0.16059949843750002 0.8854903453125 0.15976855625 0.8796275281250001 0.1601105234375
0 0.8666466406250001 0.1597671390625 0.8609681046875 0.1579128109375 0.860123534375 0.159966109375 0.8619426390625 0.16166559375 0.86240135625 0.161638009375 0.8666466406250001 0.1597671390625
0 0.9646046374999999 0.075678303125 0.9597335203125 0.076007225 0.9532175765625001 0.077722278125 0.9545827359375 0.0790019171875 0.9599438890625 0.07937985 0.9645417890625 0.0794418515625 0.9648843375 0.076795678125 0.9646046374999999 0.075678303125
0 0.961037559375 0.06920205 0.96108425625 0.070865246875 0.9620090796874999 0.0728845140625 0.9631150515625 0.0743389703125 0.9647019921875 0.0747114515625 0.9639610328125 0.066242240625 0.9598360453125 0.064970353125 0.9577177953125 0.062881396875 0.955319240625 0.06327161718749999 0.9544012859375 0.0647729609375 0.957708778125 0.06541369375 0.96077504375 0.0660222046875 0.9632183937500001 0.06689695625 0.961037559375 0.06920205
0 0.8107150859375001 0.123983853125 0.81248923125 0.1234663203125 0.8152924796875001 0.122251753125 0.8169084859375 0.1210202859375 0.8193045703124999 0.12056597499999999 0.822993409375 0.1185916453125 0.8252861578124999 0.1181573546875 0.82710190625 0.11721896875 0.8271417515625 0.115774059375 0.8266418328125 0.1150617953125 0.8204896890625 0.1173316265625 0.8191083203125 0.11778499687499999 0.8191135140625001 0.1162129359375 0.81910251875 0.11474267499999999 0.8168683968750001 0.11482520624999999 0.8137741937499999 0.115779765625 0.81267315625 0.11662268437500001 0.8117526421875001 0.11725218281250001 0.8089310078124999 0.1167148109375 0.8074094468749999 0.11596017656249999 0.80562151875 0.1154954859375 0.8031570578125 0.1146304234375 0.7994103046875 0.11407831093750001 0.7972627296875 0.114002696875 0.794435665625 0.11535737187499999 0.7945120125 0.1171622734375 0.8003593265625 0.11834621406250001 0.8038946609375 0.1187944828125 0.801833225 0.12009785937499999 0.80042315 0.1212987625 0.7988800953124999 0.1235433515625 0.798189903125 0.1249588921875 0.7926519390625 0.12528498593749998 0.7893054234375 0.12738935 0.7931246875 0.1283758578125 0.7985836671875 0.128939721875 0.8038883953125 0.129228484375 0.8071431109375 0.12899706093750002 0.8089689484375 0.1288373203125 0.8061247171874999 0.127163215625 0.8050274359375 0.1262742171875 0.8044695374999999 0.1254729171875 0.8078407625 0.125049359375 0.8107150859375001 0.123983853125
0 0.7787461062500001 0.1252515203125 0.781504021875 0.125598409375 0.78541119375 0.124649578125 0.78874156875 0.123382621875 0.791887121875 0.1222620171875 0.793105384375 0.11989056406250001 0.7906536625 0.11956550937499999 0.7870822515625 0.121035496875 0.783753665625 0.1223587625 0.7801101640625 0.1241879625 0.7787461062500001 0.1252515203125
0 0.7332887296874999 0.129284990625 0.731987140625 0.12753081875 0.7273189312499999 0.126718965625 0.7335602890625 0.124088421875 0.7336569953125001 0.12368784531250002 0.7370494859375001 0.12162494531250001 0.7365672484375 0.1196626328125 0.7364025437499999 0.11817445 0.7355571890625 0.117332421875 0.7328290640625 0.1168778390625 0.730858359375 0.116080940625 0.7268997015625 0.1156524546875 0.724058184375 0.11488782500000001 0.722738446875 0.11439628906249999 0.72545994375 0.11255207656249999 0.7260698046875 0.1105051984375 0.725865365625 0.10926203593749999 0.7249124109375 0.1088215390625 0.72804639375 0.10706671718750001 0.72721096875 0.1056748578125 0.72445873125 0.10377939375 0.7205717296875 0.103578340625 0.7173647859375001 0.105198384375 0.7122005671875 0.10735825624999999 0.706385575 0.10932254062499999 0.70123548125 0.11157215000000001 0.6988373484375 0.11250502343749999 0.69387290625 0.11528107812499999 0.689294996875 0.1179574421875 0.6866840953125 0.11955984374999999 0.6816420828124999 0.12026603437500001 0.6798496328125 0.12034129375 0.6757980671875 0.11994446249999999 0.6707550312499999 0.11986807656250001 0.6693372281250001 0.12142883593750001 0.675861746875 0.12364832031249999 0.679269571875 0.12486217656250001 0.6825905859375 0.125603678125 0.6851882921875 0.12593007812499998 0.6840027875 0.1290703515625 0.685209646875 0.1302258125 0.6865890968749999 0.1307544734375 0.6787477125 0.132325121875 0.6757803953125 0.1341563328125 0.67952985 0.134954459375 0.6881273984375 0.1360389484375 0.69246081875 0.134583853125 0.6950311859375 0.133504159375 0.6992575765625 0.1317400296875 0.702721584375 0.1302794390625 0.7055923109375 0.128939765625 0.7079020265625 0.128466346875 0.7125969703125 0.1291535203125 0.715171946875 0.13000891406249998 0.7160050828125 0.130782996875 0.7231885328125001 0.1308352421875 0.7310094390625 0.130213740625 0.73339485625 0.13019325937499998 0.7332887296874999 0.129284990625
0 0.640138334375 0.11866473125000002 0.64614059375 0.11887678125000001 0.6522810921875 0.11928848125 0.655470353125 0.11916944062499998 0.656993509375 0.118203325 0.649209671875 0.11686413437500001 0.6504927015625 0.11499990468750002 0.6502638375 0.11428431718750001 0.6550407734375 0.11323743281250001 0.6551229140625 0.11204291562499999 0.6650597140625 0.1085353953125 0.6673145671875 0.10580347500000001 0.6712191203125 0.10233277656249999 0.66876738125 0.10172069218749999 0.6628669546875 0.10376617031249999 0.6563665953125 0.105515934375 0.6525836921875 0.1049450265625 0.6531707171875001 0.103999640625 0.6556558890625 0.10243019687499999 0.6544044125 0.10137431562500002 0.6475344562500001 0.10094330625 0.6447408796875 0.10368471406249999 0.6419673828125 0.10305215781249999 0.6377352953125001 0.10261779374999999 0.627948053125 0.10173934062500001 0.6227424921875 0.10174148125 0.621188165625 0.1027636515625 0.6251517484375 0.10482605 0.6277214421874999 0.106571228125 0.6273557359375 0.1077874171875 0.6236442390625 0.1090187046875 0.618874428125 0.111384046875 0.6127390640625 0.11633762968750001 0.61609753125 0.117256228125 0.6171206671875 0.11769215156249999 0.622530853125 0.116210296875 0.6275107234374999 0.1170168421875 0.6318079875 0.11771214375000001 0.6356903375 0.11807515625000001 0.640138334375 0.11866473125000002
0 0.6900976671875 0.0734744625 0.6892377468750001 0.075424015625 0.69012046875 0.0770517140625 0.6930683203125 0.07757961249999999 0.694465175 0.07723154374999999 0.7009936109375 0.0736693109375 0.6975372234375 0.07059165625 0.6934279109375 0.0717040390625 0.6900976671875 0.0734744625
0 0.5826984390625001 0.145347484375 0.58004436875 0.14633098125 0.57925875625 0.14814385000000002 0.580694940625 0.148836940625 0.585625503125 0.148291075 0.5895859578125 0.14648119843750002 0.5923827484374999 0.1450852546875 0.591943503125 0.14391910000000002 0.5892920765625 0.143373109375 0.586031246875 0.14407247031249998 0.5826984390625001 0.145347484375
0 0.5801313578125 0.157006209375 0.5816798109375 0.15575555624999998 0.5829308531249999 0.1539380421875 0.586583128125 0.1539839625 0.5879404703125 0.1531484203125 0.5844159624999999 0.15192751875 0.5814590125 0.150704015625 0.57709935 0.150012603125 0.5726575546875 0.14976284374999999 0.5690993921875 0.149663203125 0.56352594375 0.149565778125 0.55942798125 0.1501266359375 0.56042639375 0.15180381406250001 0.56532960625 0.1522720015625 0.5688308921874999 0.152707565625 0.572526334375 0.15349786875 0.5747111859375 0.1538023546875 0.5768063046874999 0.1538700109375 0.576493409375 0.156406934375 0.577726425 0.1571083890625 0.5801313578125 0.157006209375
0 0.570758475 0.153872121875 0.569107146875 0.153964834375 0.5667108296875 0.1543627015625 0.565333096875 0.15516238437500002 0.5651969625000001 0.1563851515625 0.5696943906249999 0.15612342968749998 0.5715586703125 0.154682025 0.570758475 0.153872121875
0 0.535730465625 0.1564426078125 0.536621384375 0.1575723828125 0.5392074171875 0.1579625421875 0.5413621328125 0.1581018390625 0.5439559015625 0.15737927812500002 0.54122574375 0.156023003125 0.5392327796874999 0.1553660765625 0.5364570015625 0.15515563906250002 0.535730465625 0.1564426078125
0 0.5953699703125 0.1517283046875 0.5910673515625 0.153194821875 0.58764471875 0.1554689640625 0.586978578125 0.1566753640625 0.5885615421875 0.157719496875 0.591850628125 0.15657221875 0.5941746140624999 0.1554372265625 0.59658115625 0.1541522796875 0.598945540625 0.15236754375 0.599579903125 0.1514791875 0.5953699703125 0.1517283046875
0 0.541691575 0.1547321796875 0.5445343234375 0.1551343859375 0.54917081875 0.1540778296875 0.5511677515625 0.1530232109375 0.5530437109374999 0.15280889375 0.5571463421875 0.15224762812499998 0.5565087359375 0.15084002968750002 0.5587292515625 0.1494725453125 0.5607186796875 0.147919809375 0.5617356453125 0.14692269375 0.55867175625 0.14607243125 0.5555852203125 0.146809871875 0.5521344453125 0.1480810890625 0.5480657578125 0.1493530375 0.5444160499999999 0.151093378125 0.54262519375 0.153158884375 0.541691575 0.1547321796875
0 0.5171807421875 0.1005325046875 0.5202868625 0.102152328125 0.5225927125000001 0.1029434328125 0.525364221875 0.1021190546875 0.5253353671875 0.10207609375 0.5287894390625001 0.1001254421875 0.52922041875 0.099225078125 0.5301517546875 0.096532096875 0.5315059718749999 0.093366084375 0.5309563265625 0.0905078 0.5272047265625 0.088466065625 0.52205140625 0.0869139890625 0.519474890625 0.086345759375 0.517759265625 0.083874946875 0.5166205125000001 0.0821175078125 0.51303539375 0.08108228281249999 0.5094008640625 0.0809344265625 0.5045467718750001 0.0810814859375 0.5019797421875001 0.07963565312500001 0.500268590625 0.0773056109375 0.496853425 0.07667116093750001 0.4913209546875 0.0797133609375 0.4906632796875 0.084261425 0.48517902187499995 0.084018171875 0.48354605624999997 0.08620318437499999 0.48189588437499997 0.08899826718750001 0.4795131796875 0.091846459375 0.4778194390625 0.0950578609375 0.4817658640625 0.09679865625 0.49130874375 0.09798551875 0.49727509531249997 0.09914963437499999 0.501589715625 0.0997744046875 0.5056651015625 0.099780171875 0.51339628125 0.10008721093749999 0.5171807421875 0.1005325046875
0 0.5085962265624999 0.203452021875 0.5118608703125 0.20279624531249998 0.514468434375 0.2020520859375 0.51860795 0.20033476874999998 0.519123009375 0.1989612140625 0.515263834375 0.196729696875 0.50981844375 0.1972892359375 0.5097401578125 0.19822305 0.5074517984375 0.199406684375 0.5047436734375 0.200686646875 0.5035915125 0.2025049203125 0.50668631875 0.20333208749999998 0.5085962265624999 0.203452021875
0 0.509459353125 0.288309078125 0.5141778593749999 0.28914005781249996 0.5157596609375 0.2896510140625 0.519024909375 0.2887332484375 0.5191341921875 0.28766967656250003 0.5184009765625001 0.286047721875 0.521760409375 0.2857224390625 0.524813334375 0.285801975 0.5305071609375 0.286110021875 0.53351364375 0.2860352046875 0.5358068125 0.28626904531249997 0.536922834375 0.2868881953125 0.5420301390625 0.28665938125 0.5470568859375 0.2853663515625 0.548186309375 0.28457898125000003 0.548048353125 0.28350410312499996 0.5468899578124999 0.28249026875 0.546046453125 0.28156181406249997 0.5444460703125 0.2809819015625 0.5445018703125 0.27950422812500003 0.5450685109375 0.27802107343750004 0.542575421875 0.27779688281250003 0.53944308125 0.2788175171875 0.5368676812500001 0.2793377078125 0.5333918796875 0.279354771875 0.530021053125 0.2789940609375 0.5274376078125 0.2786334765625 0.5259160203125 0.2784701578125 0.5253901921875 0.2772645234375 0.5219437203124999 0.276433615625 0.5189097406250001 0.27698294843750004 0.5176746875 0.27754899375000003 0.5189090484375 0.2796462671875 0.5138355265625 0.2811755234375 0.510597625 0.28287199375 0.5082018609375 0.284190503125 0.5020162859374999 0.286849103125 0.502817471875 0.2877420484375 0.5068121046875 0.28836658125 0.509459353125 0.288309078125
0 0.6353561937500001 0.34719019218749997 0.63811484375 0.34623675781249996 0.6397311593749999 0.34533150468749996 0.6386396171875 0.3444184765625 0.637759521875 0.3445597828125 0.631757809375 0.344103003125 0.6276440984375 0.343677103125 0.621749959375 0.3436610625 0.6192964187500001 0.34412196875 0.6184900921875001 0.3452857359375 0.61895369375 0.34681991874999996 0.6208191234375 0.348708271875 0.6231945703124999 0.3494164328125 0.6277367109374999 0.3491100171875 0.6313232875 0.3484229375 0.6353561937500001 0.34719019218749997
0 0.6550082390624999 0.3572735875 0.6513718734375 0.35775014375 0.6498489390625 0.359776525 0.6517467765625 0.3606190109375 0.6559152 0.3610965875 0.658077078125 0.3609592078125 0.6581336703125 0.3598312328125 0.6574976953125 0.35869326875 0.6565430359375 0.3575878921875 0.6550082390624999 0.3572735875
0 0.6709237609375001 0.3551612328125 0.66845276875 0.3555123046875 0.666969009375 0.35674945468749997 0.66687214375 0.3576143140625 0.6676074921875 0.35814913437499996 0.6717227968749999 0.35877252187500003 0.67674423125 0.35908606718749997 0.6797108703125 0.3586634 0.680221525 0.3579207546875 0.6797878046875 0.35671020000000003 0.68204038125 0.355816725 0.6816529874999999 0.3546695609375 0.6774073375 0.3543132375 0.6741590000000001 0.354958178125 0.6709237609375001 0.3551612328125
0 0.718070075 0.3667572234375 0.7222145890625 0.366943590625 0.7234037171875001 0.3669462109375 0.7266118515625 0.36680983437500003 0.7282289109375 0.3671859546875 0.733200184375 0.3659401265625 0.7364621812500001 0.3652720328125 0.7381476984375 0.3649426265625 0.7426300312499999 0.364418721875 0.7453134375 0.363752625 0.7469392671875 0.36292025781250004 0.7459610859375 0.3616177421875 0.74541239375 0.3604376359375 0.74289193125 0.3600260546875 0.739989646875 0.35953495 0.7371901515625 0.359268553125 0.7347909890625 0.36004623750000003 0.7310874140625 0.361027446875 0.727313503125 0.3618501203125 0.7232327656249999 0.3637552171875 0.72014434375 0.36438146250000003 0.7165193046875 0.3646468515625 0.7131914640625 0.36545873125 0.7140844890625 0.3662181640625 0.718070075 0.3667572234375
0 0.7322057359375 0.3508804296875 0.7339738828125 0.3509217953125 0.7370080671875 0.3511457 0.73845449375 0.351238740625 0.742095878125 0.35078370312499996 0.744013696875 0.349990096875 0.746462809375 0.3487077 0.746549596875 0.347853134375 0.7469555609375 0.3466130328125 0.7457340265625 0.3457380421875 0.74351934375 0.345720059375 0.7394178234375001 0.34607889531249997 0.7368705624999999 0.3461856859375 0.73291933125 0.3462365015625 0.732030903125 0.34674869375 0.730302709375 0.34789900625 0.7283421640625 0.34865243281249997 0.72643630625 0.3499233765625 0.727563025 0.3509337078125 0.72910588125 0.3508740125 0.7322057359375 0.3508804296875
0 0.7255531656249999 0.1883401609375 0.7346109875 0.1892714515625 0.7369672406250001 0.18913275000000002 0.7404269046875 0.1881603328125 0.74043301875 0.18769239375 0.7448519359375 0.1842206125 0.7476177515625 0.18273954375 0.7475983875 0.181442546875 0.745159884375 0.180390134375 0.742908775 0.1789339140625 0.740504821875 0.17845567499999998 0.7378817625 0.17805463906250002 0.7332352625 0.177598496875 0.72828391875 0.1783908625 0.7266793359375 0.179340575 0.7219125625 0.1833541125 0.7207862484375 0.184392165625 0.7193419296875 0.187263346875 0.7255531656249999 0.1883401609375
0 0.721274203125 0.044683628125 0.724283321875 0.0438321890625 0.7257202015625001 0.043152809375000004 0.7267105703125 0.0421564515625 0.72685896875 0.042113667187499995 0.7259581453124999 0.039275128124999996 0.721393615625 0.040759853125 0.7168199828125 0.043718165625 0.71622548125 0.0451159234375 0.721274203125 0.044683628125
0 0.31623945781249996 0.3290198421875 0.3182698609375 0.3293158828125 0.32151694375 0.32962468125 0.3261633328125 0.3294879515625 0.32903411875 0.3280055421875 0.331044859375 0.32580002656249996 0.3319153921875 0.32472475156249997 0.330968709375 0.32360299062500003 0.32813970625 0.3225690578125 0.3255343625 0.321366553125 0.326016378125 0.320475840625 0.32703117656249997 0.3184499984375 0.3282371296875 0.3172465640625 0.3285022609375 0.316153671875 0.3275489078125 0.3147046859375 0.3250896953125 0.31429402031250003 0.319527865625 0.3138991375 0.31589864843750004 0.3136865109375 0.3119545015625 0.313441834375 0.3089089109375 0.3135357578125 0.30582053125 0.31385771562500003 0.3019576046875 0.3147744421875 0.300381521875 0.3144543390625 0.2979444765625 0.3152651390625 0.29738840781250003 0.3161340984375 0.30012472031250004 0.31696910312500004 0.29897249375 0.3176392640625 0.295581621875 0.31764105468750004 0.2900229828125 0.317264715625 0.2886813375 0.3183514078125 0.2869287828125 0.3195101234375 0.28296183125 0.3211919546875 0.2791629390625 0.32199799218749997 0.2753773703125 0.323171453125 0.27223425625000003 0.323656615625 0.26850178125 0.3234828234375 0.2667981390625 0.3230672234375 0.261921034375 0.322825746875 0.25686135625 0.3250690140625 0.2529014625 0.32717214375000003 0.2501472109375 0.3279965796875 0.2456450515625 0.32852692499999997 0.25659099687500003 0.330745428125 0.2597780125 0.329578846875 0.26330808125 0.3294111671875 0.265279928125 0.330705171875 0.2647008 0.3318663140625 0.2650386359375 0.3329848765625 0.2676656859375 0.33325224375 0.27166959375 0.3326023703125 0.2764317265625 0.3312070125 0.2812934671875 0.3309322390625 0.2832429890625 0.33109262500000003 0.28731364843749996 0.3309905796875 0.2909193765625 0.3297873671875 0.2952518234375 0.32841078125 0.299140815625 0.3280250515625 0.3026637 0.3283489328125 0.30917547500000003 0.3287375609375 0.311417453125 0.32892411875 0.31623945781249996 0.3290198421875
0 0.176609234375 0.351101571875 0.178927025 0.3506666578125 0.1811410359375 0.349798515625 0.1821332515625 0.3488412078125 0.1821853765625 0.3488633109375 0.185926115625 0.3477690578125 0.1888748140625 0.34746402656250003 0.188691271875 0.346190803125 0.1880120625 0.3450785796875 0.184515996875 0.345939684375 0.18114723593749998 0.34692924375 0.1786253859375 0.3470934125 0.1763879 0.3469582203125 0.1764389875 0.34591071875 0.1738541859375 0.346699940625 0.1708948671875 0.3467580828125 0.166949628125 0.3468773875 0.16453551093750002 0.3468925359375 0.157192034375 0.34793339843750004 0.156432296875 0.348249253125 0.158340965625 0.3496099546875 0.161596903125 0.349643496875 0.1648552890625 0.35008148906250003 0.1691827734375 0.350458884375 0.17303179375 0.3507636421875 0.176609234375 0.351101571875
0 0.1526605078125 0.3352739234375 0.1543441203125 0.3346717703125 0.1563504 0.334656228125 0.1578522421875 0.3328010875 0.1584905625 0.3312050046875 0.1556397203125 0.329186415625 0.153671678125 0.3288143390625 0.1502354265625 0.3292655453125 0.14714366875 0.32895727343750003 0.146132071875 0.3284560328125 0.1444486390625 0.32850450000000003 0.1432050234375 0.3292595125 0.1427924703125 0.329940246875 0.141270140625 0.3301628359375 0.140609725 0.3292654171875 0.1372004921875 0.3285912359375 0.134156575 0.32865050625 0.1312458953125 0.32904945625000004 0.12455216250000001 0.328337959375 0.11749985 0.32836835 0.11296499687499999 0.3277361828125 0.10859399375 0.3285107125 0.1082966625 0.331046275 0.10641234531249999 0.33222279375 0.0997112609375 0.332969046875 0.0981152 0.333908603125 0.096041053125 0.335873415625 0.096191309375 0.3366586203125 0.0993168921875 0.3361702875 0.10250245 0.336600534375 0.10336790468749998 0.3373137578125 0.09906087031250001 0.33862224375 0.0959888640625 0.3397050453125 0.10108031875000001 0.340603778125 0.1038846078125 0.3420006203125 0.1063611390625 0.34393589062499996 0.1084300984375 0.3449594640625 0.1106564828125 0.3441968953125 0.111319878125 0.3430487703125 0.11208575624999999 0.34179913906250003 0.11464364687499999 0.3410608953125 0.1170822171875 0.341343184375 0.12260338125 0.3418827859375 0.1251640265625 0.342000684375 0.12672805468749998 0.341537609375 0.1293734671875 0.340437234375 0.12820735156250002 0.3391558671875 0.1296491171875 0.338370971875 0.134371753125 0.3370261234375 0.1356074421875 0.33523034375 0.13762202031249998 0.334395334375 0.14415777031250002 0.3344305265625 0.14821266718749998 0.3344710234375 0.1493861625 0.3352451296875 0.15048276249999998 0.3362518234375 0.1526605078125 0.3352739234375
0 0.059952331250000004 0.3245271421875 0.06044876406250001 0.3254326328125 0.062835825 0.326345246875 0.06616873437500001 0.32629049375 0.0665874921875 0.325824096875 0.06975411718749999 0.3264144171875 0.0732186609375 0.3257129171875 0.0752903234375 0.32506426718750003 0.07276654375 0.323628765625 0.07044049375 0.3232880109375 0.0648921984375 0.3235318796875 0.061770606250000006 0.32388654375 0.059952331250000004 0.3245271421875
0 0.07044590625 0.3454547015625 0.070758259375 0.34624611562499996 0.07413361406249999 0.347106771875 0.0768635953125 0.346973015625 0.07779182968750001 0.34661105000000003 0.08283635 0.34437381562499997 0.08562185312500001 0.34326118437500003 0.08687019375 0.3428649390625 0.0866904453125 0.34159922656249997 0.08590875625 0.34058850937499996 0.084168165625 0.340180846875 0.08174535468750001 0.3398814953125 0.0774713328125 0.34000760625000004 0.07232281874999999 0.34012395781250004 0.07146154375 0.3397632765625 0.0765239328125 0.3386804390625 0.0795106734375 0.33787801093750003 0.0780323171875 0.336272625 0.075872825 0.33528990937500003 0.073425403125 0.3349064453125 0.0695540671875 0.3345079625 0.0669749890625 0.33331884375 0.06483605625 0.33294760156250003 0.060070075 0.33397627343749997 0.055415117187499995 0.3364711609375 0.053449081249999995 0.337592090625 0.0506229015625 0.33818598125 0.046976885937500004 0.3385880953125 0.0411896640625 0.3384136953125 0.037849073437500005 0.3380221078125 0.029365998437500002 0.33955478906250003 0.0279801578125 0.34153466875 0.027894740624999997 0.34344469375000003 0.0336837328125 0.343639328125 0.0381821578125 0.3429587375 0.0429834578125 0.343319775 0.041467857812499995 0.3453941375 0.0402368796875 0.3468852234375 0.033396996875 0.3470130953125 0.0305690578125 0.3465829296875 0.027813537500000002 0.3460303609375 0.023378253125 0.346321153125 0.025636814062500003 0.3443307953125 0.0235647140625 0.34414976406250003 0.0210341546875 0.345379684375 0.018196110937500003 0.34709293125 0.017257873437499998 0.347734959375 0.0154103125 0.3468755265625 0.01120813125 0.3464244296875 0.0065759609375 0.3469567375 0.004380184375 0.347495475 0.0031848953125000004 0.348516034375 0.00835699375 0.34987041093750004 0.0083248328125 0.3515107046875 0.012263212499999999 0.352370725 0.008431225 0.354842234375 0.0065140765625 0.35664744531250003 0.007938876562499999 0.3574434828125 0.012924287500000001 0.35695085 0.0172703265625 0.3561957578125 0.019987784375 0.35554236562499997 0.022195959374999998 0.3545178875 0.026843539062499998 0.355864825 0.032486234375 0.3561083328125 0.038045346875000004 0.3559701734375 0.0421920078125 0.3556073875 0.04591475625 0.35556244531250003 0.04832669375 0.35372963281250003 0.0475002125 0.352995746875 0.0459112734375 0.35204467500000003 0.043516412500000004 0.35109666875 0.0405560890625 0.3505337859375 0.0393713796875 0.3503127625 0.0398222828125 0.349460846875 0.044086546875 0.34854194375 0.046676245312499996 0.34831067031249996 0.0510841328125 0.3480473703125 0.0482639203125 0.34738282656249997 0.0535995921875 0.3469317 0.057908042187499995 0.34612343125 0.0531696078125 0.3493314328125 0.056273062500000005 0.349235584375 0.0587246953125 0.3488783640625 0.060919115625 0.34782215 0.0633481890625 0.346525821875 0.06371395937499999 0.3449159421875 0.0605014140625 0.34451785625000003 0.06394698125 0.34428071562499996 0.0677791140625 0.3445179390625 0.07044590625 0.3454547015625
0 0.0872643875 0.1943937296875 0.08980587031250001 0.1942388234375 0.0911630375 0.19345505624999998 0.089836496875 0.1923837828125 0.088460209375 0.1925904578125 0.0873597890625 0.19050028593749999 0.0884768 0.18799339375 0.08972069218749999 0.18686506249999998 0.0890017390625 0.1852089203125 0.08419695625 0.18491563125 0.079997359375 0.18487054218750001 0.07509873593750001 0.1845086078125 0.069482890625 0.1843568578125 0.06373948125 0.184486046875 0.0570563640625 0.1845233484375 0.057802978125 0.1849897375 0.0617984640625 0.1876139953125 0.061251073437500005 0.190177709375 0.060899775 0.192275684375 0.0655418359375 0.19291415781250001 0.0705672796875 0.19325558437499998 0.0731919171875 0.193441603125 0.0773017046875 0.1932310484375 0.0811959796875 0.19374829531249999 0.0847160203125 0.194326515625 0.0872643875 0.1943937296875
0 0.111674325 0.1199564453125 0.11282117031250001 0.12024665781249999 0.11477718125 0.1196206734375 0.1150770359375 0.11917565781249999 0.113505503125 0.119015140625 0.11016281718750001 0.1181155515625 0.1050340609375 0.1174537828125 0.10042616093750001 0.1172954109375 0.098981778125 0.11722571875000001 0.0996985125 0.11891028749999999 0.1016164046875 0.12017921093749999 0.1035957171875 0.12023190312500001 0.10783964531250001 0.11963631562499999 0.111674325 0.1199564453125
0 0.1018507203125 0.115327828125 0.1046182734375 0.11508569843750001 0.10589796250000001 0.1143306671875 0.10606460312499999 0.11333109062499999 0.1051579578125 0.1126669578125 0.10470156875 0.11159170468749999 0.10554984375000001 0.1105309234375 0.104541478125 0.10986941718750001 0.101697990625 0.1094766859375 0.0994303109375 0.10919356250000001 0.095346328125 0.10892818281250001 0.091691525 0.1088354296875 0.089080925 0.10947319687499998 0.08915408124999999 0.111385034375 0.0902045328125 0.11202560624999999 0.09201629375 0.11276269375 0.0943632375 0.11332434375 0.0965607265625 0.11449038125 0.09818051093749999 0.11489763281250001 0.1018507203125 0.115327828125
0 0.1072243265625 0.1086591109375 0.10955756093749999 0.10684102499999999 0.1123195484375 0.10669662656250001 0.11163580312500002 0.109297365625 0.11512865624999999 0.1087580796875 0.116887959375 0.10781992656249999 0.11987761718750001 0.10728388281250001 0.120476715625 0.10728322812499999 0.12338587031249999 0.10579118750000001 0.123573771875 0.1035287015625 0.12162381250000001 0.10074587500000001 0.12891550937500001 0.10187402968749999 0.13683965781250002 0.100926665625 0.140359371875 0.10101712031250001 0.1423021734375 0.09844739062499999 0.1176681234375 0.094022865625 0.1159772640625 0.09359203125 0.113004103125 0.094352490625 0.106308234375 0.0951045609375 0.104603059375 0.0925559796875 0.101444765625 0.09159477187500001 0.10018102656250001 0.0910261875 0.0970450390625 0.0911625265625 0.09358661874999999 0.092310503125 0.090763928125 0.09220925625000001 0.0865753859375 0.0918244109375 0.0817953671875 0.09190381875 0.07972210625000001 0.0910641328125 0.076064684375 0.091909553125 0.07245069374999999 0.092462575 0.065920615625 0.09150619374999999 0.06288599843750001 0.091617978125 0.0629679515625 0.0950645765625 0.0649595890625 0.0959035609375 0.06828403281249999 0.0978854203125 0.0698291015625 0.099966490625 0.06932968125 0.10173393125 0.069495353125 0.103896471875 0.0721776171875 0.10440055156250001 0.0882425828125 0.10627314843749999 0.09094870625 0.1064583125 0.0942907984375 0.1064905890625 0.096083725 0.107317159375 0.09850044375 0.1076186125 0.10310386875 0.10776169218750001 0.1041693625 0.10830527187500001 0.1072243265625 0.1086591109375
0 0 0.07104669218750001 0.0059371375 0.0714389859375 0.00529954375 0.0741548921875 0.0058911828125000005 0.0782282015625 0.0096503015625 0.076053234375 0.015704228125 0.0685015515625 0.0181447515625 0.066332153125 0.018746715625 0.0624022328125 0.021175978125 0.0615921140625 0.0260760328125 0.06082305624999999 0.035524414062499995 0.0618440859375 0.0430181359375 0.06259225 0.0477860953125 0.0622315734375 0.05038681406249999 0.0628792453125 0.048592759375 0.0655535953125 0.0505389734375 0.067522715625 0.054455343749999996 0.06707342187500001 0.05833775625 0.0635827015625 0.0615895828125 0.060575342187500006 0.0649331328125 0.05913626875 0.067636453125 0.0593969640625 0.070160603125 0.058972228125000005 0.0700778046875 0.05802584374999999 0.0696458265625 0.0560105109375 0.06661479218750001 0.054065720312499996 0.0677543359375 0.0530892484375 0.0718188859375 0.052953232812499994 0.0761999 0.053064010937499996 0.080783409375 0.05240577656249999 0.08409352656249999 0.051480950000000004 0.0856346234375 0.0503971984375 0.08445512968749999 0.04838923125 0.0814442703125 0.04658540625 0.0846496296875 0.047600528125 0.0915571609375 0.0477976859375 0.0940183515625 0.0469581078125 0.0951153453125 0.0458896828125 0.097975225 0.0436192890625 0.1011127015625 0.0442529390625 0.10755184531249999 0.044618120312499995 0.1117291203125 0.0451968734375 0.111819528125 0.04248335625 0.109238903125 0.0404160296875 0.10313335781249999 0.039292325 0.099670325 0.0388816484375 0.0983624453125 0.037647190625 0.09920172187500001 0.037362018749999996 0.1027411828125 0.03601089375 0.1018640359375 0.033407121875 0.10069704531250001 0.0338009546875 0.0985194265625 0.033991471875 0.0954258171875 0.03389510625 0.09209504843750001 0.033777140625 0.08450217812500001 0.034441429687500004 0.057776142187500004 0.03677965625 0.014781001562500002 0.04054124375 0 0.041834414062500005 0 0.07104669218750001
0 0.058045142187499996 0.39568288281249997 0.061901503125 0.3955337109375 0.066525971875 0.39476994374999996 0.068191103125 0.39390276874999997 0.06821657656249999 0.39356645625 0.06605445625 0.39273297500000004 0.061395675000000004 0.392728059375 0.0592427890625 0.3925917390625 0.056627315624999994 0.39245667812499996 0.05530278749999999 0.3923765015625 0.05357035156249999 0.39164972656249997 0.0526117171875 0.390965046875 0.0478287015625 0.3911356890625 0.0450344390625 0.3909111828125 0.04180200625 0.3907877515625 0.0376642671875 0.39202339375 0.0299725375 0.392472040625 0.0247908640625 0.392980275 0.0222811875 0.3937676296875 0.0195056609375 0.395316990625 0.0176035140625 0.3970785390625 0.0151453703125 0.398562490625 0.0165082421875 0.3990988734375 0.022076807812499998 0.3993018140625 0.0267672125 0.39882558125 0.02853179375 0.3991668359375 0.0313118046875 0.40021446562499996 0.034732778125 0.400180240625 0.0385202640625 0.39969203124999997 0.04361388125 0.398661359375 0.0482272078125 0.39897139843749996 0.050303850000000004 0.3983975984375 0.0523888671875 0.397148625 0.055607503125 0.39575185 0.058045142187499996 0.39568288281249997
0 0 0.4223320984375 0.0010032374999999999 0.4224327671875 0.0033301671875 0.4223891703125 0.007519824999999999 0.4221951546875 0.0110604578125 0.42216614531249996 0.0166466703125 0.422337740625 0.0216578546875 0.42246239843750005 0.027222121874999998 0.422347315625 0.028476534375 0.4219128953125 0.0288191234375 0.420880671875 0.027621015625000002 0.420022453125 0.0336051234375 0.4200808125 0.0414108859375 0.42000332656249995 0.046036171875 0.4191234203125 0.0467346875 0.4179643796875 0.04033789375 0.41845971875 0.0451595421875 0.415575384375 0.0428685390625 0.41482846562500003 0.0387489921875 0.4142462296875 0.036607371875 0.41404148125000007 0.0343744453125 0.41356396406249996 0.033873075 0.41215385781249997 0.036729590625 0.4114585 0.0396104359375 0.4100552015625 0.042154671875 0.4089636796875 0.0428007125 0.407886084375 0.0392424234375 0.407032021875 0.034220656249999995 0.406732621875 0.03146268125 0.40652846875000004 0.0293393921875 0.4060492015625 0.0248669890625 0.4060232734375 0.0208009046875 0.40594454375 0.01636700625 0.40591054218749995 0.0104800421875 0.406281284375 0.0060586328125 0.40644381718749995 0.0025803796875 0.4064328625 0.0040571546875 0.405169659375 0.003828815625 0.4044242234375 0 0.40452580937500004 0 0.4223320984375
0 0.060771035937499995 0.4198482 0.0576250375 0.4208919890625 0.057364746875 0.42218365156250004 0.059863049999999994 0.4225391390625 0.06172814375 0.423025309375 0.0667846140625 0.42226923281250006 0.0698698375 0.42237731093750003 0.07405260625 0.4222121296875 0.07297501875 0.4210641796875 0.0708070765625 0.42061234687500004 0.0682297953125 0.4205194296875 0.066518659375 0.42039465312499996 0.0637361296875 0.42008912968749995 0.060771035937499995 0.4198482
0 0.105373953125 0.40285708124999997 0.1025938796875 0.4038704234375 0.10278655781249998 0.40424411562499996 0.10541598125 0.4045206859375 0.10529860937499999 0.405133246875 0.10971335156249999 0.4043925328125 0.110620828125 0.40381122812500003 0.11015233124999999 0.4032609046875 0.10774909531250002 0.402988071875 0.105373953125 0.40285708124999997
0 0.107869753125 0.3989889 0.110547103125 0.3988989609375 0.11372922031249999 0.39909267187499997 0.117129215625 0.39919517031249996 0.1177761265625 0.3986115671875 0.11081283906249999 0.396002278125 0.10960717499999999 0.3974958546875 0.1070761640625 0.3973581109375 0.107869753125 0.3989889
0 0.120047859375 0.4034946546875 0.1225138921875 0.4029793265625 0.12411105625 0.40259020625 0.126982728125 0.4018888171875 0.1274488625 0.4014261171875 0.118401159375 0.39863844375 0.11756370000000001 0.3999304125 0.115764846875 0.4003089453125 0.11294948593750001 0.4006321125 0.11354586874999999 0.40164022031249996 0.11672409375 0.4017715328125 0.1190043 0.40244881406250005 0.120047859375 0.4034946546875
0 0.13615955 0.40631365468749997 0.1378858796875 0.40663002343750004 0.14035990468749998 0.40651082031249997 0.14046890625 0.40619700156249994 0.14026764375 0.4061016796875 0.136969796875 0.40424453906249996 0.135721 0.40544231093749994 0.13615955 0.40631365468749997
0 0.12530192812500002 0.418837303125 0.12605396875 0.4195808375 0.1292568046875 0.41992173906249997 0.1299417234375 0.4201849203125 0.130936996875 0.420786403125 0.13266875312499998 0.4195871578125 0.1320746828125 0.41885646562499995 0.13081646875 0.41836895937499996 0.1260973671875 0.41871438281250006 0.12530192812500002 0.418837303125
0 0.1614180375 0.415276025 0.16285930312500002 0.41572242187499997 0.165637928125 0.41542756406250003 0.16791664687500002 0.41508390312500004 0.1684336015625 0.4147359609375 0.1611240171875 0.412417334375 0.1614847734375 0.4136185890625 0.1625239625 0.4140766359375 0.16228025625 0.41473318593749997 0.1614180375 0.415276025
0 0.20259896562500002 0.40728929062499997 0.2051621703125 0.40815355625 0.20770338906250002 0.40903543124999997 0.209887640625 0.40897451562500003 0.2134031921875 0.407332178125 0.21737838125 0.40497361718749997 0.2174147734375 0.4042959921875 0.216141971875 0.40335490625 0.21331630937499999 0.40287905625000003 0.21095254843750003 0.40277059531250003 0.20950300937500002 0.402677828125 0.2114920046875 0.401586259375 0.21025895156250002 0.40081265781250003 0.20698329218749997 0.4017548609375 0.20211832031250002 0.4021899015625 0.1992700421875 0.40233400625 0.1928179703125 0.402860846875 0.191712815625 0.40295753437500004 0.18819878437499998 0.4044021125 0.18450943749999998 0.40490055781249995 0.179378609375 0.40518318906250006 0.177708465625 0.40527597968749995 0.1738168484375 0.40543450937500003 0.170214346875 0.40518660781250004 0.16779470624999998 0.40512067968750004 0.165005015625 0.40496635468750003 0.1635590375 0.4066174125 0.16266895625 0.4052820953125 0.16172614999999999 0.405477509375 0.15907337500000002 0.4073721734375 0.16231271249999998 0.40775379999999994 0.1647830796875 0.40762864062500004 0.16671446875 0.40767140937499996 0.1667167703125 0.4088271703125 0.17065395781249998 0.408454478125 0.1720808390625 0.40767872812499995 0.17740605781250002 0.40780728125000004 0.18080780000000002 0.40839585156249997 0.18369728125 0.40886611874999995 0.18663825 0.40904642031250005 0.1889225140625 0.40869443125 0.1895508625 0.40807794687500004 0.19411935625 0.40871815 0.195305115625 0.4090049578125 0.20259896562500002 0.40728929062499997
0 0.18773293124999998 0.42487530937500007 0.1912093546875 0.4250087640625 0.19500858906250002 0.4248520421875 0.1970915953125 0.4241537765625 0.197592853125 0.4234292078125 0.1921384640625 0.42297159687499997 0.18773293124999998 0.42487530937500007
0 0.20881035468750003 0.42762217968750005 0.20338626249999997 0.428783715625 0.2035233265625 0.42957948593750006 0.21149955625 0.42908398906249995 0.2132988953125 0.42872893906250004 0.20881035468750003 0.42762217968750005
0 0.23816789374999997 0.44128894531249996 0.24045964843749998 0.4410225671875 0.242824309375 0.440657271875 0.2444384 0.4402823546875 0.244643153125 0.43955706250000004 0.24361095625 0.4386231578125 0.24222903750000002 0.43777945156250003 0.2408297984375 0.43745485625 0.2388178484375 0.43814063125 0.23623982031250002 0.43881005625 0.236300090625 0.4395168671875 0.23982690624999997 0.43959885937500004 0.2367964078125 0.4402059203125 0.2365090828125 0.4406686609375 0.23816789374999997 0.44128894531249996
0 0.10656138906249998 0.4720591109375 0.11009242968749999 0.4719384015625 0.11233786406249999 0.471106721875 0.11478920937499999 0.47033388125000003 0.11380195156249999 0.4697881625 0.109710534375 0.4680035875 0.1037887890625 0.4677437125 0.09822420625 0.46803449218750004 0.09479195 0.46797559531250005 0.0878724875 0.4682515921875 0.0848448015625 0.46790477812500003 0.082620353125 0.46772139062500007 0.0790189359375 0.46965513281250004 0.075084071875 0.4693014203125 0.0728456078125 0.4697466484375 0.07192345312500001 0.47098485625000003 0.0759907765625 0.47161557812500005 0.077613884375 0.47229388281249995 0.0816968484375 0.47306753593749995 0.0880098890625 0.4736586296875 0.0922563609375 0.47352238125 0.09565859531250001 0.4735070484375 0.10143665312500001 0.47196320781249995 0.10656138906249998 0.4720591109375
0 0.08977516875 0.4967222265625 0.0898010234375 0.4953146171875 0.0925497265625 0.4947494640625 0.0922331703125 0.4940713484375 0.0917618078125 0.493990246875 0.087264778125 0.49346769999999995 0.0853302359375 0.493478534375 0.0814307421875 0.49333190312499997 0.0783833796875 0.49353106875 0.0766038671875 0.4937542 0.0764417609375 0.492959053125 0.07345683593749999 0.49310099531249996 0.069400909375 0.49303078906250003 0.065289653125 0.49392375624999996 0.0596482421875 0.4936769984375 0.055908170312500005 0.49436652812500004 0.0542325109375 0.495292659375 0.0557559703125 0.496696471875 0.0572165328125 0.49754270937499995 0.0617122015625 0.4980496890625 0.065748084375 0.4986078765625 0.0707736046875 0.49896811874999997 0.0723484625 0.49927421250000004 0.0753654796875 0.4983875765625 0.078263728125 0.49790031093750003 0.0829348265625 0.49790258125 0.0845972109375 0.49747011093750004 0.0871779375 0.4972976546875 0.08977516875 0.4967222265625
0 0.0665188828125 0.518210603125 0.0678753640625 0.5177954859375 0.06843609687499999 0.5174280296875 0.06609794375 0.517110290625 0.0651842859375 0.5171368968750001 0.063418646875 0.517357246875 0.06461698906249999 0.51647915 0.06296247031249999 0.5165533203125 0.0595430828125 0.517412421875 0.056679139062499995 0.51775395625 0.058661887499999996 0.5184196187500001 0.063203615625 0.5184849671875 0.0665188828125 0.518210603125
0 0.095960471875 0.516613521875 0.09290071562499999 0.516671040625 0.0904820171875 0.5176198296875001 0.08844185624999999 0.51819828125 0.086862746875 0.51881168125 0.091189665625 0.5192722546875 0.09432920624999999 0.5198398484375 0.09664419375 0.5194804671875 0.100463028125 0.518884428125 0.1019626578125 0.5198903671874999 0.10530658906249998 0.519047278125 0.109270503125 0.517635490625 0.1067040109375 0.5166977937499999 0.10386515 0.51673441875 0.1024373078125 0.5164593796875 0.0992450703125 0.5165802484375 0.095960471875 0.516613521875
0 0.07882390156249999 0.5040342046874999 0.0830419796875 0.5044697953124999 0.0859839546875 0.503352884375 0.07882390156249999 0.5040342046874999
0 0.1082484796875 0.4995714515625 0.1077339125 0.5004665796875 0.1114966234375 0.5006094953125 0.10709529375 0.5007326265625001 0.1034577609375 0.501177915625 0.0965462171875 0.5014547874999999 0.096190940625 0.502557134375 0.09725896875 0.5026456359375 0.0987904140625 0.5034056796875 0.09927036875 0.5041228265625 0.100931928125 0.5043084062500001 0.104930765625 0.5030268828125 0.1053587578125 0.50313216875 0.1079763734375 0.5030945109375 0.11109375937499999 0.5031041 0.1149009765625 0.5025545625000001 0.11907770625 0.5014598078125 0.12388349531250001 0.5005813625 0.1238501578125 0.501275975 0.126153034375 0.5015669984375 0.1312472609375 0.4998979046875 0.1356860890625 0.4992711515625 0.13863669375 0.5007806703125001 0.1414937421875 0.49942807812499995 0.14484549375 0.4987819328125 0.153107778125 0.49823945 0.15543971406249998 0.49767938906250003 0.156886165625 0.49718111406250004 0.15911560625 0.49643553125000006 0.162057409375 0.4966612453125 0.16402011875 0.4971874984375 0.1679055765625 0.49625938906249994 0.1705846671875 0.4953646734375 0.1731898328125 0.49520262812500004 0.1754259265625 0.496164525 0.180615096875 0.4949890359375 0.18477631249999998 0.494505771875 0.189133903125 0.4943488234375 0.19205359375 0.49383772343750004 0.19477641875 0.4932277796875 0.1998378140625 0.49231285625 0.20153202343749999 0.4922979515625 0.20256986718749997 0.49123470156250004 0.2041752765625 0.49120874531250003 0.2077698078125 0.49097111875 0.21051194843749998 0.4907970890625 0.2147605734375 0.489609778125 0.21676765156250002 0.48944202499999995 0.2199220015625 0.48985618124999997 0.22356154843749998 0.4901510328125 0.224881446875 0.49017828750000003 0.22800750781249998 0.4904663046875 0.23070120156249999 0.490312196875 0.2333691359375 0.4900787828125 0.23520431249999998 0.489918225 0.240150265625 0.4892972953125 0.2435517859375 0.4888256 0.24568445 0.4878343921875 0.2492846046875 0.4874817765625 0.2525135375 0.487385928125 0.25634497343749996 0.48732834062499997 0.2585089203125 0.48662299375 0.25966269999999997 0.4862036515625 0.26203804218750004 0.4859425078125 0.2662703125 0.4855722328125 0.2691137671875 0.48539090625 0.271257359375 0.4848473234375 0.2738562875 0.4840223609375 0.2726336421875 0.48334979999999994 0.26749849531250003 0.48340381250000003 0.26980330625 0.4831253125 0.27364525781250004 0.48221983125 0.2733117734375 0.48165299062500005 0.27175489062499997 0.4815523609375 0.2684684484375 0.4811701515625 0.26447800625 0.48156161875 0.2632432859375 0.481988040625 0.2611836515625 0.48234390468750005 0.2597793328125 0.48201504687499996 0.25845856093749997 0.481870234375 0.255767434375 0.4821433203125 0.25559458125 0.48201414375 0.2533677015625 0.481713334375 0.2523563625 0.48246998281250003 0.2504496734375 0.48331908125 0.2491247203125 0.48294720468749996 0.247114953125 0.48328145312500004 0.2480289484375 0.48440607187499996 0.238855071875 0.48465815 0.23531452343749998 0.4858713453125 0.23152443749999999 0.48566651875 0.225901859375 0.48545575625000004 0.22415221562499998 0.48546453125 0.22279929062499998 0.486332625 0.220434303125 0.48633563437499994 0.21720311718750002 0.48601132812500003 0.21223008124999998 0.48648405625 0.20827013125 0.4866862078125 0.2051735984375 0.48707632343749996 0.20261009687499998 0.48846754062500003 0.198086553125 0.4873371796875 0.1949610171875 0.48881207499999996 0.18865035937500002 0.489270078125 0.185843075 0.48950627343750003 0.1816807125 0.4898688640625 0.17825126875 0.490523375 0.173163459375 0.490885371875 0.170507778125 0.49150983125 0.168754115625 0.4924945453125 0.16878939531249998 0.49393758749999994 0.15923548125 0.49454288125 0.1488489015625 0.49590330781249997 0.1399678203125 0.4970818296875 0.13379616562500002 0.49726416875 0.12740829375 0.49838140937500003 0.12348615156250001 0.4984061546875 0.1193701515625 0.49902975937500005 0.1156925375 0.49944718593750004 0.1138345234375 0.4991674328125 0.11004354062499999 0.49905992968749996 0.1082484796875 0.4995714515625
0 0.0975114234375 0.540597740625 0.094647778125 0.540351071875 0.09373291406249999 0.540274265625 0.090634284375 0.5402818578125 0.087337259375 0.541517665625 0.090007715625 0.541958471875 0.09236781875 0.5419355 0.0969583125 0.541428796875 0.09852811875 0.541139315625 0.0975114234375 0.540597740625
0 0.11515303750000001 0.5339944187500001 0.11206120156249999 0.5336673328125 0.1083668578125 0.5339293765625001 0.1086389703125 0.5350317296875 0.11042687656250001 0.5357113015625 0.1128650390625 0.5358634437500001 0.11604459062500001 0.535812696875 0.1207349359375 0.5354791999999999 0.124639596875 0.534519609375 0.1265793234375 0.5338150578125 0.1237990140625 0.5333556296874999 0.1198525484375 0.533460925 0.11515303750000001 0.5339944187500001
0 0.17285305625 0.5173663187499999 0.1696426703125 0.5170825421874999 0.16773759531250002 0.5179142453125001 0.16617674843750002 0.5191487296874999 0.166213996875 0.520219871875 0.168490009375 0.52000663125 0.170412453125 0.5196423796875 0.1731482078125 0.519933175 0.176689071875 0.5200860875 0.1796725375 0.51999916875 0.1831597640625 0.519574871875 0.187174228125 0.5180237734375 0.1860243140625 0.51730406875 0.182817840625 0.516867809375 0.1799769359375 0.5168810859375 0.1782263953125 0.5172381390624999 0.17596788125 0.5167550171874999 0.1746110890625 0.5170948765625 0.17285305625 0.5173663187499999
0 0.20657354843750003 0.5194995640625 0.202108340625 0.519771015625 0.1979749078125 0.5203208609375001 0.19612349843750002 0.520887503125 0.196003359375 0.5220241734375 0.1990917109375 0.522419009375 0.2014312515625 0.5221609984375 0.2063271546875 0.52211536875 0.209782703125 0.5220640015625 0.21388858906250002 0.521002109375 0.21570778124999998 0.5201747828125 0.21233890625 0.5191551453125001 0.2098360859375 0.5192141296874999 0.20657354843750003 0.5194995640625
0 0.20419943125 0.5060600281250001 0.20172413437499997 0.5067204656250001 0.2003683359375 0.5068924109374999 0.1989814421875 0.5073901796875 0.1995260921875 0.5080938265625 0.20802102968749997 0.5086508750000001 0.21083201875 0.507739915625 0.2103774375 0.5068825218749999 0.207007809375 0.5071271359375 0.20543641250000003 0.5069681734375 0.20485436093749998 0.5068230390624999 0.2067539859375 0.506180028125 0.20419943125 0.5060600281250001
0 0.229234815625 0.509066053125 0.22789084218750003 0.5079210171875 0.225038771875 0.50780665625 0.223372221875 0.5084245703125 0.22288927187500002 0.5093404593749999 0.22652185625 0.5093943765625 0.229234815625 0.509066053125
0 0.0439658890625 0.532337796875 0.046827371875 0.53117930625 0.04848845625 0.5303375796875 0.045409190625 0.5299748875 0.0448352078125 0.53037016875 0.042214421875000005 0.5302998796875 0.0388825671875 0.5297930281250001 0.036890217187500005 0.529914009375 0.033381371874999996 0.5305393921875 0.03170325625 0.5301466546875 0.029500053124999998 0.530206090625 0.02401864375 0.5309993453125 0.02345098125 0.531574446875 0.0238917859375 0.5326149874999999 0.027644868750000003 0.532468578125 0.031718098437499995 0.5321090796875 0.0341036671875 0.5325026609375 0.03710474375 0.5321867734375 0.0398280734375 0.5317618640624999 0.0405835921875 0.5328140828125 0.0439658890625 0.532337796875
0 0.056956107812500004 0.526513146875 0.05344493125000001 0.5266995640625 0.0502916671875 0.5266742921875001 0.0487800578125 0.5268222265625 0.0474191375 0.5274196734375 0.0497910296875 0.5276748578125 0.052705785937500006 0.5280754703125 0.0569726125 0.5277774578125001 0.058466893750000005 0.5268577859375 0.056956107812500004 0.526513146875
0 0.2909906140625 0.5178561921875 0.2866705421875 0.5174201140625 0.28258679062500003 0.51733665625 0.2783294 0.5178142171875 0.2758038515625 0.5181512406250001 0.273213334375 0.518498653125 0.2725450609375 0.5207921875 0.27367426875 0.5219026828125 0.2765695734375 0.521991303125 0.28156673906249996 0.5212027703125 0.28335522968750004 0.5218352375 0.28793888125 0.5208021281249999 0.2940894015625 0.521095315625 0.2961766796875 0.5193881499999999 0.2943559734375 0.51824404375 0.2909906140625 0.5178561921875
0 0.2942613515625 0.5166964015625 0.2939441953125 0.5175711234375 0.2949481421875 0.5184510343750001 0.29755640156249996 0.5182526421875 0.29889887656249997 0.5175877953125 0.2995210421875 0.516542090625 0.296506609375 0.516041975 0.2942613515625 0.5166964015625
0 0.2658661046875 0.5158931546875001 0.2697024171875 0.5164829171875 0.2713155140625 0.5162759140625 0.27257833124999997 0.5157403765625 0.2726800359375 0.515450721875 0.2691230078125 0.5149337703125 0.26684610000000003 0.5151188578125 0.2658661046875 0.5158931546875001
0 0.3283173640625 0.516587184375 0.326062171875 0.5166260734375 0.3250994796875 0.5169706640625 0.3259528109375 0.5177963078125 0.3269419359375 0.5182916718749999 0.3302077109375 0.5173440593749999 0.3283173640625 0.516587184375
0 0.295930809375 0.5136376968749999 0.2944327890625 0.51478355625 0.2957414828125 0.5144855500000001 0.2984913296875 0.5144175015625 0.3030874328125 0.5133833015625 0.3002988671875 0.513439053125 0.2974962 0.5131901875 0.2969569140625 0.5130318984375 0.295930809375 0.5136376968749999
0 0.288818178125 0.49646726562500004 0.290854478125 0.496651428125 0.29378354375 0.49646261249999996 0.2945987953125 0.49579526874999996 0.2971471 0.4945888921875 0.2867516015625 0.4948255078125 0.28799914375 0.49612327812499996 0.288818178125 0.49646726562500004
0 0.2829096921875 0.47812649374999994 0.2796000828125 0.4788599234375 0.2759325765625 0.48021754687499996 0.2744992140625 0.48115227968749996 0.27589647031250003 0.48310355156250007 0.27964668593750003 0.48367731875000003 0.283465803125 0.48387333125 0.28875786875 0.483766378125 0.292878765625 0.48370071875000004 0.2989643671875 0.4830726203125 0.3023036078125 0.48244482343749995 0.3045949953125 0.48199496562500005 0.3046352546875 0.48172009843749997 0.3121138015625 0.4806454609375 0.316524125 0.4801231515625 0.3217907640625 0.47979726874999995 0.3229773046875 0.4797703140625 0.32651999374999996 0.478509878125 0.3316547359375 0.477949284375 0.3358383015625 0.47800832499999996 0.341407425 0.4769627140625 0.342538228125 0.47647793906249997 0.3460177 0.47533753125 0.3482121375 0.47444286875 0.34766860624999996 0.4730348828125 0.3453484171875 0.4722591484375 0.34325003593750003 0.4733195078125 0.3375602609375 0.474276859375 0.335029303125 0.47449828906249997 0.33160770156249997 0.4751348609375 0.3282952734375 0.4756567953125 0.32414517656249997 0.47540660937499996 0.3206018984375 0.47542330312500003 0.31737629375 0.475413771875 0.3161896734375 0.4755473890625 0.31353097343749997 0.4764779625 0.310954509375 0.4763943859375 0.3087405109375 0.47613322968749994 0.30567271875 0.47634986718750005 0.302064665625 0.476612203125 0.2962744984375 0.47701369062500004 0.2924874625 0.47720228281250004 0.288142503125 0.47705541093750004 0.28595408437500003 0.47730177031250004 0.2829096921875 0.47812649374999994
0 0.4169789640625 0.4967860296875 0.41270321406250005 0.49825489999999995 0.4155117171875 0.49866010312500003 0.4188685484375 0.49789274062500005 0.4202609640625 0.49772700312499996 0.4169789640625 0.4967860296875
0 0.46338082500000005 0.43332535468750005 0.45703351718749996 0.4347448984375 0.45607253593749997 0.43512698125 0.45882963125 0.4358409640625 0.4600286765625 0.43642305156249994 0.46611285156250004 0.434631275 0.47372743437500003 0.43419721874999995 0.476979728125 0.4330955078125 0.4742447375 0.4323294 0.47227422187499996 0.43201870937500003 0.4692839875 0.43209994687500003 0.46584300624999997 0.432694296875 0.46338082500000005 0.43332535468750005
0 0.4448450421875 0.4231646890625 0.4481017984375 0.4232075703125 0.4512071234375 0.4229358890625 0.45352440625 0.4225668953125 0.45436137343749994 0.421753353125 0.4505514453125 0.42126793906250004 0.4459064953125 0.4214390484375 0.44253966875 0.4217336078125 0.4419081109375 0.42217000000000005 0.4448450421875 0.4231646890625
0 0.3713083640625 0.4415516140625 0.37311100937499997 0.4414315453125 0.3706721625 0.4433153359375 0.37421782187499997 0.4426804578125 0.374760771875 0.44221731249999996 0.3791594078125 0.4410953015625 0.3794124 0.439827803125 0.377402121875 0.4390625984375 0.376377753125 0.43911457656249997 0.3725482203125 0.43957038906249996 0.36896347500000004 0.43988401406250005 0.3668321375 0.44069316406250003 0.36603637187500004 0.442121078125 0.3680295765625 0.4422070609375 0.3713083640625 0.4415516140625
0 0.41597417031250006 0.44317114531249996 0.412953253125 0.4430809671875 0.41095894375 0.44269550312500006 0.4091794015625 0.44388638281250004 0.410452378125 0.44477569375000003 0.4133378203125 0.44464402343750004 0.416797440625 0.44410137031249997 0.42079267812500004 0.44279663437499994 0.41992186875000004 0.4424524703125 0.41597417031250006 0.44317114531249996
0 0.4270751 0.4461571859375 0.42325276250000005 0.446910378125 0.42075653125 0.44765420625 0.41901533906250005 0.44879938125 0.4176313734375 0.4501015203125 0.4189851390625 0.450695165625 0.42126889843750004 0.45028361875 0.42401831406249996 0.45042578281249995 0.4264235046875 0.449914209375 0.42967995937500003 0.4490034875 0.43366570624999995 0.447410984375 0.43285994531250005 0.4466988140625 0.43015962031250005 0.4464723640625 0.4270751 0.4461571859375
0 0.4164741875 0.45586022656249997 0.415343071875 0.4565206984375 0.4161428375 0.4574153359375 0.41738532812500007 0.4581175296875 0.420223 0.4582645203125 0.4248566734375 0.4573729015625 0.42543468906250004 0.456539665625 0.424848634375 0.45586473749999995 0.4216311359375 0.45646776874999995 0.42177667812499997 0.456141340625 0.424782390625 0.45525098750000004 0.427157646875 0.45393113593749995 0.42441497968749997 0.4541350140625 0.42161436406249997 0.45482391250000004 0.41969449374999995 0.45467975312500003 0.4173590296875 0.4540700453125 0.4147031140625 0.4547635375 0.41463049218750003 0.45552902968750003 0.4164741875 0.45586022656249997
0 0.3673069140625 0.4623623671875 0.3710762125 0.461648321875 0.37373829375 0.4609715421875 0.3775832375 0.4604767390625 0.37812605781249997 0.459510125 0.3825306140625 0.457935878125 0.37861361250000003 0.4574457140625 0.374755025 0.458376178125 0.3731442828125 0.45855631093750004 0.3697274359375 0.4584584234375 0.365545409375 0.46003045625 0.3633334015625 0.460975278125 0.36105160625 0.4615168359375 0.35669169218749996 0.4624001890625 0.35441587812500003 0.46222129531249995 0.350950184375 0.463053078125 0.3504060203125 0.4641656765625 0.350999071875 0.465404640625 0.356762028125 0.464100528125 0.36137475937499997 0.4637942125 0.365684003125 0.4633356421875 0.3673069140625 0.4623623671875
0 0.3258213703125 0.43038450937499995 0.3252480203125 0.4315937703125 0.32754765468749997 0.4312561203125 0.3293983984375 0.4310942015625 0.32945143125 0.43168244375000003 0.32703137187500003 0.43249018906250003 0.3282888484375 0.43286169374999994 0.32990089375 0.432714384375 0.332485071875 0.43190012187500004 0.3350152015625 0.4308804140625 0.335166178125 0.4299527890625 0.3342518109375 0.4290211234375 0.3317396140625 0.42888330156250004 0.327942125 0.4295260953125 0.3258213703125 0.43038450937499995
0 0.3109334140625 0.41632859375000003 0.308201025 0.4160045671875 0.30490978125 0.41691205781249996 0.3055632734375 0.41751521093750005 0.308039934375 0.41841214375 0.31010912031250004 0.41820131250000003 0.3123250109375 0.418071753125 0.315507940625 0.41685847656249997 0.3185571625 0.415694540625 0.31829098437500003 0.4146779328125 0.313400103125 0.4162868859375 0.3109334140625 0.41632859375000003
0 0.3481977578125 0.4105635421875 0.34981441874999997 0.41005665 0.3501057828125 0.4086540421875 0.348361859375 0.40872819375 0.3457802625 0.41007394062499997 0.3454200859375 0.4108692953125 0.34627697031250004 0.4107315890625 0.3481977578125 0.4105635421875
0 0.34395465000000003 0.40912475312499996 0.3459580484375 0.4092914046875 0.348968628125 0.4082594640625 0.3495266796875 0.4075565890625 0.34813897968749996 0.40704119843750003 0.345386315625 0.40689775156249997 0.3417644234375 0.4076114484375 0.3401469453125 0.40810900156249996 0.34028581562500004 0.4092481078125 0.34395465000000003 0.40912475312499996
0 0.363592815625 0.4043308703125 0.36036275624999997 0.40421664062499996 0.3572762828125 0.40456039062500004 0.3536280015625 0.405797128125 0.3529828421875 0.40815765156249995 0.3560529609375 0.4087564140625 0.35980678125 0.40885148437499996 0.361777134375 0.4079591734375 0.36463614375 0.40686206875 0.3672533234375 0.40586925156250003 0.3695282953125 0.40663012031249995 0.3708298421875 0.40689581874999997 0.3715396671875 0.40703134375000005 0.375670015625 0.40730678437499995 0.3789768390625 0.4069359140625 0.38188445312499997 0.4057310390625 0.38602188593750003 0.40416918281249997 0.3830414703125 0.4029822375 0.3794812953125 0.4036842625 0.3748676265625 0.40439218906249996 0.37240868125 0.404486546875 0.368134403125 0.40477109375 0.36687476406249997 0.4046617125 0.363592815625 0.4043308703125
0 0.462436328125 0.38482781250000003 0.46174044375 0.3855866625 0.4624111703125 0.3866557109375 0.46677569375 0.385914684375 0.46933611875 0.38484684062499996 0.4740683828125 0.38366584062500003 0.47632576406249993 0.38277351406250004 0.4738396609375 0.3824498984375 0.4702613578125 0.382657871875 0.46755050000000004 0.3829922859375 0.46526206875 0.3836551953125 0.462436328125 0.38482781250000003
0 0.3822545578125 0.38708564375 0.384119028125 0.387797728125 0.3867013875 0.38776942812500004 0.3899986109375 0.3880597234375 0.391140246875 0.3879676859375 0.3955262046875 0.38616293125 0.398813965625 0.3851977109375 0.400226334375 0.3841126734375 0.39939046093749997 0.3828949546875 0.3975250515625 0.38270995625 0.3956960609375 0.38292329999999997 0.3933412921875 0.382541140625 0.3935073296875 0.38155259531249996 0.3906883875 0.3820141 0.3844418203125 0.38413691562499996 0.3823393734375 0.38339389062499996 0.3803746 0.38305917031250003 0.37746314375 0.38326997343749997 0.37641091718749997 0.3846528796875 0.3755909890625 0.3859480203125 0.3790982703125 0.38607563906250003 0.3812413515625 0.3860998859375 0.3822545578125 0.38708564375
0 0.29458466875 0.40420265000000005 0.2978000203125 0.404148771875 0.3033805203125 0.403627603125 0.304580021875 0.4034081625 0.3043096765625 0.40270247656249997 0.3075854203125 0.40115170000000006 0.30859898124999996 0.4001156703125 0.30774640937500003 0.399191146875 0.3057678015625 0.398805878125 0.303056096875 0.39843141875 0.3001864953125 0.3983138859375 0.29834523125 0.3982255890625 0.2951783 0.39885085937500003 0.2930439671875 0.3995002875 0.2914466859375 0.40004940156249996 0.290466828125 0.3990324953125 0.286680903125 0.3990186578125 0.28637555937500003 0.39958021875 0.287894021875 0.40074763124999996 0.2861436484375 0.4016802984375 0.2852195453125 0.4030755234375 0.285331103125 0.403884503125 0.2886255453125 0.40403544843750006 0.2916076046875 0.40423725 0.29458466875 0.40420265000000005
0 0.27937955468750003 0.4117817046875 0.281305421875 0.411492440625 0.2839591703125 0.4113120265625 0.2860628953125 0.41088643124999996 0.2908112671875 0.40996125 0.2955367 0.41071006250000003 0.29864393125 0.40879289218750003 0.2988468765625 0.40797521718749996 0.2942894921875 0.4072289546875 0.293714678125 0.40540963124999996 0.29185366562500004 0.4052211109375 0.2900893515625 0.4052594015625 0.2869096515625 0.40477060781249996 0.2829007109375 0.40473550156250004 0.2803964796875 0.40571059531250003 0.27968057968750004 0.4058642 0.2779592859375 0.40585637812500003 0.274663778125 0.40701990312499997 0.2712789453125 0.40807674531250004 0.2689795234375 0.40843476562500003 0.2657992515625 0.4085310609375 0.2635676375 0.40887530625 0.26221729374999997 0.410274884375 0.2644966796875 0.41119378281249996 0.2654814859375 0.41158600625 0.267744871875 0.41142562812500005 0.2694379921875 0.411398271875 0.27177299375 0.4116441359375 0.27304056718749997 0.4121668984375 0.2764041359375 0.412623921875 0.2772745046875 0.4123893578125 0.27937955468750003 0.4117817046875
0 0.2650380375 0.3983602640625 0.2629924078125 0.397298575 0.26576744531249996 0.395976684375 0.2688282203125 0.3951599375 0.2716204984375 0.3953438375 0.278031084375 0.39520333281250003 0.283686375 0.3949453984375 0.28721393281249996 0.394766959375 0.28775693750000003 0.39299570625 0.2912966921875 0.39310009218749997 0.2951562875 0.3925397 0.2983195640625 0.39153204218750004 0.29894283593750004 0.39078581875 0.30145930625 0.3897892640625 0.3033640703125 0.3888823015625 0.30258309843750003 0.388076990625 0.2995495578125 0.38766324375 0.2971114953125 0.38718955781250003 0.2937231375 0.386825675 0.2907900859375 0.386771728125 0.2876722921875 0.38675747031249996 0.285183246875 0.3868842609375 0.282309559375 0.3867200328125 0.2795004171875 0.3877955203125 0.2761202109375 0.3892817171875 0.2743539671875 0.3896385765625 0.272470890625 0.38944885 0.2701002421875 0.389369225 0.26592295625 0.3897942921875 0.2633887296875 0.389978365625 0.2606935984375 0.39176537499999997 0.2589807296875 0.39156703125000003 0.255909671875 0.39149535625 0.254321871875 0.39154330000000004 0.25135549375 0.39130561875000003 0.2504281546875 0.39157026093749997 0.248359490625 0.3920022015625 0.24656904375000002 0.3922796171875 0.2435943359375 0.39216186875000003 0.2424460296875 0.39205215781249997 0.24090413125 0.3917463171875 0.23895079218749998 0.39191878125 0.23625525 0.3920338375 0.2339872359375 0.3921412921875 0.23196150000000001 0.391970321875 0.2297139859375 0.39270650625000003 0.2273082453125 0.3935882859375 0.2249740578125 0.39372819375 0.22315718593749997 0.3942055484375 0.22275825781249997 0.396207309375 0.2211395546875 0.3966908546875 0.21516962187500002 0.39912511875 0.2152172828125 0.39992086875 0.2192759953125 0.3997539921875 0.22197624062500002 0.40008710625 0.22354380312500002 0.4002918875 0.22570427187500003 0.40273789843749996 0.229379 0.40275362187499997 0.23173380625 0.40320792812499995 0.234255490625 0.40221719218749996 0.235887515625 0.40068474531250003 0.23917265156249998 0.4012850859375 0.24024675625 0.4025007859375 0.2418017265625 0.4030815328125 0.24588611875000002 0.4032261046875 0.2478316359375 0.403107653125 0.25347188125 0.401530384375 0.2547240609375 0.4005864078125 0.257197178125 0.399901065625 0.26139396875 0.3987308390625 0.2650380375 0.3983602640625
0 0.261949525 0.38625682656250004 0.264875553125 0.386212575 0.26681820625 0.38643786874999997 0.2702125390625 0.3867086890625 0.27146943281249997 0.387001821875 0.27704635781250003 0.38419884375 0.2751226171875 0.38402836093750004 0.2728641609375 0.383653459375 0.271343275 0.38340851875 0.269584253125 0.38347144218749996 0.2670598375 0.383391153125 0.2652464109375 0.3836031359375 0.2635418828125 0.3841992765625 0.2617635921875 0.3848128484375 0.259690371875 0.3855871140625 0.25890969375 0.38636279375 0.261949525 0.38625682656250004
0 0.3483524484375 0.1936857109375 0.3509040140625 0.1913513203125 0.3540233328125 0.1907913859375 0.3574257125 0.19002474375 0.359697565625 0.1894950359375 0.363167484375 0.18846055 0.3653196796875 0.187674671875 0.3660009421875 0.1861391390625 0.36332587968749996 0.18530505 0.35996200156249997 0.18464729062500002 0.3620261734375 0.1839130296875 0.3669644546875 0.1837601734375 0.3640416078125 0.183034028125 0.361248690625 0.182538059375 0.3591308875 0.18219320156250002 0.3569438296875 0.18078784375 0.355087853125 0.1792405890625 0.353601803125 0.178318159375 0.34895337656250003 0.1780551078125 0.3452197078125 0.1784413640625 0.34223298125 0.1795308203125 0.3398111296875 0.1805332125 0.3409906625 0.182613325 0.338098640625 0.1848928046875 0.333006434375 0.1833400859375 0.32962545 0.182970853125 0.324209240625 0.18214288125 0.32513192968750004 0.18178924375 0.33106535625 0.1814834484375 0.330872025 0.18038518125 0.3288690609375 0.179631884375 0.3251827109375 0.1801645734375 0.3222199984375 0.180972740625 0.31646878125 0.1816939234375 0.30985982343749996 0.180804046875 0.30937888281250003 0.18296198749999998 0.3095644234375 0.1848138 0.312947928125 0.1858572546875 0.319372515625 0.186468390625 0.320915246875 0.1870705984375 0.32000245 0.1883440625 0.3218938859375 0.18923886875 0.3263840265625 0.189915728125 0.330318546875 0.1914128828125 0.3351050625 0.191461521875 0.3393708421875 0.1923885734375 0.34140774375 0.1944799421875 0.3483524484375 0.1936857109375
0 0.3440371125 0.104436259375 0.3453005921875 0.10566519062499999 0.3487006578125 0.1047466109375 0.3497207390625 0.10349826718749999 0.3505871375 0.10330796874999999 0.3522265703125 0.10221875 0.353424390625 0.100868590625 0.3528651734375 0.09974743750000001 0.350807496875 0.0989424640625 0.349325303125 0.0994266125 0.34649833750000003 0.10058522031249999 0.3441426546875 0.1020570703125 0.34356491093749997 0.10289341874999999 0.3440371125 0.104436259375
0 0.3409432515625 0.076692521875 0.3463068671875 0.07763645625 0.3495460375 0.07910975 0.35823192656249997 0.0795904921875 0.36456 0.080837459375 0.373746675 0.0809826515625 0.3711876234375 0.0827295234375 0.3691382578125 0.085228584375 0.3686614265625 0.0870928625 0.3715211953125 0.08602235625 0.37629358281249997 0.08289765 0.38291484531250003 0.0812031828125 0.38784815 0.07905723906249999 0.3918387890625 0.0766063546875 0.394843165625 0.07510912187499999 0.40071221250000005 0.07464113125 0.40924467187499997 0.0744796765625 0.4112191546875 0.07474610312499999 0.41423112968750003 0.07597106718749999 0.41598725937500003 0.07696868125 0.41737548281250003 0.07591242031249999 0.4191912390625 0.0726793640625 0.4176437828125 0.07005110625 0.4169746484375 0.0658449828125 0.41990511093749994 0.064202075 0.42552004375 0.06416411875 0.43062755468749997 0.0645830640625 0.4338360671875 0.0655445828125 0.43841326562500005 0.063828184375 0.44049031406249994 0.063510009375 0.4450197625 0.063775628125 0.44794605625 0.0642364 0.452259315625 0.06484560624999999 0.45188074062499994 0.06322556093750001 0.44603465781249996 0.061679196874999995 0.4429019390625 0.0600601328125 0.4501294578125 0.055130203125 0.4518843828125 0.052564362499999996 0.45034998593750003 0.0513403109375 0.44581582031250006 0.04842125625 0.4391993203125 0.046835639062500004 0.4349723765625 0.045886365624999995 0.4296837046875 0.0452432953125 0.42588530156250004 0.0440291015625 0.4338213515625 0.041783571874999995 0.43952285625 0.039454353125 0.44207548750000003 0.0374727734375 0.44242037968750003 0.0359290265625 0.44053942187499995 0.034239659374999995 0.43684033749999995 0.035523190625 0.43397479375000003 0.036169146875 0.4337920125 0.03479704375 0.43672996406250003 0.0332397453125 0.43549189843749997 0.0318172375 0.42266129062499996 0.028584132812500003 0.41283945937500005 0.027184837499999996 0.4071230859375 0.0263501890625 0.402657746875 0.02624365 0.39176833125 0.028543665625 0.38872576875 0.029245889062500002 0.3881944609375 0.030863978125000004 0.387428409375 0.0371672296875 0.3869463578125 0.03786031875 0.3808028953125 0.036195671875 0.3917086453125 0.024455184375 0.3954348484375 0.020057439062499998 0.3932425046875 0.0180000609375 0.39063451875 0.018201565625 0.3838477390625 0.0230239234375 0.38042299218750003 0.02475399375 0.3760562953125 0.0215081625 0.36684168906250003 0.02063136875 0.361067603125 0.0184199484375 0.35702084375 0.0196915484375 0.34903671875 0.0198458109375 0.3494553875 0.0220317015625 0.34698724531249997 0.0249610859375 0.3424468421875 0.026506439062499998 0.34029764375 0.027201084375 0.33496606875 0.028236890625 0.33364241875 0.031483359375 0.32812147187499996 0.030587695312500003 0.325112790625 0.028934251562500003 0.3118331484375 0.026502709375 0.3087458875 0.02766213125 0.3023005109375 0.027924882812500003 0.2986745515625 0.025293392187500003 0.2945965234375 0.0248988765625 0.2907219234375 0.0240866046875 0.2921510671875 0.0228526640625 0.2925324984375 0.021296309375 0.2883796453125 0.020315459375 0.28195179531250003 0.020957815625 0.2782277015625 0.0212742203125 0.27369098593749996 0.0235250609375 0.2662583921875 0.02152148125 0.26340299843750004 0.0210105875 0.2583411671875 0.0210958296875 0.25361075624999996 0.0200212109375 0.2481162609375 0.020127053125 0.248249678125 0.0217058078125 0.2438987296875 0.023032253125 0.23075727812500002 0.028401160937499996 0.22618631093750002 0.0314078640625 0.22329428906249998 0.033561865625 0.217265571875 0.0347684578125 0.2163524140625 0.0335637734375 0.211850753125 0.032988303125 0.21456311874999998 0.029999907812499997 0.2135731453125 0.0287956703125 0.20022535156250001 0.0275213453125 0.2015336 0.030481087499999997 0.197511096875 0.030649500000000003 0.19443073125000002 0.031278176562499996 0.1911748140625 0.0328225125 0.18676497812499998 0.036702870312500004 0.18232165625000002 0.0407383 0.182500715625 0.042623618749999995 0.18449594687499998 0.0459059625 0.187264321875 0.045171262499999996 0.185570896875 0.0411614078125 0.1882906515625 0.040247450000000004 0.19490982343750002 0.039461309374999996 0.1979656703125 0.037387081249999995 0.2012818078125 0.0374812328125 0.20304244218749998 0.039444629687499996 0.19900411875 0.0396473640625 0.1982985078125 0.0419802390625 0.2021125875 0.0436604640625 0.20618288749999997 0.0442893578125 0.20722818593749998 0.0464486578125 0.20901613125 0.0472003765625 0.211165171875 0.044926296875 0.2176655109375 0.04493321875 0.21257946562500002 0.047484642187499995 0.20836935781250002 0.0494528171875 0.20542539531249998 0.05257283593749999 0.20089561093750002 0.0562833140625 0.198711434375 0.059823084375 0.1977069640625 0.062307584375 0.20004624375 0.064377203125 0.2039483109375 0.0641409046875 0.20552872031249997 0.062144001562499995 0.20819989843750003 0.060621021875 0.2115166625 0.060363781250000005 0.216276609375 0.0595709078125 0.2196436875 0.05949434375 0.2225292328125 0.060457453125000005 0.22514983437499997 0.061332382812499996 0.227100175 0.0615021078125 0.232976065625 0.06130957031249999 0.2335405 0.062185584375000005 0.23612824062499999 0.0629896703125 0.2379234453125 0.0636450765625 0.23914226562500002 0.063485115625 0.24114433124999998 0.06279393125 0.24525713593749998 0.0641954984375 0.250820290625 0.0645338 0.25321626875000003 0.06490294375 0.2547544046875 0.06590080781249999 0.2597747546875 0.0658254703125 0.25596625 0.06829649374999999 0.25627218749999997 0.0703950015625 0.2563509984375 0.0728913828125 0.26012186875 0.07067146875 0.2631093625 0.06885574531250001 0.26702923125 0.06862573125 0.27049023125 0.066467434375 0.27274011875 0.06407317031250001 0.27393658125 0.06245649062500001 0.2768606796875 0.0626053296875 0.2788386796875 0.06337806406249999 0.2844812359375 0.0638709703125 0.287773221875 0.0644958078125 0.2917984421875 0.06498591406250001 0.2940801015625 0.0644428 0.292899340625 0.062599634375 0.2969446109375 0.062225328125 0.2956017125 0.065933040625 0.29271666875 0.066947725 0.28593538125 0.0643570203125 0.28080210625 0.0659024828125 0.2808010484375 0.068382325 0.2915591875 0.067790878125 0.29330815781249997 0.0688142140625 0.2958394890625 0.06994163437499999 0.30084629375 0.07010588749999999 0.30604982812500003 0.0703674265625 0.3056822609375 0.06742106406250001 0.3068852921875 0.064785871875 0.3108727296875 0.061652984375 0.3153479 0.06128027968750001 0.321491903125 0.0614093484375 0.32488673125 0.06261806875 0.3269199328125 0.0650077703125 0.3269359 0.06730574843750001 0.3268328 0.07225858125 0.327814959375 0.07276396562500001 0.33267955 0.073400221875 0.3333444546875 0.07651820000000001 0.3409432515625 0.076692521875
0 0.1003229171875 0.150679884375 0.10567718906250001 0.15200106875 0.1135879890625 0.1529448765625 0.11767066875000001 0.15317743281250001 0.1205389890625 0.15292178125 0.12573685625 0.1500170796875 0.12851136093749999 0.147685140625 0.1279920765625 0.14580135624999999 0.12217134999999998 0.143953196875 0.11497878125000001 0.14316927343750002 0.110489359375 0.1442396265625 0.110497865625 0.142275159375 0.11057681875 0.1408111453125 0.1046197625 0.14007597656249998 0.099563871875 0.1394941 0.0974151359375 0.1388853078125 0.0954848359375 0.137187709375 0.0906876796875 0.13864886875 0.0821506875 0.1404795703125 0.08178698437500001 0.1417724390625 0.0860948046875 0.145026559375 0.089627009375 0.14698083125 0.095607046875 0.1490722828125 0.1003229171875 0.150679884375