0 0.7587276140625 0.8246363531249999 0.7574082671875 0.8231080203125 0.706168746875 0.813674690625 0.6917917796874999 0.8107379187499999 0.6903766609375 0.8122713625 0.6902824328125 0.8153333828125 0.69807294375 0.8154678046875 0.723255934375 0.8192365031250001 0.7587276140625 0.8246363531249999
0 0.88226430625 0.8461801140625 0.89928354375 0.852170953125 0.9278972062499999 0.85648301875 0.9232751453124999 0.8511363296875001 0.8914699359375 0.8447810921875 0.88226430625 0.8461801140625
0 0.7946350765625 0.5473252953125 0.802693996875 0.548601703125 0.812438925 0.5492212750000001 0.823641471875 0.5509955828125 0.886382503125 0.5597463046875 0.9028478015625 0.562222846875 0.9048003265625001 0.5617411078125001 0.90406849375 0.5604387140625 0.9025700562500001 0.5595417015625 0.8966704890624999 0.5597937843749999 0.8944212296874999 0.5577242546875001 0.8911535890625 0.556151534375 0.8851273015625001 0.55572544375 0.8756110203125 0.5551405046875 0.863016225 0.5532769890625 0.8720959875000001 0.5536614859375 0.8741897156249999 0.5522782375 0.879382 0.5520470171875 0.8866740609375 0.5518825984375 0.8851753796875 0.550987128125 0.8788147437499999 0.5497155125 0.8696693671875 0.5482670265625 0.8647257734375 0.54840633125 0.856077778125 0.5467740156249999 0.8539800328125 0.5467043734375 0.846186084375 0.54560281875 0.8394340124999999 0.545324384375 0.8352978421874999 0.5448005828125 0.8372080046875 0.544576325 0.8297240984375 0.5429954968749999 0.824176690625 0.5425123671875001 0.8156148406250001 0.54181440625 0.8090503515625 0.541829871875 0.8129626249999999 0.5437673015625 0.826680690625 0.5459400296875 0.8346867703124999 0.548658740625 0.840321621875 0.5500780125 0.8325887812499999 0.5485906421875 0.828868596875 0.5483969171874999 0.8228585796875001 0.5463898453125 0.816314621875 0.5462756765625 0.8103902609375 0.5452060453125 0.8038623296875 0.5435124390625 0.7996605453125001 0.5419246484375 0.7921648765625 0.54337460625 0.7723436031250001 0.5407620234375 0.7649861734375001 0.5398609125 0.757294396875 0.5381142734375 0.7485665499999999 0.536996109375 0.7427078015624999 0.5369904671875 0.735350371875 0.5360893546875001 0.72558089375 0.5341465265625 0.7184518671875 0.5332815906249999 0.7119690171874999 0.53278160625 0.7132916359375 0.5303539328125 0.70592994375 0.5280014734375 0.701777503125 0.529058653125 0.7036326078124999 0.530670259375 0.6986015703125 0.529873421875 0.6961895203124999 0.52883170625 0.6913608765625 0.5279356203125001 0.6844617953125 0.527107103125 0.677648615625 0.527214484375 0.671058034375 0.5259064484375 0.6625383031250001 0.52495255 0.65333181875 0.5238898796875 0.654597590625 0.5232993703125 0.6594147078125 0.52248035 0.6542163750000001 0.5212615203125 0.6491418 0.5192713046875 0.6447364062500001 0.518969053125 0.6423694390625 0.5191209609375 0.6343049703125 0.51823916875 0.6117600640624999 0.5150639 0.6109321078125001 0.5158566390625 0.614121315625 0.519392828125 0.610651365625 0.5191074312499999 0.6092546109375 0.5175684203124999 0.60233975 0.5183177984375 0.590201515625 0.516528178125 0.598011490625 0.51605029375 0.6031471734375 0.5176546937500001 0.609980640625 0.517419221875 0.6050690984375 0.51439965 0.5994182218749999 0.5145598171875 0.596009378125 0.5138886046875 0.5945720484375 0.5126057765625001 0.588943246875 0.512636553125 0.584517321875 0.5124639359375001 0.581006796875 0.5124347218749999 0.5764341078124999 0.5117104796875 0.5739388765625 0.5111839687499999 0.5718003125 0.5113720515625 0.5693501624999999 0.512039165625 0.5666878796875 0.5110891203125 0.562553009375 0.5105671078125 0.5599358078125001 0.5108106859375 0.5612509234374999 0.5128651468750001 0.568151546875 0.5136939078125 0.5685878203125 0.51389589375 0.5597770359375 0.513291390625 0.5553513546875 0.5131172296875001 0.5558344984375 0.5145115390624999 0.566331303125 0.5163069546875 0.5938475296875 0.5201367171875 0.6478001296875 0.527232878125 0.75143869375 0.54074626875 0.7577194781250001 0.5425320359375 0.76402455625 0.543794853125 0.7722041468749999 0.544299384375 0.7816896640625 0.5461972359375 0.7888131421875 0.5474567890625 0.7946350765625 0.5473252953125
0 0.9584745859374999 0.56773800625 0.9559387796875001 0.567467678125 0.9498676546875 0.565846421875 0.9426572328124999 0.5654953921875 0.938293959375 0.5649372031250001 0.9286291265625 0.5638019390625 0.9207132078125 0.563470471875 0.9180361984375001 0.5641016546875 0.9334362671875001 0.5660124046874999 0.9449077906250001 0.5675667078125 0.9561511578124999 0.5690832921875 0.9644688234375 0.5713229734375 0.9714084796875 0.571895309375 0.980863653125 0.5728660624999999 0.9926061875000001 0.5741975171875 0.9944349546875 0.574487165625 0.9946182765625 0.5733297187499999 0.9888569484374999 0.57123073125 0.983725528125 0.571077678125 0.9808143109374999 0.5702210921875001 0.9776135828125 0.569714146875 0.9718159421875001 0.5693226890624999 0.9678688984375 0.5690930328125 0.96402199375 0.5682211359375 0.9584745859374999 0.56773800625
0 0.9237044234375 0.5830592593749999 0.9219688156249999 0.57922491875 0.9120550484375001 0.5781831125 0.914289825 0.5818323234375 0.9237044234375 0.5830592593749999
0 0.9830330046875 0.5621358171875 0.985314315625 0.5610464687500001 0.9817178890625 0.56008135625 0.9743809921875 0.5590506093750001 0.9671094625000001 0.5590853953125 0.9660778984375 0.5611636734375 0.961941728125 0.5606398718750001 0.9576991250000001 0.5593098078125001 0.9518419203124999 0.5593044093749999 0.9471920984375 0.560545421875 0.9416839671874999 0.5598043234375 0.943620465625 0.5609020234375001 0.9519568765624999 0.56301336875 0.958566203125 0.5641930687500001 0.9670263703125 0.5655330281250001 0.968647265625 0.5656568671875 0.9778332187500001 0.5668491703125 0.9848953328125001 0.5666483312499999 0.9894680203125 0.5673725734375 0.9953718500000001 0.5685718390625001 0.9960643171875001 0.564199775 0.9925537921875 0.564170559375 0.9882545875 0.564676115625 0.9849068531249999 0.5636190875 0.97827699375 0.562569021875 0.9739327093749999 0.5618809546875 0.9696089562499999 0.561063253125 0.9781897953125 0.5616313359375 0.9830330046875 0.5621358171875
0 0.459766678125 0.5236551687500001 0.4655415546875 0.526128065625 0.46075937343750006 0.514181321875 0.459766678125 0.5236551687500001
0 0.4448717703125 0.53162951875 0.44512680624999995 0.5316873140625 0.4462124546875 0.532363915625 0.4478339296875 0.5314453234375 0.4468801390625 0.530046078125 0.4448717703125 0.53162951875
0 0.4620069453125 0.5249924 0.45784733437499997 0.5249062578125 0.45254793437499996 0.5220182546875 0.430112259375 0.51872265625 0.42401228281250003 0.5179827375 0.4193145828125 0.5199755140625 0.42258482812500003 0.5203431828125 0.42388380937500003 0.51944311875 0.43222802656250003 0.5205163421875 0.446268240625 0.522373075 0.4535389125 0.523791990625 0.45494681875 0.524771165625 0.45516625 0.525732959375 0.4570277328125 0.52606575625 0.457490859375 0.525488915625 0.46328328125 0.5260931140625 0.4620069453125 0.5249924
0 0.42442059375 0.5216274203125 0.42538680156249997 0.5228783453125 0.4280002203125 0.5228983578124999 0.427227253125 0.5235336984375001 0.43014803593749995 0.5244297671875 0.432881096875 0.522945284375 0.43205869531249996 0.5219750000000001 0.42442059375 0.5216274203125
0 0.5247047734375 0.50906535 0.523388240625 0.508617953125 0.5222376421875 0.5085512 0.5214404609375001 0.5093693796875 0.5222955921875 0.510352759375 0.525464165625 0.5111725890625001 0.5263796468749999 0.5114852765625 0.5282578124999999 0.51124329375 0.5299729953125001 0.5117506671875 0.5326011625 0.51184736875 0.5341830078124999 0.5120979078125 0.5365710484374999 0.512552071875 0.5395935859375001 0.512655865625 0.5436791984375 0.5132491765625 0.5471841921875 0.51380273125 0.5503906671875 0.513843903125 0.5525559359375001 0.5135271640625 0.5518895578125 0.5126005734375 0.549023190625 0.512399703125 0.5462538578125 0.511426375 0.5421552734375 0.5112945296875 0.5392011078125 0.51055928125 0.5383769234375 0.510259471875 0.5336226625 0.50992253125 0.53102376875 0.509760859375 0.5282635234375 0.5101684546875 0.5266536890625 0.5095053328125 0.5247047734375 0.50906535
0 0.44367887968749997 0.492735940625 0.44386875000000003 0.4938544125 0.44583442656249994 0.4947479125 0.4480323640625 0.49491410468749997 0.451153359375 0.49534514218750003 0.4536937609375 0.4950071375 0.45784515312499996 0.49512520000000004 0.46372000625 0.4966172875 0.464907225 0.49603331875 0.4623761109375 0.494784490625 0.4592272640625 0.49449932968750004 0.455824646875 0.49405849062499996 0.4544165875 0.49356970312500004 0.453667740625 0.4925145671875 0.44862521875 0.491440646875 0.44699405781249996 0.491381625 0.445076178125 0.490076471875 0.44495335625 0.49144124843750003 0.44613781093749993 0.4929023390625 0.44367887968749997 0.492735940625
0 0.4947785953125 0.4992964046875 0.49565180781249996 0.49898700937499996 0.4935637828125 0.4979570640625 0.49229830625000004 0.49775663281250004 0.489103053125 0.49786436093750003 0.489611065625 0.4995710953125 0.4927230546875 0.499299890625 0.4947785953125 0.4992964046875
0 0.51352595625 0.5002992984375 0.509472025 0.500384928125 0.510075134375 0.5009518796875 0.511145853125 0.50159289375 0.5122219921875 0.5021097906249999 0.5179642140625 0.5025415125 0.517526353125 0.5019200515625 0.515875540625 0.501335865625 0.5148239609374999 0.500933596875 0.51352595625 0.5002992984375
0 0.3832722859375 0.518258303125 0.3868917265625 0.5198471953125 0.3932828296875 0.5205968375000001 0.39966645 0.5215335515625 0.4017732828125 0.5214559265625 0.4073485984375 0.5221823546875 0.40713417031250004 0.52145865 0.405255625 0.520284703125 0.40289942187500005 0.5196694749999999 0.40112473125000003 0.519427940625 0.39941699218750004 0.51898344375 0.3978093484375 0.5195150609375 0.3960777875 0.5191110859375 0.392435403125 0.5177669296875 0.38823241249999996 0.5171755953125 0.38728320625 0.5182544515624999 0.3835702296875 0.5174259125 0.3832722859375 0.518258303125
0 0.3331550734375 0.4512985453125 0.3304062203125 0.45098498124999997 0.3313772203125 0.4515564140625 0.33485270625 0.45249604374999997 0.337104715625 0.45305996562499995 0.33974453437499996 0.45342270312500005 0.3436336140625 0.4544278390625 0.3435985125 0.45377050468749996 0.3462814453125 0.4534914609375 0.3443449421875 0.4527433765625 0.3416658375 0.45231904843750004 0.33963094374999997 0.4509336640625 0.3372162453125 0.45118716875000003 0.3344020578125 0.4504171390625 0.3331550734375 0.4512985453125
0 0.3783505734375 0.4481122625 0.37491401406249997 0.4474762109375 0.3723982078125 0.4471695015625 0.3700051921875 0.44743593125 0.3738468390625 0.44826111874999996 0.3770337265625 0.44985427187499993 0.3794479984375 0.45015281093750004 0.38091681093749996 0.4501481515625 0.3817289453125 0.4496550640625 0.38219174218749996 0.45027889062500004 0.3836316265625 0.45063666874999997 0.3852788203125 0.450804221875 0.3886153546875 0.4513326765625 0.3887416203125 0.45211360625 0.390068221875 0.45256734375 0.39127013125 0.4521802859375 0.3925436296875 0.45241995625 0.3926573953125 0.453179921875 0.39387844843750003 0.45370078593749996 0.398290065625 0.45321461718749995 0.39755792031250003 0.4522238234375 0.39448609375 0.45123264374999994 0.39256906406250003 0.45070121093750004 0.3906733625 0.45058447187499995 0.3851052015625 0.44950323281250004 0.38065075937500004 0.4486616671875 0.3783505734375 0.4481122625
0 0.451886921875 0.465313596875 0.45075048593749995 0.465187390625 0.4496174203125 0.46481018281250003 0.4479935421875 0.4651446453125 0.44558701093749997 0.465136834375 0.4493558078125 0.46610235468749994 0.44950461875 0.46662108281250003 0.45295548906249994 0.4675663046875 0.4583795453125 0.467120259375 0.4598004828125 0.46700835312500005 0.457847846875 0.466362125 0.455589809375 0.46600606874999995 0.45364309374999995 0.46555219687499994 0.451886921875 0.465313596875
0 0.5509034453125 0.48908175624999994 0.5530781 0.48986439531250003 0.5543198328125001 0.49011485312499997 0.5555960718749999 0.49005754687499997 0.5558816953125 0.4895127078125 0.5534495125000001 0.488618090625 0.55013543125 0.4878479859375 0.549788115625 0.4881331015625 0.5509034453125 0.48908175624999994
0 0.490665965625 0.47568105312500003 0.48999722968750004 0.4750989609375 0.4874663359375 0.4750872734375 0.4873160078125 0.4758766 0.48898770625 0.47643878281249996 0.4901642921875 0.47686085 0.49157178124999995 0.47616464531249997 0.490665965625 0.47568105312500003
0 0.529842184375 0.477298225 0.531099325 0.477261621875 0.530885909375 0.4781596046875 0.53179055 0.4787205265625 0.533566390625 0.478595225 0.5358541390625 0.478653828125 0.5382499000000001 0.4787595984375 0.539924590625 0.47867364375 0.538684003125 0.47789656875000003 0.537348734375 0.47738767187500003 0.5349835546875 0.477028884375 0.53533153125 0.47638001875 0.53217700625 0.4762505734375 0.5295619046875 0.47618125312500004 0.52892181875 0.47666678593749995 0.529842184375 0.477298225
0 0.5888276 0.4794267828125 0.589416159375 0.480355284375 0.59181695 0.4809886484375 0.592460140625 0.48114272500000005 0.5931690984375 0.4823797984375 0.59600780625 0.4835144015625 0.5978687375 0.4838107265625 0.60386371875 0.4837952328125 0.6073352171875 0.484240653125 0.6073707749999999 0.485304628125 0.6160413390625 0.4854360578125 0.61921921875 0.4858175734375 0.6222877109375 0.48614063124999995 0.624277609375 0.486152059375 0.6257892625 0.4855672734375 0.627251159375 0.48575610156250004 0.631085325 0.48676835937499996 0.630904796875 0.4858206375 0.6311308984374999 0.48557169375000003 0.6314854078125001 0.4846818203125 0.6305640078125 0.484176775 0.6263798953124999 0.48283699062499996 0.6252283515625 0.4818572890625 0.627210525 0.48205733124999994 0.6291772640625 0.48225492968749994 0.629754515625 0.4816866734375 0.6290729359375 0.4812955484375 0.6266829578124999 0.480474059375 0.624312840625 0.479567125 0.6220257625000001 0.4789549359375 0.6186973 0.47904472968749995 0.6163949671875 0.4792480046875 0.6164114265625 0.47982328750000003 0.61581830625 0.48062158125 0.6131105156250001 0.48004875 0.6112251859375 0.47930718906249997 0.6095337109375001 0.4786501203125 0.607291646875 0.47852281718749995 0.6051852906249999 0.47862740937500003 0.60407464375 0.4789276765625 0.6010362421875 0.47870430312499995 0.5987969671875 0.4783496359375 0.5980527265625 0.478024521875 0.5971054171875 0.4776830625 0.5941737921875 0.47754462656249996 0.5917851093750001 0.47758393750000006 0.5904843453125 0.47762628749999997 0.5889140312500001 0.4777224453125 0.588435184375 0.47838855 0.5888276 0.4794267828125
0 0.8212657906249999 0.53402279375 0.8192753875 0.5325163171875 0.815531628125 0.5323615703125 0.8169708984374999 0.533662109375 0.8212657906249999 0.53402279375
0 0.732984309375 0.4969419390625 0.73004850625 0.497049628125 0.7278364875000001 0.497112175 0.73131263125 0.49803767031249996 0.7350542484375 0.499104878125 0.7378518828125 0.49966979218749996 0.740304803125 0.49966438437500005 0.743750065625 0.50010565 0.7435305578125 0.4996437484375 0.7458512703125 0.49939434218749995 0.7434073546875 0.49857380312500005 0.7414699609375 0.4981609578125 0.739694915625 0.49781179218749994 0.7377907921875 0.497128953125 0.7357957125000001 0.49708031718749995 0.732984309375 0.4969419390625
0 0.6950627796875 0.49753101875 0.6938046375 0.4977936859375 0.6958127203125 0.4988489359375 0.6972189015625 0.4993595734375 0.6994418046875001 0.499468021875 0.7019353421875001 0.4991162671875 0.700730590625 0.4984825 0.6991215625 0.4981738671875 0.6971523578125 0.4978619765625 0.6950627796875 0.49753101875
0 0.8244164390625001 0.5138706828124999 0.8275644375000001 0.51592910625 0.82950153125 0.5169731125 0.833551115625 0.517654053125 0.8347812734375 0.5176479796875 0.8400589984375 0.51880503125 0.8424115578125001 0.5187141203125 0.8466386796875 0.5189533328125 0.84967120625 0.518894184375 0.8519060187499999 0.5187276734374999 0.8554966546875 0.51922993125 0.8538973750000001 0.519938471875 0.8560941671875 0.521140678125 0.8596517296874999 0.52235116875 0.864054490625 0.5230595703125 0.8669844281250001 0.5240077125 0.8681172265624999 0.5240969578125 0.8702761984375 0.5237001218749999 0.8734880734375 0.5239968484374999 0.87705535 0.5251060484375001 0.8801620015625 0.52563764375 0.8840936453125 0.525964525 0.887892109375 0.5262133625 0.892979115625 0.525987615625 0.8989193078125 0.5260583624999999 0.8953281484375 0.5249501249999999 0.893590721875 0.5245831890625 0.8902042031249999 0.523940825 0.8874510265625 0.52366454375 0.88413306875 0.5230188015625 0.8814580328125 0.522239171875 0.8792477109375 0.521811575 0.8770254796874999 0.5216589375 0.873659690625 0.5213251765625 0.870909725 0.5211285046875 0.8687679640624999 0.520697528125 0.8664030609375001 0.5199274703125 0.8637147453124999 0.5195712890624999 0.864277959375 0.5186322078125001 0.8623850375 0.518477940625 0.859234646875 0.5181925359374999 0.8561817609375 0.5175112578125 0.8561669046875 0.5173253953125 0.855884328125 0.51659248125 0.8544222390625 0.51612519375 0.85119033125 0.5152557828125001 0.8492282484375 0.51499880625 0.84626739375 0.514835175 0.84250144375 0.5150502609375 0.8422962999999999 0.5141081328125 0.8407109796875 0.5136498046875 0.8377756796875 0.51321495625 0.8368666015624999 0.5134411546875 0.8356042609375001 0.5128014296875001 0.8309008265625 0.5126829421875 0.8315063328125 0.513164846875 0.8280590328124999 0.5125666437499999 0.8250886015625 0.5125533640625 0.8218084343750001 0.5125479796875 0.8244164390625001 0.5138706828124999
0 0.8851644453124999 0.5347653890624999 0.8868618765624999 0.534346075 0.8868226953124999 0.5337244812499999 0.88467048125 0.53323964375 0.8774749546875 0.5328245296875 0.8752779343749999 0.5331220015625 0.8749007171875001 0.5334261109375 0.876084159375 0.534284309375 0.8787115171875 0.5348855328125001 0.8822397375 0.5349428609375 0.8851644453124999 0.5347653890624999
0 0.8795404421875 0.5288328734375 0.880268565625 0.5297391859375 0.8829105421874999 0.5311969921874999 0.885529478125 0.5312321171875001 0.8869391999999999 0.5311310890625001 0.8876917859375 0.5304846109375 0.8873631124999999 0.5293235890625 0.8795404421875 0.5288328734375
0 0.9233222718749999 0.5260222578125 0.9256506046874999 0.5266536375 0.927618265625 0.526965284375 0.929402253125 0.5269583390625 0.9305504265625 0.5271702484375 0.9303827609375 0.5261612859375 0.928337971875 0.525427690625 0.9257748984375 0.5249299859375001 0.9222291421875 0.524513934375 0.92198574375 0.5252616265625 0.9233222718749999 0.5260222578125
0 0.9407448875 0.5308446265625 0.9395103984375 0.531587215625 0.94170183125 0.5319343046875 0.9454010187499999 0.5330596515625 0.9496086531250001 0.53311226875 0.9519460796875 0.5337561625 0.9549698624999999 0.5341417468749999 0.9572662046874999 0.5349151828125 0.95937988125 0.53530374375 0.962420584375 0.535302840625 0.9647196859375 0.535399628125 0.9694595109374999 0.53534828125 0.9731266015625 0.5356474984374999 0.974671646875 0.5352214515625 0.975286153125 0.5347176296875 0.9766299265624999 0.5340841046875 0.9766177515625 0.5327026921875 0.9755445843749999 0.5319173312500001 0.97397233125 0.5319957796875 0.969922990625 0.5318226921875 0.9703604859375 0.5315075640625 0.9697165140624999 0.530269709375 0.9670389187499999 0.5302553515625 0.9629776031249999 0.530157884375 0.9591532484374999 0.5296929625 0.95522535625 0.5291626 0.9532038390625001 0.528511790625 0.9498947624999999 0.5284891703125 0.94599405625 0.528526296875 0.9454625218749999 0.529125525 0.9444001390625001 0.5292309421875 0.93990943125 0.529147728125 0.9371052984375 0.5294328890625 0.941630346875 0.5307475734375 0.9407448875 0.5308446265625
0 1 0.5391681312500001 0.9982944015624999 0.5383934171875 0.9941047359375 0.5377978640625 0.9913509312500001 0.5369662109375 0.9867750796875001 0.536741371875 0.9830144984375 0.5366029453125 0.978067721875 0.536093134375 0.9736385421874999 0.5359310749999999 0.9701356234375 0.5357939093749999 0.9682047624999999 0.53615885 0.96694711875 0.5372473875 0.9636244359375 0.537480475 0.96528981875 0.5383422328125 0.9670855828124999 0.5391898375 0.9704514390625001 0.5397229375 0.974842415625 0.539766625 0.978517096875 0.539987946875 0.9802181171875001 0.5410641703125 0.984835853125 0.541863571875 0.9896127031249999 0.5418481468749999 0.9995210296874999 0.5423749484375 0.9996405562499999 0.54162029375 1 0.5393508546875 1 0.5391681312500001
0 1 0.510460178125 0.9971324609375 0.5097021625 0.9924804999999999 0.5089590359375 0.98657336875 0.5082101125 0.983171915625 0.507881778125 0.9945949234375 0.507784721875 0.9939269953125001 0.5066981078125 0.9909910343749999 0.5061176125 0.9867234765624999 0.5061836453125 0.989672621875 0.5051826687500001 0.9877611265624999 0.50377728125 0.9841566343749999 0.5033724921875 0.9810661640625 0.5022992609375 0.9760680046875001 0.50137474375 0.9715436890625 0.5010742234375 0.9679703453125 0.50093223125 0.9605748140625 0.500721153125 0.9555313312499999 0.50064214375 0.9509150390625001 0.5005627687499999 0.9488489546875 0.5010423421875 0.9506598593750001 0.5023337156250001 0.9480394421874999 0.50233790625 0.9466463125000001 0.5029034984375 0.94880420625 0.5042514125 0.9466091546875001 0.504506484375 0.944425990625 0.5052158828125 0.9469026250000001 0.506239353125 0.9446329375 0.50714545 0.9519940234375 0.5082132500000001 0.9558960109375001 0.5085575812500001 0.9597304109374999 0.5097581328125 0.9585107734375 0.510526803125 0.9524299046875001 0.509066946875 0.9441897671874999 0.5072666781249999 0.940867796875 0.5073654109375 0.9399785093749999 0.5081658375 0.9359127265625 0.50840620625 0.9336355609375 0.5086403609375 0.9350734562499999 0.5099296078125 0.9284597343750001 0.5089374671875 0.9290656374999999 0.507908646875 0.9253908796875001 0.5071684249999999 0.9221576765625 0.5069664031250001 0.9210163703124999 0.505472596875 0.9209201218749999 0.504941628125 0.9217999625 0.5040210578125001 0.91688519375 0.50384853125 0.9106884125000001 0.5039095812500001 0.90710245 0.5043366828125 0.902580925 0.5038087984375 0.8987126249999999 0.5033416625 0.896678628125 0.501780821875 0.8950810203125 0.5017097125000001 0.89237064375 0.502471659375 0.8855295921874999 0.50055760625 0.8832447718750001 0.4998113046875 0.8779940703125 0.49990196875 0.8725941921875 0.4990467109375 0.873270878125 0.4977807328125 0.8713849687499999 0.49757220625 0.8680385421875 0.49734592343750006 0.8627099046875 0.497678940625 0.8553861671874999 0.4968148046875 0.8521667109375001 0.4964061390625 0.85149474375 0.49714290468750005 0.85444170625 0.4981633484375 0.8420854265625 0.49574278749999995 0.8400206953125 0.49645354218750004 0.833181125 0.49500957031250004 0.8307126 0.4948638015625 0.825996109375 0.493509303125 0.8264476046875 0.492796153125 0.8232554750000001 0.49163562968749996 0.8159889296875 0.49177877968750006 0.8125074921875 0.49105652031249997 0.8069348546875 0.49050295312500003 0.8077903359375 0.4914341828125 0.8060955468750001 0.4912575078125 0.8028044328125 0.491550965625 0.798870128125 0.4921997421875 0.7817739765625 0.49027031093750006 0.77071780625 0.4888403265625 0.7571733093749999 0.4868801796875 0.7507731109375 0.4864676390625 0.7412754296874999 0.485036125 0.7519072703125 0.486088834375 0.75269986875 0.4853395359375 0.7480624687499999 0.484045025 0.7461600078124999 0.48328176718750004 0.7458164640625 0.4819649375 0.7432506453125 0.48211382656249996 0.7342396140624999 0.48034649375000005 0.7314773359375 0.4792287421875 0.7220220796875 0.47757930625 0.7193798874999999 0.47657232968749996 0.7146892499999999 0.4756838640625 0.710304078125 0.47556357812499994 0.7059477015625 0.4751915734375 0.702363515625 0.47427902343749995 0.689828884375 0.47366372500000004 0.6853456390625 0.47275431875 0.6812529046875 0.47210609375 0.676683140625 0.4720625640625 0.6754682296875 0.472971196875 0.667656815625 0.470851246875 0.663059890625 0.470529734375 0.6596990578125 0.4713832421875 0.65563454375 0.47015731875 0.6500779718749999 0.46828376250000003 0.6458142375 0.46850543437500003 0.6455194609375 0.46950759687500004 0.6423340515625 0.4687341421875 0.6396323203125001 0.4678933328125 0.6375452578125 0.46637787499999994 0.6314268765625 0.46641337343749995 0.62911169375 0.4656290421875 0.6257686796875 0.46506159374999995 0.62247749375 0.46448653437500004 0.617317825 0.46446189374999997 0.613251240625 0.4639981546875 0.609537128125 0.4629970015625 0.6054394624999999 0.46246980625 0.601608475 0.46245627968749997 0.5979608203125 0.461604865625 0.5940554203125 0.46058290625 0.5902054921875 0.46076887187500004 0.5848899234375 0.45976086250000003 0.5919487796875 0.4594108 0.5923726671875 0.4583325859375 0.5889909609374999 0.45764985312500006 0.590529846875 0.4556645828125 0.5874573640625 0.45519693281249995 0.5860874593750001 0.454756903125 0.589123746875 0.45379504062500003 0.5802666984375 0.45430166875 0.5769816328124999 0.45400758750000003 0.5760284234374999 0.454622290625 0.573126615625 0.45515458906250006 0.5694376703125 0.4557125046875 0.573675040625 0.45677596875 0.570368609375 0.45682653906250004 0.5664008984375 0.455818440625 0.5615276578125 0.4550940546875 0.5587154875 0.45486063593750004 0.5545523593749999 0.45516626562500007 0.5540273375 0.4559041578125 0.54408191875 0.45514209375 0.539822 0.45418105156250005 0.5356912078125 0.45362329843750004 0.529827215625 0.45354089062499997 0.5257881375 0.453652603125 0.5235809890625001 0.453554559375 0.5189316500000001 0.45361391093750003 0.5157408875 0.45367330937499994 0.5073653203124999 0.45122987343750004 0.5037779578125 0.45135617968749997 0.5006452203125 0.45118905312499996 0.49820533593749994 0.45026315937500005 0.49457770468750006 0.450174265625 0.49049514531250005 0.448972378125 0.4902878359375 0.44865320625000005 0.4914626375 0.448217559375 0.4866512796875 0.44752195781250004 0.4853394671875 0.44756414062500005 0.4826223625 0.44863825312500005 0.4788629734375 0.4480428234375 0.46987276875 0.44876091249999994 0.4641627953125 0.44764613750000004 0.46460101875 0.446657203125 0.4610325640625 0.4464843453125 0.456024925 0.4468682046875 0.45072560937499995 0.4461870734375 0.45231741249999996 0.4453159859375 0.45123067656250004 0.4445363859375 0.4493423890625 0.44454263125000004 0.44592370312499996 0.444752603125 0.44409758125 0.4440267484375 0.44303061093749996 0.44353187031249997 0.4400576390625 0.4428853984375 0.43751772187500004 0.4425511390625 0.4319321546875 0.4428782671875 0.4306541265625 0.44242747656250003 0.433046940625 0.44156302812500003 0.43304474531250003 0.4407179046875 0.43180297031250003 0.4405576125 0.4282414265625 0.4410502796875 0.4265120265625 0.43986356875 0.42366319218750004 0.43986163906250003 0.42067555468749995 0.439817159375 0.415736159375 0.43882126875000005 0.41204276249999994 0.4381587765625 0.40934970000000004 0.4375329078125 0.405519025 0.43669838437499997 0.40227658593750004 0.4357656078125 0.401934646875 0.434997978125 0.399869153125 0.435264078125 0.3972678578125 0.43553706875 0.3974119234375 0.43629550625 0.40106791406250003 0.4368745578125 0.40325670625 0.436798840625 0.4001686234375 0.4373585875 0.39912735312500003 0.4378201296875 0.3979140984375 0.4379791671875 0.395605971875 0.437559809375 0.393943015625 0.4375716859375 0.39047810781250003 0.43778382968749996 0.38645379062499996 0.437432778125 0.383947575 0.43745505625 0.38204941406250004 0.4378932 0.38799324375 0.43952909843750004 0.38943197343749997 0.44009393125 0.3904268796875 0.44095390781250005 0.3887558328125 0.44072720624999995 0.3758288140625 0.439013565625 0.3735667171875 0.4388229734375 0.3717188796875 0.43900331562500006 0.370778678125 0.43823743125 0.368439690625 0.43797296562500004 0.3652498328125 0.4381764671875 0.362607796875 0.43871668750000004 0.36578031875 0.439771275 0.3627984625 0.4408888828125 0.3647223890625 0.4416064984375 0.367108878125 0.442250253125 0.36956812499999997 0.44226483125 0.3722293859375 0.4428018171875 0.3753415203125 0.44375825 0.37739288125 0.4440008921875 0.3798397734375 0.44471274687499995 0.3794935453125 0.445610259375 0.38110737656250004 0.4455589609375 0.38320886875000004 0.44526534218749997 0.386309284375 0.44575639999999994 0.389548009375 0.4461333140625 0.3916506703125 0.4461119796875 0.3928403015625 0.4469411 0.3982481296875 0.4474764734375 0.4028896234375 0.44870519062499997 0.4053171765625 0.449089678125 0.409771 0.45020482656249994 0.411347921875 0.45038656093749996 0.415854859375 0.45050714843749995 0.41898851718749996 0.450788321875 0.42181673750000004 0.4512599984375 0.42400889062499997 0.452141909375 0.42601228124999996 0.45213807343749995 0.429296459375 0.4519083796875 0.4320653796875 0.45187550468750004 0.43503366874999994 0.45178245156249996 0.43728979843750004 0.451711071875 0.4403813421875 0.45138917031250003 0.443455171875 0.450909428125 0.44487124375000003 0.4500991 0.44387085937500004 0.4484646703125 0.4406783265625 0.4481456953125 0.437353865625 0.447171453125 0.4502046453125 0.4486373046875 0.4573353203125 0.4494518796875 0.4559255875 0.44872395000000004 0.4606487828125 0.449986171875 0.4566455109375 0.450301303125 0.4546462 0.4507787953125 0.456131365625 0.45089062812499997 0.4606012453125 0.4518944171875 0.46316985781250003 0.45269673906249996 0.464850221875 0.4533140828125 0.467848125 0.453803140625 0.47068393437499995 0.4545465375 0.4758513765625 0.454961575 0.476844075 0.4555158796875 0.4813759328125 0.45668768281250005 0.48428412656250003 0.4570739421875 0.48566500625 0.4566456234375 0.4886491828125 0.4564522578125 0.489884234375 0.457084496875 0.4940014640625 0.457807790625 0.49707684687500003 0.4586666484375 0.49858985312500004 0.458822440625 0.5004962374999999 0.45851215781250004 0.501928309375 0.4587294828125 0.506015709375 0.45932149375 0.5087257078125 0.460199996875 0.5086365484375001 0.4606430671875 0.50878183125 0.4612340078125 0.51016566875 0.46209546875 0.51146931875 0.46247438125 0.514260578125 0.46294969531249996 0.5155927453125 0.46348815937500004 0.5172410328125 0.464427890625 0.511787921875 0.46311966718750003 0.5072181578125 0.4630761375 0.505467378125 0.46277352968749996 0.501332215625 0.4632022375 0.5000164687499999 0.46297960624999995 0.49844072968750003 0.4625307046875 0.49504125156249995 0.46231975 0.4957751703125 0.4633393 0.4942158703125 0.4633359546875 0.49281113750000005 0.46421452343749997 0.4950458203125 0.46482790625000003 0.49542875625000005 0.46564632499999997 0.4959822765625 0.46646644843749996 0.49767872031250004 0.4672619375 0.49848283281250005 0.46774840468749995 0.49911095625 0.469346021875 0.5013614546875 0.47051876562499995 0.50300548125 0.4715353390625 0.5082029984374999 0.47106132343749996 0.5137428234375 0.4714325125 0.5227878640625 0.471047415625 0.5243861859375001 0.47098416875 0.5226706703125 0.470149275 0.5225894765625 0.4697330109375 0.5292297203125 0.4701282015625 0.5337215640624999 0.47089342656250005 0.5359892078125 0.4720578125 0.537820840625 0.4731483953125 0.544565303125 0.4728656046875 0.5447191203124999 0.47174461562500003 0.543693075 0.47043200937499996 0.5423731 0.4698764921875 0.5391415265624999 0.46847559062500005 0.5396533046875 0.46740180625 0.5416707374999999 0.467419178125 0.54268003125 0.46757903437500004 0.5458715234375 0.46837401874999995 0.54682805 0.46931650625000004 0.5474360046875 0.469942759375 0.5466219859375 0.4708073125 0.548082978125 0.4723802265625 0.549474440625 0.47275406562500005 0.5516284765624999 0.4733372734375 0.5539609546875 0.4731134609375 0.556816878125 0.4730706359375 0.5579522156250001 0.47277427968749997 0.560112065625 0.4730910546875 0.5633840953125 0.473807040625 0.565533865625 0.47430731093749995 0.5680367453125 0.474635703125 0.5703878875 0.4746236671875 0.5728462484375 0.4751332625 0.5751815109375 0.47554109999999994 0.5769058578124999 0.4754013140625 0.5793539140624999 0.47520687968750003 0.5817253390625 0.47490697343750005 0.5838105890625 0.4746060359375 0.5849483703125 0.474294246875 0.5854624203125 0.4735656921875 0.5826356953125 0.473024646875 0.57979345 0.47215209218750004 0.5791202328125 0.47142849375000007 0.5797970625 0.47088075468749996 0.58208113125 0.471501959375 0.58563264375 0.47177179843749995 0.5885497125 0.4721120046875 0.5910771359375 0.4720756828125 0.5934226078125 0.472538925 0.5976356640625 0.47297682031250005 0.6004294921875 0.4730064234375 0.603638175 0.47335326718750004 0.6074154515625 0.47425526875 0.6098087546875 0.474406525 0.6137623015625 0.47496468125 0.6168621609375 0.4747500890625 0.6187040921875 0.474347334375 0.6196211546875 0.47390092343749995 0.6213704140625 0.4739833953125 0.62429690625 0.474154240625 0.6252641 0.4731715703125 0.6238408953125 0.4730980265625 0.6218054796875 0.47212545625 0.6162038609375 0.47017674062500003 0.608905065625 0.4689653546875 0.6303308328125 0.4715156703125 0.632813990625 0.4719785703125 0.6355724671874999 0.4727207921875 0.6381589296875 0.4735702359375 0.63677373125 0.47419561874999994 0.6382201953125 0.4748913984375 0.6393194203125 0.475372403125 0.6379955171875 0.47573064687500005 0.639505465625 0.47633523593750005 0.6436556828125 0.476530628125 0.6466073609375 0.47686207812500003 0.649945703125 0.47802835625 0.6482967125 0.47907072968750003 0.6502873296875 0.47910758593749997 0.653421696875 0.4796040203125 0.658416578125 0.480249590625 0.6607083234375 0.4806125671875 0.6638032046875 0.481468184375 0.6666805124999999 0.48171982968749993 0.67013956875 0.482024065625 0.6741184171875 0.48199298749999997 0.6774219296874999 0.48294967499999997 0.6789151703125 0.483330140625 0.681505340625 0.48355687343750003 0.6841603578125001 0.48424315937499995 0.6854886 0.4853457671875 0.6874729671875001 0.485372140625 0.6897076125 0.4852166765625 0.692776509375 0.4853673625 0.6956303187499999 0.48566749218750005 0.6983870953125 0.485721284375 0.70280790625 0.4860560359375 0.70619536875 0.48659255625000003 0.7096677109375 0.48714252187499996 0.7174697046875 0.4875540265625 0.720481890625 0.4873935734375 0.72322459375 0.48697687187499994 0.725317871875 0.48738434843749995 0.728105978125 0.48765983437499993 0.7308230796874999 0.48795412968749996 0.7340889109375001 0.4883796328125 0.7382506890625 0.489371009375 0.74213541875 0.49047353749999995 0.7431843390624999 0.49083267187499996 0.7449065828125 0.4913554015625 0.7479504953125 0.49143410468750004 0.7512364812500001 0.49184223437499996 0.754534396875 0.492614525 0.757340996875 0.49311283437500003 0.7601595999999999 0.4933156328125 0.764706440625 0.49373362343749994 0.7670050390625 0.49437295 0.769558790625 0.4948296296875 0.7714807421875001 0.49492047031249997 0.77431624375 0.49511645312499997 0.7784732234375 0.495608746875 0.7779626921875 0.49645492343750003 0.7812412 0.49670050625 0.7842947328125 0.4970480890625 0.7875025250000001 0.4977301703125 0.786239196875 0.4983052484375 0.787170096875 0.498650434375 0.7927308656250001 0.49887940000000003 0.796056890625 0.499474215625 0.7979540593750001 0.5000910921874999 0.8013471234375 0.500971790625 0.800981471875 0.5012128703125 0.79813446875 0.5016288734375001 0.800148959375 0.5028733937500001 0.8039496765624999 0.5038471312499999 0.8084726968749999 0.5043056453125 0.8132118187499999 0.506236403125 0.813645940625 0.506012496875 0.81474311875 0.5055076046875 0.818910834375 0.50580226875 0.8218883874999999 0.5058704625 0.8266225 0.5058751609375001 0.8286636515625 0.5060623984375 0.8307372984375 0.5055650390624999 0.8332438015625 0.505451053125 0.8367018421875001 0.5065208046875 0.8384688984374999 0.5069304 0.841084096875 0.507648346875 0.8429640968750001 0.5079840765625 0.8456318953125 0.507930440625 0.8485887828124999 0.5082389859374999 0.8522123640625001 0.5088129046875001 0.85594456875 0.509350240625 0.8613132875 0.5101325375 0.8646818671875 0.5102389328125 0.86847076875 0.510098671875 0.8704985437499999 0.5100607312500001 0.8712870890625 0.50912728125 0.8703908359374999 0.5080139953125 0.8727352390625001 0.5085039609375 0.876503896875 0.5089110203125 0.8802569015625 0.5090972875 0.8848804796874999 0.509570146875 0.8888744578125 0.5096632765625 0.8916413125 0.5095335734375 0.893892640625 0.5098221234375 0.8975791609374999 0.510428159375 0.900925559375 0.5112239484375001 0.9028734640625 0.5115704328125 0.9055818999999999 0.5118095703125001 0.90828848125 0.5118506671875 0.910434665625 0.5120339734375 0.914413275 0.5136924078125 0.9216264875 0.5148348687500001 0.924220721875 0.5145465203125 0.9272121062500001 0.5147371359374999 0.9310665968749999 0.51537135625 0.9338164046875 0.5158986390625 0.933844446875 0.5150124265625 0.9345728 0.5149284578125 0.937487846875 0.5161004625000001 0.9402290703125 0.5167418687499999 0.9476123031249999 0.51702060625 0.9506967921875 0.516843128125 0.9535499218749999 0.5173772828125001 0.9559453765624999 0.5179544328125 0.9562039984374999 0.5188385875 0.95947513125 0.519220634375 0.96162248125 0.5195164453125 0.96648223125 0.5202560968750001 0.9701097328125 0.521124884375 0.9719969953125001 0.522073990625 0.97493253125 0.522187734375 0.9790986937499999 0.52216259375 0.982983628125 0.5224947328125 0.9853022609375 0.5226879515625 0.9908776859374999 0.5225047593750001 0.9947825203124999 0.5225015078124999 0.9989051124999999 0.5232209046875 1 0.5235611312499999 1 0.5143503093749999 0.9953962640625 0.514071859375 0.9915717609374999 0.51425710625 0.9906432734375 0.51532500625 0.98099371875 0.513154384375 0.98783106875 0.51295433125 0.9911180937499999 0.512377053125 0.99358094375 0.5118195265625001 0.9968648874999999 0.5119109359375 1 0.511741903125 1 0.510460178125
0 0.91219403125 0.5003165 0.9080861625000001 0.49989368125 0.905569465625 0.50043160625 0.9033047375000001 0.5011565625000001 0.9043209031250001 0.50172249375 0.9083175578124999 0.5023381 0.9105506640625001 0.502342171875 0.9122816531250001 0.5030893453124999 0.9164053390625 0.50305273125 0.9204300390625001 0.5029419046875 0.924087375 0.5030829625 0.9251818593750001 0.5019258703125 0.9219428468749999 0.50113126875 0.918250940625 0.5002396250000001 0.914020228125 0.500033065625 0.91219403125 0.5003165
0 0.8389198203125 0.48803233593749995 0.8424782015625001 0.48956726249999993 0.8457726718749999 0.49058105 0.8480249437499999 0.4907637578125 0.8496576203125 0.49088313437500003 0.8546540109375 0.49091988124999997 0.8586516453125 0.4906703015625 0.8601179890624999 0.49039156874999995 0.85732351875 0.4893272515625 0.8544499578125 0.48871234531249996 0.8501898859375 0.48824169062499995 0.8456076265625001 0.48782758125000003 0.8401471687500001 0.4876145046875 0.8389198203125 0.48803233593749995
0 0.9776813984375 0.483027815625 0.976571490625 0.484502025 0.976975221875 0.48582838749999996 0.9848089359375001 0.4876876796875 0.988888671875 0.48799846718750006 0.9929167796874999 0.48738669375 0.997707675 0.48704285937499997 0.999336196875 0.48667907499999996 0.9987079578125 0.4853219015625 0.9953506421875 0.48374605 0.9904665171874999 0.48386946093749994 0.9869940796875 0.48368966406249997 0.9826420046875001 0.48264125468749997 0.979873640625 0.4823609859375 0.9776813984375 0.483027815625
0 0.9459641328125 0.47197221718750004 0.9401379984375 0.4722201109375 0.939310925 0.47337684375 0.9420357296875 0.47370241875 0.9434446171875001 0.4738164078125 0.9485768875 0.4742337859375 0.9496206640624999 0.4737963703125 0.9485074062500001 0.4725949265625 0.9459641328125 0.47197221718750004
0 0.9145767203125 0.4587540953125 0.9146894187499999 0.460559578125 0.91618255 0.4618496625 0.9181706281249999 0.46227211874999996 0.9213252437499999 0.4623810125 0.9260608515625 0.46180694375 0.9269315671875 0.4607741890625 0.9250336609375 0.4600021609375 0.920815078125 0.458720196875 0.9166231687499999 0.4577193015625 0.9145767203125 0.4587540953125
0 0.8591083953125 0.4539664296875 0.8578588984375 0.455682721875 0.86463305625 0.4561513265625 0.8591083953125 0.4539664296875
0 0.9596213562499999 0.441837671875 0.9533407515625001 0.44188860781250006 0.9501125625 0.44377242499999997 0.9544226046875 0.444896440625 0.957204115625 0.44435458125 0.9638795218749999 0.4439184765625 0.9596213562499999 0.441837671875
0 1 0.38660049218750003 0.996672796875 0.3863933703125 0.99697110625 0.385478775 0.997525375 0.3838770125 0.986442796875 0.383822328125 0.9805151390625 0.38285342187500004 0.9748883484374999 0.38122344375 0.9710406046875001 0.380916178125 0.9649492937499999 0.380740815625 0.9584485062500001 0.381233053125 0.9553078312500001 0.3798275640625 0.9524657734374999 0.379583084375 0.9473550796874999 0.37821044531250003 0.9431449375 0.37660551249999996 0.9397321515625 0.377896909375 0.9363600125 0.37776305468750004 0.929488590625 0.376510203125 0.9258623343749999 0.3764326015625 0.921993925 0.3753468953125 0.9180396 0.3733553453125 0.914144284375 0.37281906875000004 0.9107936359375 0.372929078125 0.9053028203125001 0.3728377515625 0.9017672046874999 0.372277765625 0.89871245 0.3719379 0.896106890625 0.372127953125 0.890552040625 0.3710725515625 0.8869157578125 0.370389046875 0.8823318921875 0.3699351328125 0.8798245703124999 0.37074347812499997 0.8753579171875 0.370808034375 0.866643475 0.3698549375 0.8616600828125 0.369136834375 0.8554953281250001 0.36915549531249997 0.85339333125 0.3679540671875 0.8477297234375 0.36653656875 0.843401334375 0.3645395609375 0.8369754890625 0.3628905984375 0.8271888328125 0.36136585625 0.824372415625 0.36016043125 0.8170452328125 0.3585189984375 0.8094487796875001 0.3585576890625 0.8010136609374999 0.359366859375 0.7963204828125 0.3598827859375 0.7913678265625 0.35944006875 0.7877161265625 0.3587240640625 0.791417834375 0.3603528796875 0.7886916703125 0.36049535625 0.7795170421875001 0.35787315625 0.7752123609375 0.3581136546875 0.7718311140624999 0.3579973421875 0.769593190625 0.35685506562499997 0.765152859375 0.3562340484375 0.763820046875 0.35755746875 0.760162528125 0.3579669109375 0.7533818515624999 0.3571998609375 0.7458651109375001 0.3556565453125 0.742995465625 0.3546673296875 0.739023421875 0.35286755625 0.7355264890625001 0.351593896875 0.7285790640625 0.3513003421875 0.72387028125 0.3506462984375 0.720565825 0.351833040625 0.7128361421875 0.3496864875 0.713468775 0.348818515625 0.7105078515625001 0.3474367515625 0.705105884375 0.3472139546875 0.700222153125 0.347704446875 0.7000328812500001 0.3466920625 0.69566044375 0.34576223906250003 0.6926124609375 0.3455294390625 0.6921924546875 0.3476618640625 0.68839289375 0.346990465625 0.6831190031250001 0.34579921874999997 0.675017840625 0.34622781874999997 0.6691294640625001 0.3456701203125 0.6654097640625001 0.345822925 0.65777106875 0.3460384359375 0.6554622984375 0.345093759375 0.6616808234375 0.3440664015625 0.6635132031250001 0.3430847125 0.6632285328124999 0.34180568437500003 0.6583076796875 0.3411022328125 0.6548047171875 0.3405458359375 0.6515990921875 0.341278384375 0.6451790546875 0.3392032078125 0.64427170625 0.3375107421875 0.6455777859375 0.3363760890625 0.643100278125 0.3353081859375 0.63770790625 0.33506476093750004 0.6341098703125 0.3349188578125 0.6279007203125 0.33519784218750004 0.626417303125 0.3343158640625 0.6222400734375 0.332682921875 0.6196747578124999 0.332289271875 0.6147742359375 0.33187696093749997 0.611032384375 0.331640253125 0.6065932796875 0.3316806984375 0.6043491515625 0.3319659625 0.6025576109374999 0.3333290484375 0.6001365578125 0.33464147031249997 0.5963606578125 0.3342601578125 0.5905782828125 0.3343915875 0.5880877 0.3345049328125 0.58326294375 0.3353322359375 0.5804695890625 0.3338014109375 0.5788100296875001 0.33299278125 0.5751743171875 0.331966078125 0.56943760625 0.3324084796875 0.564517521875 0.33230946562499997 0.5608965140625 0.332468409375 0.5551363046875 0.3324498984375 0.549692809375 0.3327789625 0.5435316921875 0.33232518906249997 0.5412125171875 0.3319056625 0.5357428375 0.3309317765625 0.5314561234374999 0.3296105453125 0.521589946875 0.32994626875 0.5175573484375 0.328568784375 0.51189264375 0.3287663109375 0.508978128125 0.3259728625 0.503663315625 0.324230934375 0.4934317703125 0.32353745625 0.48291354843749995 0.324913675 0.4796879703125 0.3252428234375 0.4782219828125 0.326647978125 0.47453013750000006 0.32579589375 0.47108067499999995 0.32343344375 0.46694312968749996 0.3228983515625 0.46099944375 0.3229994859375 0.457957021875 0.3242198203125 0.45298158906249997 0.322482603125 0.44897691718750005 0.321987540625 0.449012053125 0.3207069578125 0.447464575 0.3185714 0.44126875 0.3193555625 0.43658575156249996 0.3199870046875 0.43236395625 0.32152203125 0.4255468265625 0.3198664640625 0.4231171546875 0.3181369625 0.42061410625000006 0.31781961718749996 0.417407628125 0.3176186640625 0.4126113375 0.31547952343749996 0.411560825 0.31454113437500003 0.4063579875 0.31340068906249996 0.4033197515625 0.31214747656249997 0.39990246875 0.3112898359375 0.401481759375 0.312465428125 0.4003745515625 0.3132234296875 0.3974719125 0.31311173124999997 0.3929659921875 0.313244421875 0.3856959390625 0.31155192187499997 0.38057415156249996 0.3106188984375 0.37748715625 0.3107722484375 0.3662154546875 0.30803621875 0.3658414046875 0.3074913078125 0.36314034375 0.3060969140625 0.3602185890625 0.3079137828125 0.3577633296875 0.307884015625 0.356434109375 0.3057687875 0.352387178125 0.3034430125 0.349709775 0.30268832031250004 0.346714 0.30284504375 0.343592540625 0.30270659843750003 0.33743795468750004 0.301502421875 0.3344375859375 0.3003896734375 0.33129144843749997 0.2997078640625 0.3268074125 0.29994210312499997 0.32214827343749997 0.30028307656250003 0.31884821093750004 0.3007728625 0.3161028 0.301076815625 0.314592971875 0.3019197546875 0.31620230781249997 0.3027757984375 0.3182499015625 0.30376137187499996 0.31922910781249997 0.304330940625 0.322111596875 0.30461979375000003 0.3225149109375 0.30528956875 0.3235311359375 0.30573527968750003 0.3253997015625 0.3063729375 0.3222242078125 0.3071150046875 0.32100065 0.3060606171875 0.3181462265625 0.3056844546875 0.31490835 0.305571865625 0.311328746875 0.304590434375 0.30887321874999996 0.3032539140625 0.3063507703125 0.303588434375 0.3046522125 0.3041546921875 0.3014753203125 0.305105359375 0.29914046875 0.30519432812499997 0.2956023046875 0.30470038125 0.2873885890625 0.3030229453125 0.283118446875 0.303055346875 0.2764357921875 0.302848021875 0.274390178125 0.3016302125 0.266942103125 0.3005423078125 0.2683124953125 0.298941665625 0.2677742796875 0.2973756890625 0.26500679531250004 0.2959312265625 0.264811490625 0.2949669265625 0.2651900109375 0.2932961953125 0.2645531421875 0.293002325 0.264278234375 0.292201015625 0.2670883 0.2920781578125 0.2688353453125 0.2927139703125 0.270624725 0.29264301875 0.27413280156250003 0.292527884375 0.275701059375 0.292654459375 0.280225509375 0.2938630578125 0.2815555328125 0.29429518906249996 0.284996046875 0.2948163828125 0.287467428125 0.2944247328125 0.2911329265625 0.2936352984375 0.29546483437500004 0.2913251421875 0.2934281203125 0.290350784375 0.28997439375 0.28892418750000004 0.286443484375 0.2883744390625 0.2884686328125 0.287374240625 0.2876465515625 0.286411915625 0.2845404484375 0.287285203125 0.28142698125 0.2852085203125 0.2775891875 0.2839694640625 0.2744512453125 0.2829662296875 0.2686955484375 0.281151309375 0.26499121875 0.2802482046875 0.261933790625 0.280914053125 0.2651290359375 0.28201495312499997 0.2658537984375 0.28247303437500004 0.2614439921875 0.28273801249999997 0.2574385265625 0.283736209375 0.25392775156249997 0.282529965625 0.2512180359375 0.282418765625 0.24700606875000003 0.283612059375 0.2475281140625 0.285020440625 0.2489296859375 0.28566006875 0.24674491875000001 0.2859800484375 0.24491532343750003 0.28657459375 0.2388646625 0.2846243640625 0.236033628125 0.2845999421875 0.23266071250000003 0.28405148750000003 0.22979354999999999 0.2833062890625 0.2290905828125 0.28211129687500003 0.22726125000000003 0.281305834375 0.22446334375000002 0.2813119703125 0.2228274234375 0.2810133171875 0.2204508609375 0.2811858515625 0.21963858281249998 0.28197949218749996 0.2215715875 0.2832490734375 0.2179757171875 0.28248021562500003 0.20917691718750003 0.281100859375 0.2156337609375 0.2800970109375 0.2188766296875 0.2791093359375 0.2183961765625 0.278207446875 0.2166348140625 0.2776120796875 0.2138780734375 0.2781673546875 0.21188726406249997 0.277852040625 0.2089868109375 0.2772471125 0.19809072656249999 0.274836346875 0.19602057343749998 0.2736336328125 0.194474965625 0.27217545625 0.190561778125 0.2718119484375 0.188664915625 0.2712330875 0.1887497359375 0.2698385625 0.18712396250000002 0.269555753125 0.18570243125000002 0.27074014687500003 0.1844997546875 0.2710321640625 0.18220838749999999 0.2715757203125 0.18196448125 0.27219677343750004 0.1840588859375 0.2734760984375 0.18639671875 0.273438225 0.1890244921875 0.2741866375 0.1887509765625 0.27489475625000004 0.1898651453125 0.2758906875 0.18853339687499998 0.27651820625 0.186824675 0.2774482921875 0.18618069843750001 0.27859764062500003 0.18412208593749999 0.279079978125 0.18186867812500002 0.2792340515625 0.17939825 0.2793300234375 0.17658718281250002 0.2801883421875 0.176748853125 0.2809954453125 0.178318690625 0.281381715625 0.178847303125 0.2821393609375 0.1806084625 0.282136709375 0.183453228125 0.2824939390625 0.1860406859375 0.2829575390625 0.187981559375 0.28373795468749996 0.19100326875 0.28472594375 0.1862131875 0.2857438296875 0.1835496265625 0.284921721875 0.17999661250000001 0.2840520765625 0.17637183750000002 0.28342576406250003 0.172778171875 0.28280279531249997 0.16805458906249998 0.28184266875 0.1655346171875 0.280223840625 0.1632683828125 0.279170415625 0.1607364203125 0.279185453125 0.1608362296875 0.2787250859375 0.161519778125 0.2770362234375 0.159960215625 0.2763953 0.157061128125 0.276500896875 0.1539485546875 0.2771453546875 0.1512164234375 0.2775352546875 0.1472156375 0.2757072 0.1427253359375 0.27443282343750003 0.14033600625 0.2737870359375 0.136569625 0.2738849875 0.1333651765625 0.27164360625 0.129993809375 0.27125517656250003 0.12758560937500002 0.27065860625 0.1297322296875 0.270100034375 0.13630979999999998 0.2726288765625 0.14122257656249998 0.27357309218750003 0.143536684375 0.27320557343749996 0.14772338437500002 0.2721917859375 0.1465418484375 0.27125162812500003 0.14314374531250001 0.27003317187500003 0.140393515625 0.2691989203125 0.1352040203125 0.2686933796875 0.129663078125 0.2672605078125 0.13171769687499998 0.26561478437499997 0.1333065625 0.2640930390625 0.132217621875 0.263167546875 0.1272618296875 0.26214533125 0.11618217812500001 0.25885596875 0.110560146875 0.257465621875 0.1055017671875 0.25745069531250003 0.10380994375000001 0.2558269828125 0.1017205578125 0.25628388125 0.09593588125 0.25613019062500003 0.093802271875 0.2564867484375 0.097048521875 0.258114615625 0.0947771421875 0.2591612421875 0.08665063125 0.2611282546875 0.08865962499999999 0.2619779921875 0.0927526328125 0.2630739609375 0.0947091359375 0.26429505937500003 0.09702955156250001 0.265345990625 0.09663382499999999 0.265966728125 0.0979268359375 0.26668249843749997 0.0993177609375 0.2674992046875 0.10013720625 0.2687079 0.10267699999999999 0.2694724375 0.1029639 0.2701680703125 0.1055235734375 0.27046749062500003 0.109878009375 0.2713311828125 0.11095840937499998 0.272280634375 0.1075578734375 0.27292536093750003 0.1070925953125 0.27511389375 0.1080404140625 0.276600784375 0.112885253125 0.277434575 0.1163243875 0.2788034890625 0.1114139734375 0.279202746875 0.1169575625 0.281727603125 0.1116470078125 0.28025844843750003 0.10491348125 0.27788525000000003 0.10273416875000001 0.27818078281249997 0.106703965625 0.2804342265625 0.110583365625 0.282659115625 0.11313602812500001 0.2845409828125 0.11662046875000001 0.28697225312499997 0.1221778125 0.290119421875 0.12532794375 0.29094582343750003 0.1293006765625 0.2918123390625 0.1329301109375 0.292888671875 0.130613715625 0.2929410140625 0.12974739062500001 0.2946452234375 0.1306554109375 0.29629349843749997 0.1446549875 0.2988762515625 0.1451674453125 0.298587234375 0.14707684062499998 0.2977585390625 0.15070405 0.2990686515625 0.1536402578125 0.300157 0.1559644734375 0.301074065625 0.15988650468750001 0.30129185 0.1640451515625 0.30186350625 0.1696396578125 0.303567471875 0.168821365625 0.304538921875 0.1593783546875 0.3020830359375 0.153147640625 0.30175903593750003 0.1505933546875 0.30276401875 0.1520224984375 0.303669040625 0.15416815625 0.30461477656249997 0.158833378125 0.305823521875 0.1582705390625 0.306999959375 0.15995769531249998 0.30785409218750004 0.16146799843749998 0.3085663109375 0.1635337328125 0.30915768125 0.166423971875 0.309547425 0.1687310828125 0.30971350625 0.171568553125 0.3093576921875 0.1751162234375 0.3098515625 0.17396433125 0.3109615953125 0.17296855312499998 0.31158537656249996 0.1713393578125 0.31234296562499997 0.1711923984375 0.3133906890625 0.1721343734375 0.314694725 0.17329374375 0.315275428125 0.174530165625 0.315759178125 0.1771866484375 0.316436203125 0.1798098265625 0.31677415781249996 0.18234416250000002 0.3174033609375 0.18038879531250002 0.317373671875 0.1793209203125 0.31775348281250004 0.17952812499999998 0.3186326578125 0.1805249625 0.319700178125 0.1822981921875 0.320110753125 0.18453254375 0.3203966140625 0.1823694984375 0.3209889703125 0.18193625 0.322276103125 0.188429303125 0.32216231562500003 0.19021773749999998 0.3211784125 0.1903892890625 0.319835590625 0.189457846875 0.3187546984375 0.1862902078125 0.31750946562500004 0.1827952640625 0.31785131875 0.1818009140625 0.3166782 0.18333994375 0.315411171875 0.1849779015625 0.3158667640625 0.18809861562500002 0.316549290625 0.190012865625 0.31711825 0.192777371875 0.31765260624999997 0.1962233578125 0.31776968125 0.1937003625 0.318227509375 0.1931114984375 0.3192985765625 0.1944212359375 0.3198588 0.1966348828125 0.319616165625 0.19938119062499998 0.31913675625 0.20090989375 0.3189137765625 0.204166 0.318102215625 0.2036176484375 0.317349353125 0.20170304687499999 0.31632314687499996 0.199026603125 0.31543255625 0.196187596875 0.3145794984375 0.1933007078125 0.314318425 0.1953997984375 0.313440675 0.1967084859375 0.31313855468749996 0.19693220625000002 0.31192580937500003 0.1911763703125 0.3105712203125 0.1864445390625 0.309193728125 0.1879827453125 0.3079518796875 0.19137341875 0.3085680078125 0.1938182484375 0.30883341875000003 0.1934149390625 0.3078140265625 0.191596471875 0.307049834375 0.19874613125 0.3070653546875 0.2030943796875 0.3079581234375 0.2049697421875 0.308992353125 0.20658155156250002 0.3097728546875 0.21315949375 0.3110108640625 0.2189616171875 0.3125626203125 0.22226520624999999 0.31352881093749996 0.22601161250000001 0.313756746875 0.22855883437500002 0.313595421875 0.233526084375 0.31409581875 0.2357806625 0.31370463437499996 0.2403432328125 0.31435292187499997 0.24228190781249997 0.3151472265625 0.24563050625 0.3159291265625 0.249233090625 0.316415875 0.2501694234375 0.3150787 0.247530346875 0.313502703125 0.24052388906250002 0.31146436875 0.24288861874999998 0.3110669015625 0.24767895312500002 0.3108764296875 0.2555946421875 0.31219817656250004 0.2538084171875 0.31348775156249997 0.25577265 0.3141706203125 0.2570065578125 0.315329475 0.25830123125000004 0.316474225 0.2612960671875 0.3170925203125 0.2649091484375 0.3180523609375 0.2668480859375 0.3184654515625 0.2706565140625 0.31928063125 0.2766303078125 0.32093709531250003 0.28324108593749997 0.32162819531250003 0.2868258078125 0.32158847968750004 0.2899926359375 0.320791253125 0.29187059375 0.319791471875 0.29496364218750004 0.3202291578125 0.29642770625 0.3203044265625 0.29744055625 0.320331959375 0.30107805625 0.3213573640625 0.3040007125 0.32156240625 0.30526464531249997 0.32176259375 0.308929559375 0.321855809375 0.3096699515625 0.32122638281250004 0.308008015625 0.320632525 0.3039322765625 0.3201167140625 0.3023479390625 0.3193025953125 0.3045503953125 0.31936034687500003 0.3078418453125 0.3200635890625 0.31077193125 0.3208709578125 0.3142698390625 0.32197866406250003 0.316682625 0.3226661328125 0.31961015625 0.3233797609375 0.3209816234375 0.3234403640625 0.3229381078125 0.32351294375 0.3252656015625 0.3241995609375 0.3271662453125 0.32451483125 0.328884659375 0.323703346875 0.327454215625 0.32228714062499997 0.3240855609375 0.3216618421875 0.326346890625 0.32175739375 0.32982655156249996 0.3228005125 0.3352254328125 0.3245510109375 0.34158069062499996 0.32534718125 0.34492888593750004 0.3264612328125 0.344984684375 0.3273275015625 0.3461855828125 0.3283751375 0.3482411703125 0.32793186875 0.352190040625 0.3284196765625 0.3552755546875 0.32932443437500003 0.362284265625 0.330050084375 0.36712239375 0.33081636875 0.374131803125 0.3299095296875 0.3773767859375 0.3295976921875 0.37995942656250004 0.3294324859375 0.3831656984375 0.3288756390625 0.38704065 0.32851170937499996 0.3911361859375 0.3283931203125 0.39351402343749997 0.327932865625 0.3959683296875 0.3282583109375 0.4004635671875 0.3285526453125 0.404828734375 0.329568325 0.40734576718750004 0.33053649531249996 0.413534984375 0.32998383593749997 0.410591 0.3308922921875 0.4124703546875 0.3315617171875 0.41246277343750004 0.331959175 0.4063557125 0.331423790625 0.4056668390625 0.332866603125 0.407622540625 0.3333835953125 0.4125019890625 0.33420862812499996 0.41514245 0.3350966828125 0.418771096875 0.3349294578125 0.41659777656249997 0.3362858625 0.4205068609375 0.33690500156250003 0.42421799687500006 0.3380148390625 0.42826473906249996 0.3386937484375 0.43220607031249997 0.33897944999999996 0.4392184125 0.33805409218750004 0.4408386984375 0.3377522828125 0.44364329218750004 0.3380335421875 0.44519178281249994 0.33736599843750004 0.45167969843750005 0.33865302812500003 0.45116408750000003 0.339761009375 0.45209924843750005 0.3410481484375 0.4583758171875 0.3399239921875 0.45664014999999997 0.3411440578125 0.45757721250000005 0.3411706609375 0.460409046875 0.34138979375 0.462830134375 0.34170523125 0.465282384375 0.342253409375 0.46955692187500003 0.3435616375 0.473299 0.34468586874999996 0.4759536515625 0.3449449625 0.47921713906249996 0.3451755109375 0.4833969859375 0.3454135640625 0.48549394375 0.345258440625 0.4863146578125 0.344491446875 0.49395260781249994 0.34634820781250003 0.5030792578125001 0.34499837499999997 0.50448725 0.346306615625 0.5137405171875 0.34874194062499997 0.5228675218750001 0.348009134375 0.52614015 0.34883120624999997 0.5295105890625 0.349804821875 0.5333071125 0.3500359484375 0.5373404109375 0.3513091328125 0.5398867515625 0.35180260625000004 0.5435090734375 0.35314358437500004 0.5449121203125 0.354093515625 0.5498401625 0.354541825 0.5516278984375 0.35519041093750003 0.560951565625 0.357850453125 0.5632263359375 0.3582107421875 0.5730055703125 0.357924528125 0.5767754546875 0.35746485781250004 0.5767061625000001 0.35900105625 0.580593909375 0.35990473437500003 0.5799340843749999 0.36039505156249996 0.57872191875 0.361675884375 0.579007471875 0.36280951093749997 0.5810872484375 0.3634220890625 0.5841493984375 0.3642646140625 0.58795916875 0.364991415625 0.59873264375 0.36424095625 0.5999938390625 0.3648979015625 0.6017744640625 0.365811134375 0.6042094687499999 0.3665780578125 0.6067543093750001 0.3669811203125 0.61042485625 0.367358403125 0.6126451890625 0.36740316562499997 0.61479790625 0.3668360671875 0.6156484921875001 0.36611019218749996 0.612291990625 0.3646989953125 0.6076766140625 0.3635550953125 0.6197853375 0.3642026015625 0.6235527484375 0.36483726875 0.6294886703125 0.3661934859375 0.635253990625 0.367418271875 0.6378896000000001 0.36757785 0.6406640328125001 0.36740030468749996 0.6438540625 0.366836140625 0.64647758125 0.3678211765625 0.6510513140625 0.3687385859375 0.6545570078125 0.369187840625 0.6565419953125 0.3699594234375 0.6562651374999999 0.37085843125 0.6550085578125 0.37176046406249996 0.6567195390625 0.3727338546875 0.6719285562499999 0.3708967015625 0.675670025 0.371595284375 0.6790059609375 0.3720176515625 0.6830591640625 0.372605828125 0.685243178125 0.37267015 0.6871783625 0.372777325 0.6897538 0.37238791718750003 0.6895808999999999 0.371112353125 0.6867637359375001 0.3699416125 0.6932071984375 0.36906220312500004 0.6978579453125 0.37013260625 0.702230646875 0.3706812140625 0.7013118984375 0.37193732968750004 0.703098125 0.3726853421875 0.709567234375 0.3720235609375 0.7123309296875 0.37255304218749996 0.7113505078125 0.373679159375 0.7143064031249999 0.3745333296875 0.716552978125 0.374742028125 0.720087965625 0.375765434375 0.7234772734375 0.3761804359375 0.7257084 0.3753979515625 0.7301220828125 0.37500861093750004 0.7341686015625 0.37632818437500004 0.7384446234375 0.3772474828125 0.7416623265625 0.3777571171875 0.7454377609375 0.37792162500000004 0.75428555 0.37690413437500003 0.7549157953125001 0.375931375 0.7580703203125 0.37555142343750003 0.7582716390625001 0.3743003265625 0.764070496875 0.37554308125 0.76685364375 0.3765091046875 0.773551778125 0.3757696953125 0.775098946875 0.37684844375000004 0.778082075 0.377320925 0.7812661953125 0.37739336093750003 0.784608778125 0.37733427812500003 0.7900514484375 0.3775397921875 0.79271143125 0.379223509375 0.7955874406250001 0.378963971875 0.8006695203125 0.37850964062500003 0.8053444000000001 0.3792279203125 0.8128293078125 0.381601478125 0.8151858031250001 0.38177538125 0.8278426281250001 0.38148932343749997 0.8343241953125 0.3834856546875 0.842577440625 0.38471374062499997 0.85011746875 0.3842722 0.8549748109375 0.38375854375 0.8589841125 0.3827261515625 0.8533085359375001 0.3806850421875 0.8550847781250001 0.379718190625 0.85706313125 0.37890358125 0.8493383031249999 0.3771358890625 0.8513331656249999 0.37559776718750004 0.8563283484375 0.37612157343749997 0.8616774843749999 0.37555925156250003 0.8646093109375 0.3762957078125 0.864742746875 0.3777105625 0.8670939656250001 0.37872682343749997 0.873043440625 0.3801073359375 0.8763762609375 0.37957053281249997 0.879100234375 0.3797615078125 0.8804092062500001 0.3817548796875 0.8809673890624999 0.383184803125 0.883064409375 0.3835786359375 0.8896474953125001 0.385103796875 0.8964345796875 0.38555072031250004 0.9027734546874999 0.3857811140625 0.904294978125 0.386642234375 0.9066433703125 0.3876264078125 0.9108328171875 0.388513009375 0.9111086343749999 0.3880900109375 0.9147706671875 0.3884311421875 0.9176355046875001 0.38758292031249997 0.921201653125 0.386292084375 0.9262032874999999 0.3879337875 0.9296688874999999 0.3893353703125 0.9340597531249999 0.3907980734375 0.9389966515625 0.3915800015625 0.9429383796874999 0.39188316875 0.9472671796875 0.39183 0.9535589140624999 0.39092972187499997 0.9539959984375 0.39215537500000003 0.9567291515624999 0.393706721875 0.96045590625 0.39493768125 0.9653898812499999 0.395038896875 0.9736309421874999 0.39405661406250003 0.977997025 0.3950265609375 0.9768053 0.39517951875 0.9716023203124999 0.3963772125 0.9666861078125001 0.3970128484375 0.9612804265625 0.3972529828125 0.9591674515624999 0.397778915625 0.9547946828124999 0.3980497609375 0.95202940625 0.398788775 0.9519533171875001 0.4009471953125 0.9553148328125 0.402406646875 0.9577325703125 0.40361220624999994 0.960991740625 0.40403981718750004 0.9635445765625 0.405051625 0.966832546875 0.40589669375000004 0.9723261078125001 0.4078884109375 0.9792117593749999 0.4097905453125 0.9838309234375 0.4103212375 0.9867946625 0.4093779421875 0.9926413953125 0.4091997546875 0.9990542953125001 0.40921248437499996 1 0.40918705468749994 1 0.38660049218750003
0 0.9812570796875001 0.354496934375 0.9765505265625001 0.3542782875 0.974119125 0.35446745 0.97318874375 0.35558725468749997 0.976470746875 0.3561703515625 0.9792279734375 0.35647100468750004 0.9810594 0.356294390625 0.9828713 0.35567173125 0.9858462796874999 0.35551645781249996 0.9850103046875001 0.35490155 0.9812570796875001 0.354496934375
0 0.9707914984375 0.2541904421875 0.9655355999999999 0.25376455781249996 0.9620743828125 0.2542430578125 0.9610175171875 0.2558917765625 0.9604053328125 0.259357428125 0.9744803140625 0.2624029859375 0.9695272906250001 0.2584766984375 0.9747425468750001 0.2594688203125 0.97503834375 0.2563327328125 0.9735085765625 0.2547046296875 0.9707914984375 0.2541904421875
0 0.9119750046874999 0.2552003875 0.9126127421874999 0.2563977046875 0.9147552093750001 0.2579029546875 0.9149969796875 0.258863540625 0.915187684375 0.2618045828125 0.9260954171875 0.259896815625 0.9227308921875 0.2584463796875 0.9201983109375 0.2572068109375 0.9156004937500001 0.2556923453125 0.9119750046874999 0.2552003875
0 0.9479365312500001 0.26037408125 0.9469021171875 0.2582153734375 0.9453327046875 0.2572770609375 0.9408358765625 0.255894075 0.9356140343750001 0.2554229625 0.9479365312500001 0.26037408125
0 0.9505776734375001 0.26204690468749997 0.9474032921875001 0.2611438921875 0.9455301359374999 0.26178374375 0.9469978796875 0.2638433953125 0.9480332671875 0.2653267515625 0.9574391328124999 0.264261603125 0.9563490703124999 0.26313343906250003 0.9505776734375001 0.26204690468749997
0 0.938065446875 0.25857335937500003 0.9330041906250001 0.25540035156249996 0.9316879703125001 0.25718833750000003 0.9330418968749999 0.2592774203125 0.9334936609375 0.259361628125 0.938065446875 0.25857335937500003
0 0.8924520593749999 0.210321921875 0.8942987062500001 0.210248965625 0.8973125171874999 0.2097486453125 0.899178440625 0.2089447046875 0.9016132593749999 0.20908355312500002 0.90567015625 0.20806028125 0.907999865625 0.20819355625 0.9099886953125 0.20772231406250002 0.9103769109375 0.20632996406249998 0.9100641546875 0.205517915625 0.9035456328125001 0.2062319859375 0.90209561875 0.20633770468749998 0.9024809734374999 0.2048135984375 0.9028259921874999 0.20338435000000002 0.9006382671875001 0.202923946875 0.8974050453125001 0.20310159687499998 0.89613279375 0.2036531125 0.8950873343750001 0.2040412203125 0.8924795156249999 0.20283719375000003 0.891185715625 0.2017368765625 0.8895633140625 0.20085345000000002 0.8873813359374999 0.1994178765625 0.8838794453125001 0.19797574375 0.88181395625 0.1973828296875 0.878743140625 0.19801333593749998 0.8783805765625001 0.1997830953125 0.883767778125 0.2023464609375 0.8870896515625001 0.20363668906250001 0.8847741359375 0.20440264218749998 0.8831154203124999 0.2052267453125 0.881075184375 0.20703136249999998 0.8800630453125 0.2082378828125 0.8746106921875001 0.2072145359375 0.870854490625 0.2084467953125 0.8743216484375 0.21032796406249998 0.8794820609375 0.212195725 0.884559359375 0.2137592390625 0.88777338125 0.21432207656250002 0.8895836296875 0.2146087921875 0.8872288859375 0.212296334375 0.8863792671875 0.2111682859375 0.8860317921875 0.2102558203125 0.8894053468750001 0.2106604171875 0.8924520593749999 0.210321921875
0 0.8611260187499999 0.2038179375 0.8637180921875001 0.2048217234375 0.867738746875 0.20484630781250002 0.8712766999999999 0.204422675 0.8745999156250001 0.20409633437500002 0.876355696875 0.20209004843749998 0.8740554390625 0.2011815234375 0.87023449375 0.20174384375 0.866684653125 0.2022225453125 0.86270685625 0.20311596718749997 0.8611260187499999 0.2038179375
0 0.8160431359375 0.19673446249999998 0.8152045812500001 0.19471751406249999 0.81087144375 0.192800434375 0.8175637921875 0.1917579515625 0.8177545343749999 0.1913926671875 0.8215453140625 0.1902117625 0.821552128125 0.188191075 0.8217523390625001 0.1867072515625 0.8211358000000001 0.1856857265625 0.8185986843749999 0.184584653125 0.81687930625 0.18333466874999998 0.8131418968749999 0.181961225 0.8105697656249999 0.18053188281250002 0.80940814375 0.179735675 0.8124949562499999 0.1786046328125 0.8135818859375 0.17676609375000002 0.81368426875 0.1755104 0.8128661859375 0.1748524484375 0.8163316046875 0.17390793124999998 0.8158577171875001 0.1723553078125 0.8136457890625 0.1698503203125 0.8099228859375 0.1687148890625 0.806419278125 0.1695109796875 0.8008859375 0.1703573578125 0.7947684734375 0.1708565203125 0.7892271296875 0.1717933859375 0.7866745484375001 0.1721183875 0.7811859828125 0.1736109765625 0.7760965859375 0.17510034218749998 0.7731755828125 0.17602351249999998 0.7681124968749999 0.17548895312499999 0.766355084375 0.17512834375 0.76251986875 0.1737631375 0.7576451125 0.172469 0.7558918421875 0.1736404 0.7616856125 0.1773723796875 0.764698553125 0.1793746078125 0.7677415328125 0.180897509375 0.7701831140625 0.18184265625 0.768273121875 0.18460285 0.7691646015625 0.18601595625 0.77037518125 0.18686263125 0.76238674375 0.186489621875 0.7590645609375 0.1875485796875 0.7625095546875 0.1892300734375 0.7705893578125 0.1923622828125 0.7751460765625 0.19199876093749998 0.7779012937500001 0.1915729671875 0.7824289249999999 0.1908836953125 0.7861433859375 0.190304509375 0.7892529359375 0.189699121875 0.7916085734375 0.1897985359375 0.795997815625 0.1916011078125 0.7982893640625 0.19305403593749998 0.7989104859375 0.194006678125 0.80586791875 0.19579520625 0.813606865625 0.1970842140625 0.8159263796875 0.1976414265625 0.8160431359375 0.19673446249999998
0 0.728228978125 0.16389455 0.7340016453125 0.1655523796875 0.7398601453125 0.1674373703125 0.7429834703125 0.16809341875 0.7446951078125 0.1675244859375 0.7374664625 0.16434199375 0.7391623765625 0.1628435328125 0.739113428125 0.1620938328125 0.7440017328125 0.1622336921875 0.7443704140625 0.161094528125 0.7548605937499999 0.160095125 0.7577093796875001 0.1579898546875 0.7623375890624999 0.155566846875 0.7601067546875 0.154379815625 0.7538867484375 0.154937090625 0.747156171875 0.15506230000000001 0.743623753125 0.153593184375 0.7444220500000001 0.1528178953125 0.747213084375 0.1518962875 0.7462542234375 0.150569009375 0.739692603125 0.1484888109375 0.7363188015625 0.150472959375 0.7337807187500001 0.1491882234375 0.729779425 0.147742928125 0.720495421875 0.14452281875 0.715443971875 0.1432655578125 0.7136885296875 0.1438813390625 0.7170354375 0.146841353125 0.719106603125 0.14915635625 0.7184575375 0.150247946875 0.7145584125 0.15054476875 0.7093580578124999 0.1516859296875 0.7022065609375 0.15500808906250002 0.7052430375000001 0.1567118890625 0.706130321875 0.1573823828125 0.7117382953125 0.1572533875 0.7163751203125 0.1592407140625 0.7203765296875 0.160954965625 0.7240557359375 0.1622464203125 0.728228978125 0.16389455
0 0.7876368203124999 0.1321328828125 0.786330803125 0.1338164921875 0.7867935296875 0.1356093890625 0.7895261078125 0.1368347578125 0.790965675 0.1368349578125 0.7981619703125 0.13495790937500002 0.7955528046875 0.1311354984375 0.791296446875 0.13122070624999999 0.7876368203124999 0.1321328828125
0 0.6660401515625 0.1758887421875 0.6632269890625 0.1762009484375 0.6620261390625 0.1777699109375 0.6632519890624999 0.1787898578125 0.66816815 0.1794530171875 0.6724488109375 0.178655021875 0.6755002343750001 0.17797715 0.675356153125 0.176739371875 0.6729155734375001 0.1755681609375 0.6695824140625 0.17545788281250002 0.6660401515625 0.1758887421875
0 0.660728821875 0.1865801203125 0.662533840625 0.185741221875 0.6641874171875 0.18428035 0.6677200937500001 0.185208471875 0.6692392546875 0.1847261203125 0.6661148015625 0.182688828125 0.663541678125 0.1807863171875 0.659478784375 0.1790607453125 0.6552293515625001 0.1777438375 0.6518009874999999 0.176786359375 0.6464166625 0.1753434890625 0.64230474375 0.1748963 0.642867753125 0.176765196875 0.6475120546875 0.178405671875 0.6508039640625001 0.179675334375 0.65419844375 0.1813361703125 0.656244734375 0.1821601765625 0.658261253125 0.1827326765625 0.6573439140625 0.1851185484375 0.65837060625 0.186097459375 0.660728821875 0.1865801203125
0 0.6523925578124999 0.1812716234375 0.6507678515624999 0.1809620890625 0.6483464624999999 0.1807684171875 0.64681619375 0.1812110421875 0.6463882890625 0.18236455468749999 0.650815440625 0.18319863281249998 0.6529730515625001 0.182251053125 0.6523925578124999 0.1812716234375
0 0.6177831734375 0.1752917125 0.6183743109375001 0.17660346093749998 0.6207891390625 0.17760765 0.6228461515625 0.17826408124999998 0.6255376781249999 0.1781904734375 0.6232167296875 0.176214 0.621441890625 0.1750944453125 0.6187994734375 0.17421873593749998 0.6177831734375 0.1752917125
0 0.6767916234375 0.185145546875 0.672262028125 0.185527603125 0.668390896875 0.1869061859375 0.667452690625 0.1879155953125 0.668736034375 0.1893116671875 0.6722049718750001 0.18899417031250001 0.6747345046875 0.18845511406249998 0.67738041875 0.18779053125 0.6801063375 0.18663080625 0.6809367703125 0.18592230468749998 0.6767916234375 0.185145546875
0 0.623981003125 0.1750742140625 0.62664200625 0.17615219531249998 0.6313963828125 0.17624869375000002 0.6335891328125001 0.175708503125 0.6354612171875 0.1759543890625 0.639577765625 0.1764023109375 0.6392996265625001 0.1748822734375 0.6417850078125 0.1740926015625 0.6440909828125 0.1730672734375 0.6453189640625 0.172345803125 0.6425517828125 0.17077957500000002 0.639378528125 0.170748409375 0.6357227203125 0.1711470484375 0.6314671781250001 0.1713969109375 0.6275048546875001 0.1722026109375 0.6252675046875 0.173773515625 0.623981003125 0.1750742140625
0 0.613310334375 0.11655479531249999 0.6159323203125 0.11887794062499998 0.6179782890625 0.12020338125 0.6208669078125 0.1200739796875 0.6208493046875 0.120025315625 0.6246726796875001 0.11896822031250001 0.6253086765625 0.118198865625 0.6268638375 0.1158111875 0.6289437578125 0.1130668328125 0.6291019203125 0.11016048125 0.6259557 0.1072718015625 0.6213309359375 0.1045191265625 0.6189684203125 0.10334446093750001 0.6179015015625 0.10053199374999999 0.6172217359375 0.0985512703125 0.6139935546874999 0.0966794765625 0.6105027562500001 0.095656740625 0.605757275 0.0946251203125 0.603616275 0.0926012140625 0.602519640625 0.08992641875 0.59935940625 0.0884846109375 0.5932553 0.09009801875 0.591516884375 0.09435188125 0.5862543796875 0.092789090625 0.58414131875 0.0945141484375 0.581863971875 0.09682699375 0.578863003125 0.099014153125 0.576442665625 0.101720409375 0.579850728125 0.1043642234375 0.5888230171875 0.1078244625 0.594330515625 0.1103973890625 0.598365828125 0.11204740312499999 0.6023187625 0.1130389234375 0.6097460140625001 0.1152071828125 0.613310334375 0.11655479531249999
0 0.5800823312500001 0.2143403796875 0.5834086468749999 0.21449387031249997 0.586118784375 0.21440264375 0.5905507953125 0.2137377765625 0.5913828484375 0.2125296265625 0.5881781609375001 0.2094307765625 0.5827591546875001 0.2086563359375 0.582457284375 0.209543471875 0.5799505515625001 0.21013834375 0.5770132203125 0.21072513124999998 0.575455403125 0.2122106609375 0.5782581703125 0.21376195937500003 0.5800823312500001 0.2143403796875
0 0.5603910390625 0.29688562812499997 0.5647683531250001 0.2988334328125 0.56617955625 0.299711884375 0.5695698421875 0.299611315625 0.569933178125 0.298605775 0.5696141296875 0.2968546171875 0.5729524671874999 0.29735171875 0.5758954640625 0.2981674609375 0.5813456375 0.29984381875 0.5842809140624999 0.3004985578125 0.5864493953125 0.3012802203125 0.5873824812499999 0.30215096875 0.59239343125 0.3031645203125 0.5975836734375 0.3031259796875 0.5988700312499999 0.3026352296875 0.598996209375 0.3015589046875 0.5981174921875 0.30029494375 0.59752365625 0.29919000625000003 0.59611110625 0.29824015312499996 0.5965227296875 0.29681987187500003 0.597431346875 0.29551785625 0.5950665500000001 0.2946971921875 0.5917803390625 0.29492972812499996 0.5891555937499999 0.29481142031249996 0.5857789109375 0.2939871046875 0.582595475 0.29282163125 0.5801760015624999 0.291846765625 0.5787391234375 0.2913201921875 0.5785205828125 0.2900231625 0.5753775015625 0.28838315937500003 0.5723007484375 0.2881821875 0.5709654421875 0.2884326328125 0.5716557625 0.29076622812499997 0.566362984375 0.2910226625 0.5628108484375 0.2918854203125 0.5601672734375 0.2925851765625 0.5535222625 0.29366837968750004 0.5540836265625 0.29472862499999997 0.5578085140625 0.296300996875 0.5603910390625 0.29688562812499997
0 0.668303575 0.384474925 0.6712109374999999 0.3842171875 0.6729982421875 0.383729846875 0.6721600046875 0.38257987187500003 0.6712718671875 0.382504065625 0.6655589375 0.38060890937499997 0.6616704546875 0.3792004640625 0.6559552765625 0.37775897812500003 0.6534631140625 0.37761262812499996 0.652399196875 0.3785467578125 0.6524778765625 0.38014752500000004 0.6538310609375 0.3824310734375 0.6559646265625 0.383692871875 0.660445975 0.3844944015625 0.6640922359375 0.384695403125 0.668303575 0.384474925
0 0.6849324765625 0.399013059375 0.6812888375 0.3985957421875 0.6793209140625 0.4001935 0.6809585609375 0.4014700890625 0.684887628125 0.4029419140625 0.6870185249999999 0.40333162031249997 0.68734631875 0.4022508421875 0.6870045328125001 0.4009928234375 0.6863456453125 0.399689328125 0.6849324765625 0.399013059375
0 0.7008862640625 0.4008137625 0.6984037390625 0.40055662031250006 0.696664759375 0.40139806875 0.6963615421875 0.402213803125 0.6969456640625 0.40291063281249995 0.7007879140625 0.40451108593749996 0.7055843390625001 0.4060301125 0.7085651078125 0.4063376953125 0.70924025625 0.4057406484375 0.7091122796875 0.404461125 0.7115140953125 0.40413913749999997 0.7114157328124999 0.4029323296875 0.7073824 0.4015594765625 0.7040745265624999 0.401399415625 0.7008862640625 0.4008137625
0 0.74382680625 0.4234710296875 0.747803125 0.424654509375 0.748956296875 0.424944728125 0.752102128125 0.42558852031249994 0.7535801625 0.4263446703125 0.7587051609375 0.42633850781250004 0.7620318890625 0.4264794078125 0.7637470296875 0.42656755 0.7682229625 0.4271435828125 0.7709878031249999 0.427146446875 0.77276670625 0.42673212656250004 0.7721326875 0.42523165937499996 0.7718857890625 0.423953865625 0.769539765625 0.42294475625 0.7668425 0.4217661125 0.7641906078125 0.42083036875 0.761674571875 0.42100454374999996 0.7578436328125 0.42106063125000004 0.7539828015625 0.42094587656250004 0.74956239375 0.4218071640625 0.7464142093749999 0.42166764843750004 0.742832646875 0.4210481796875 0.7394072453125 0.421030865625 0.7400900187499999 0.4219837828125 0.74382680625 0.4234710296875
0 0.761383521875 0.41148556875000003 0.7630891390625 0.411953459375 0.7659790296875 0.41290475000000004 0.76735998125 0.4133449484375 0.7710032859375 0.413784359375 0.7730561265625 0.4134782875 0.77574273125 0.41282647812500006 0.7760336796875 0.4120182921875 0.776727590625 0.4109132390625 0.7757540203125 0.4097687234375 0.773609475 0.40921549375 0.7695429765624999 0.40857142343749997 0.7670455453125 0.408058803125 0.7631993890625 0.40715222031250003 0.762213440625 0.40743426875 0.7602582953125 0.40813232343749994 0.758173715625 0.408389071875 0.7560170015625001 0.40916119375 0.7568658312500001 0.41041409218749997 0.7583772984375 0.4107294203125 0.761383521875 0.41148556875000003
0 0.7942506109374999 0.252164040625 0.802814078125 0.255258953125 0.8051338953125 0.2556944 0.808726040625 0.2555878359375 0.8088451781250001 0.2551352765625 0.8139727359375 0.252835653125 0.8170146968750001 0.25206769218749997 0.8173096796875001 0.2508045359375 0.8151982125 0.24919345625 0.8133662625 0.2472359 0.8111494125 0.2461902984375 0.8087012890624999 0.2451665984375 0.8043031624999999 0.2435999171875 0.7993072031249999 0.2431709078125 0.7975205265625 0.24370422500000002 0.791924384375 0.24644535625000002 0.7905803984374999 0.24718009375 0.78848438125 0.24961657656249997 0.7942506109374999 0.252164040625
0 0.871889465625 0.067291153125 0.8687158765625 0.06830087500000001 0.8687421546874999 0.0697430546875 0.8710921671875 0.0707369765625 0.8746915921875 0.0713735125 0.8743218265625 0.0690036796875 0.871889465625 0.067291153125
0 0.8248524140625 0.11173954531250001 0.8279781296875001 0.11164136875 0.8295366859375 0.11132978281250001 0.8307386765624999 0.1106026125 0.8308930171875 0.11059699999999999 0.8307056578124999 0.1076248484375 0.8259175265625001 0.1079612109375 0.82076406875 0.1097251875 0.819849078125 0.110937603125 0.8248524140625 0.11173954531250001
0 0.363061775 0.2896429859375 0.36496024843749997 0.29042143125000003 0.3680361734375 0.291506596875 0.372577621875 0.2924979921875 0.3757217609375 0.29175412343749996 0.37820633593749997 0.2901005625 0.37931114374999997 0.28926782812499996 0.3786639609375 0.287950365625 0.37616912187499996 0.286262746875 0.3739320796875 0.284465671875 0.3746152609375 0.283718028125 0.37609000937500003 0.2819978640625 0.377551278125 0.28112192187499996 0.3780729296875 0.2801256359375 0.3774984359375 0.278489053125 0.375211621875 0.2774956484375 0.36991053281249997 0.27576696875 0.36644055781249996 0.2746826703125 0.3626727625 0.2734910859375 0.359694915625 0.272845425 0.3566203859375 0.272410671875 0.35265042812499997 0.2723656421875 0.3511986015625 0.2716737578125 0.34863779687499996 0.2718709 0.347888025 0.272579521875 0.3503410515625 0.27405169687500003 0.34906092499999997 0.2744232015625 0.34577034375000004 0.2736046125 0.34046786406249996 0.2718946953125 0.338903178125 0.2726245359375 0.3369223609375 0.2733248515625 0.3326663734375 0.2739970328125 0.3287853265625 0.27386009218749996 0.32482831874999996 0.274082884375 0.3216611984375 0.273793246875 0.3180816375 0.27272165 0.31652914375 0.271906246875 0.311855328125 0.270492065625 0.3064032484375 0.27144465 0.3020521875 0.27252732343749997 0.2991803 0.27266095625000003 0.294683571875 0.2720863765625 0.304767671875 0.27688704375 0.308142240625 0.276526125 0.31160801718750003 0.277217428125 0.3132082421875 0.2789500265625 0.3123654109375 0.279936575 0.3124226078125 0.281103640625 0.314906940625 0.28199860781249997 0.318949134375 0.2823366703125 0.3239073796875 0.2821348265625 0.32869117812500004 0.283044375 0.330543990625 0.283671628125 0.3345184203125 0.28455739687500003 0.338308128125 0.284262228125 0.3428449078125 0.283974646875 0.34671169687500003 0.284541209375 0.35005158281250004 0.28570773125 0.3562759125 0.28766015624999997 0.3584061625 0.28838355625 0.363061775 0.2896429859375
0 0.2222371125 0.277289184375 0.22459126875000002 0.2774279140625 0.2269495375 0.2771211765625 0.2281438734375 0.27643234375 0.228189103125 0.2764664 0.23208345000000002 0.27630961875 0.235018353125 0.27672700156249996 0.235148284375 0.2754471953125 0.234758321875 0.2742036953125 0.23115778437499998 0.2741934453125 0.22764969375000002 0.274338634375 0.2251630359375 0.2738878359375 0.22302472031249998 0.2732153625 0.223327703125 0.2722113359375 0.2206287515625 0.27235179375 0.217743271875 0.2716922859375 0.213886359375 0.27085360625 0.2115402890625 0.270284278125 0.2041631375 0.2695176734375 0.2033495546875 0.2696403484375 0.20487234375000002 0.27142238125 0.20802345312499998 0.2722426078125 0.2110790890625 0.273455865625 0.2151867296875 0.2748689640625 0.21884768906250002 0.27609583125000003 0.2222371125 0.277289184375
0 0.20282881874999997 0.2561379640625 0.20460809531250002 0.255961 0.20655854062499998 0.2564312828125 0.2084645703125 0.254994575 0.2094700578125 0.253600328125 0.2071922390625 0.25095201875 0.20537266875000001 0.25011488125 0.20192933281249997 0.24972137968750002 0.19900399062500002 0.2486743015625 0.19814370312500001 0.247943221875 0.1964985515625 0.247582990625 0.195109221875 0.2480147171875 0.1945442390625 0.248575425 0.19301327968749998 0.2484231171875 0.1925895859375 0.24739258749999998 0.189444721875 0.2459136640625 0.18647688281250002 0.24523478437500001 0.183556146875 0.2449177265625 0.1772333734375 0.24260800312500003 0.17038319375 0.24093138125000002 0.1661359796875 0.2392209125 0.1617074375 0.23891499375 0.16080553125 0.24130330937500002 0.1586925609375 0.241989021875 0.1520099921875 0.24109196875 0.1502340421875 0.2416174953125 0.14774617343750002 0.24302216250000003 0.147702009375 0.24382039375 0.1508528875 0.2441027125 0.153839734375 0.24529083593749998 0.1545069375 0.2461922453125 0.15001128749999998 0.24641989843749998 0.14676858125 0.24672735 0.151491375 0.24883112187499998 0.15387443750000002 0.250864890625 0.1558092203125 0.253341803125 0.157569096875 0.2548354984375 0.15991383125 0.2546341921875 0.160835278125 0.2536806609375 0.16188071875 0.25265343125 0.1645412265625 0.25255592656250003 0.16683906875 0.2534197734375 0.1720656890625 0.2552790375 0.17452175 0.2560129109375 0.17615134999999998 0.2559419625 0.1789843859375 0.25551425625 0.17816289999999999 0.2539888421875 0.179751721875 0.25357605625 0.1846594234375 0.253413665625 0.1862928453125 0.2519701671875 0.1884495890625 0.2516473328125 0.1947826859375 0.253262621875 0.1987073375 0.2542828828125 0.199658703125 0.25531788906249997 0.2004791875 0.256559971875 0.20282881874999997 0.2561379640625
0 0.11547435312500001 0.22328226875 0.1157369828125 0.2242809609375 0.11783235624999999 0.22574394999999997 0.1210795109375 0.22649712656249998 0.1215986609375 0.226145890625 0.1245284109375 0.22748474999999999 0.1280597515625 0.2276422375 0.1302268 0.2275140359375 0.1281252671875 0.2255106171875 0.12595074687500002 0.22461726093749998 0.12050826249999999 0.22351163281250003 0.1173935921875 0.2231005796875 0.11547435312500001 0.22328226875
0 0.120593390625 0.2461268171875 0.1207050046875 0.2469702875 0.12377188593749999 0.24862194999999998 0.12645313281249998 0.24915261093750002 0.1274413625 0.24902595624999999 0.132877275 0.2480755578125 0.13584920625000002 0.24766985 0.1371563265625 0.247587375 0.13728812031249998 0.24631577500000001 0.136774165625 0.24514597187499998 0.1351839 0.24432933281250002 0.132905478125 0.2434527421875 0.128727903125 0.24254112656250001 0.1237041734375 0.2414084859375 0.12295573906249999 0.24085015625 0.128129715625 0.24102418593750002 0.1312218625 0.240968153125 0.130175796875 0.23905280625 0.1283181921875 0.237576853125 0.12603623749999998 0.23661269375 0.1223762984375 0.2352894875 0.120161503125 0.23351175624999998 0.11817591875 0.2326340859375 0.1133026484375 0.23247920625 0.1081823953125 0.23377385 0.10600358125 0.2343858546875 0.10311767499999999 0.23427838906249998 0.0994826828125 0.23378650781250002 0.09390955625 0.2322172328125 0.09076292968750001 0.23102911406249999 0.08216105 0.23046402656249998 0.0803373984375 0.23204983124999998 0.079792440625 0.23388245625 0.0853623890625 0.23547179375 0.0898918421875 0.2358996859375 0.0944631796875 0.2374115390625 0.092490765625 0.23905762656250001 0.09093562656250001 0.2402066203125 0.0842679828125 0.2386759765625 0.0816281109375 0.23757444843750003 0.0790881203125 0.2363716734375 0.074714234375 0.23558083437500002 0.0773872171875 0.2341959953125 0.0754204625 0.23351905468749998 0.0726675265625 0.23410024375 0.0694993140625 0.23507601406249998 0.068433625 0.23547199062500002 0.0668488609375 0.234191121875 0.0628806328125 0.232736825 0.058257279687499997 0.2321326984375 0.0559963953125 0.23212422500000002 0.054589715625 0.2328253046875 0.059280528124999995 0.23539069218750003 0.0588524984375 0.2369744828125 0.062465834374999994 0.23876173750000002 0.058149759375 0.240232790625 0.055852839062500007 0.241520578125 0.0570427390625 0.2426376609375 0.0619992390625 0.2433657421875 0.06639885625 0.2436844796875 0.0691936625 0.243707909375 0.071584090625 0.24324806875 0.0757677625 0.24567934687499998 0.08118393593749999 0.24728071406250002 0.0866113421875 0.24849152968750002 0.0907225953125 0.2491426890625 0.0943456359375 0.24999969531250002 0.09712932656249999 0.24880482499999998 0.0965049375 0.2478927953125 0.0951932828125 0.24658557499999997 0.0930989015625 0.24508635937499998 0.09036268593749999 0.2438240296875 0.0892666375 0.2433229640625 0.0899102453125 0.24260543750000002 0.0942701453125 0.24274545 0.09683886875 0.2431475484375 0.1011795203125 0.243958434375 0.0986038484375 0.24263135937500002 0.103890165625 0.24348445000000002 0.10826617499999999 0.2437424984375 0.10289240468750001 0.245708878125 0.10592686250000001 0.24636667031249998 0.10839209062499999 0.2466131640625 0.11077684843749999 0.246119203125 0.11344737812500001 0.245449028125 0.11419174843749999 0.24397545625 0.111170934375 0.242812009375 0.11457152500000001 0.24341547187499998 0.11823243750000001 0.244572725 0.120593390625 0.2461268171875
0 0.035918953125 0.2338658015625 0.035518090625 0.23639675312500003 0.0400119390625 0.2392568328125 0.0421238953125 0.240355428125 0.0421641203125 0.239642 0.042448481249999996 0.237826634375 0.042249453125 0.23700570468749999 0.040280484374999995 0.23586331249999998 0.03750698125 0.23494627656249997 0.035918953125 0.2338658015625
0 0.050658676562500005 0.22783010468749998 0.052549534375 0.2278875453125 0.0545508625 0.22845605781249997 0.0562689265625 0.22667793125000002 0.051285667187499995 0.22635850781250003 0.0522263140625 0.22619267812500002 0.053710290625000004 0.2253931046875 0.0544449234375 0.225768903125 0.056450820312500004 0.226298590625 0.058475560937500004 0.22648955625 0.0597805953125 0.22567113125 0.059022646874999994 0.224283921875 0.05743825625 0.2232404078125 0.055275421874999994 0.22271275781250002 0.0539207234375 0.22240643906250002 0.0514732859375 0.22130849531250002 0.049474184375 0.2201565859375 0.04686229375 0.220166871875 0.045977515625 0.22104869531250002 0.045747271875 0.22027502656250003 0.045005704687499995 0.21945359375 0.041879585937500005 0.2183557328125 0.038529698437499996 0.21738220937500002 0.0383260890625 0.218667746875 0.037901759374999996 0.22134685156249997 0.037825987500000005 0.22182526249999998 0.0421968296875 0.22252544687500003 0.0425574453125 0.223474796875 0.045572315625 0.22466577656250003 0.044449640624999995 0.22532166406249998 0.0438432578125 0.22667313125000002 0.0452220109375 0.22712721875000003 0.04870031875 0.227429759375 0.050658676562500005 0.22783010468749998
0 0.173457246875 0.1036217609375 0.1759607125 0.1040862953125 0.1774671765625 0.10365413750000001 0.17643920468750002 0.102293765625 0.17505379999999998 0.1021613484375 0.17449172500000001 0.0998670484375 0.176182028125 0.09770485 0.1776619390625 0.0969109609375 0.1773649984375 0.0951300828125 0.1727738921875 0.0936831234375 0.1687099484375 0.0926233984375 0.16404439531249998 0.09108713125 0.158632075 0.08958129375 0.1530280171875 0.0883171875 0.1465343921875 0.08673658906250001 0.147146 0.087369746875 0.15038793749999999 0.0908826484375 0.1492365875 0.0932377828125 0.148388178125 0.095188453125 0.15273788906250002 0.0969309765625 0.15753145625 0.0984780265625 0.1600331296875 0.09929347656250001 0.1640717765625 0.10008342343750001 0.1677252421875 0.1015274171875 0.1710008375 0.1029400375 0.173457246875 0.1036217609375
0 0.2151501140625 0.037300879687499996 0.216192684375 0.03785991875 0.21824203281250001 0.0377257296875 0.21864064062500002 0.037366474999999996 0.217154621875 0.036830537499999996 0.21412885625000003 0.0351490015625 0.2093125421875 0.0332661328125 0.20487983125000003 0.0319977125 0.20349521249999997 0.0315806625 0.2037831234375 0.0333885859375 0.20533706562499998 0.035083796875 0.2072448359375 0.0356137625 0.2115067859375 0.036062565625 0.2151501140625 0.037300879687499996
0 0.20673807656249998 0.03043320625 0.20948199843749998 0.0308678015625 0.210906334375 0.030444782812499998 0.21130984375 0.0295152109375 0.2105907984375 0.02865146875 0.2104080921875 0.0274977453125 0.21148779687500002 0.026673690625000003 0.21066941562500002 0.025787887500000002 0.208005403125 0.0247189203125 0.2058735765625 0.0238956046875 0.2019751078125 0.022650103125 0.1984513046875 0.021675928125 0.1957639625 0.021663190625000002 0.1953724296875 0.0235359359375 0.1962367109375 0.0244116078125 0.1978163375 0.0255651046875 0.199957690625 0.026677848437500002 0.201807815625 0.0283408703125 0.2032809609375 0.029127885937499997 0.20673807656249998 0.03043320625
0 0.1742185375 0 0.17391241562499998 0.0013652671875 0.175641925 0.0026611515624999998 0.1783881640625 0.005388396875 0.17938388125 0.0077814359375 0.1784717125 0.00937555625 0.178109296875 0.0115139390625 0.1805899390625 0.0126519453125 0.19572468437499999 0.018355384375 0.19830562812500002 0.0191897171875 0.2015406390625 0.0200295625 0.203080340625 0.0212653265625 0.2053523453125 0.0221424828125 0.209784415625 0.02339498125 0.21068675468750003 0.02418018125 0.213565371875 0.025262571875 0.216269134375 0.0240629515625 0.2189840125 0.024591028125 0.2176914015625 0.0269491015625 0.2212109671875 0.02727083125 0.223144971875 0.026786159375 0.22617550468749997 0.026989303125000003 0.2267569640625 0.027133601562499998 0.2299406625 0.026389670312500002 0.2306703265625 0.024239846875000002 0.2294515171875 0.021067943750000002 0.23625369375 0.023926609374999998 0.24417165000000002 0.024924409375 0.2475649296875 0.025863675000000003 0.2500716953125 0.0238402828125 0.22723977187500002 0.01358766875 0.2257033671875 0.0127605765625 0.22263455 0.012779175 0.21595563437499998 0.011889028125 0.2149176671875 0.0090036296875 0.21208572656250002 0.007306915625 0.210997078125 0.00644949375 0.207921259375 0.00582311875 0.2042878484375 0.006100328125 0.2015734984375 0.00531921875 0.197602475 0.003932503125 0.1929452328125 0.0028531625 0.19113669687499998 0.0015368515625 0.187383390625 0.0014723484375 0.1837429625 0.0011346390625 0.1809808453125 0 0.1742185375 0
0 0.0964096859375 0.291862990625 0.100187584375 0.2926511875 0.10485945781249999 0.2930288671875 0.10668491718749999 0.2925902828125 0.10679099375000001 0.292270121875 0.10489473593750001 0.2909383359375 0.1003755296875 0.2898065046875 0.098319571875 0.289153403125 0.0958144625 0.2883896140625 0.094548675 0.2879913859375 0.0930435234375 0.2868670859375 0.0922790046875 0.2859708296875 0.0875967828125 0.2849792859375 0.084939834375 0.28408545625000003 0.08183327968750001 0.28318369374999997 0.07751951875 0.2833816234375 0.0699477296875 0.281956146875 0.064797021875 0.2811957234375 0.0621714140625 0.28135254375 0.0591035078125 0.282184421875 0.05683170625 0.283433475 0.0540875796875 0.2842786671875 0.05528020625 0.2851288265625 0.060634265624999996 0.2866728953125 0.06530055625 0.2873455203125 0.06693016562500001 0.28810352968749997 0.069374153125 0.2897925859375 0.0727017875 0.2905869859375 0.07649487968749999 0.2910295546875 0.0816865359375 0.2912617546875 0.086087821875 0.29267865 0.08824159375 0.2926242796875 0.09056682968749999 0.2919168171875 0.09402776874999999 0.291340190625 0.0964096859375 0.291862990625
0 0.04979253125 0.3077108875 0.05462470312499999 0.3090441578125 0.06005153125 0.31027861093750003 0.0613737765625 0.310160565625 0.061955906250000005 0.3092418828125 0.061001009375000005 0.3081193078125 0.0667932453125 0.30962362187500003 0.0743858890625 0.311436821875 0.07908665312499999 0.311702009375 0.08004481718749999 0.310746384375 0.0737182015625 0.3096794859375 0.0790944109375 0.30804729062499997 0.0770521546875 0.306768315625 0.0731958328125 0.30520676562500004 0.0711673625 0.30448999374999997 0.0691162828125 0.303486465625 0.0689709421875 0.3019969546875 0.0719108296875 0.3020133046875 0.0750455890625 0.30134863125 0.07777831406249999 0.3009050375 0.07866585781249999 0.30001574375 0.07541988125 0.298326221875 0.0706197140625 0.2968208390625 0.06799305156249999 0.2959555359375 0.0660487796875 0.294976834375 0.0617154984375 0.2938697046875 0.057789240625 0.2928096390625 0.053495273437500004 0.29170399062499996 0.0476934859375 0.29063953593749997 0.043364092187499995 0.289727603125 0.0399918078125 0.288875509375 0.0417303125 0.2880070921875 0.04168909375 0.287228559375 0.037265909375 0.2862495671875 0.0309572140625 0.2860983078125 0.027619615625 0.2862657546875 0.0275352875 0.2867981796875 0.026750182812500002 0.29175514062499996 0.026114912499999997 0.29576608125 0.0257230921875 0.29823993125000003 0.0252906984375 0.3009699640625 0.026814910937500002 0.30181410937500003 0.031195031249999998 0.302645484375 0.032481590625 0.30326215156249997 0.0345907859375 0.3040186015625 0.0368591421875 0.3045392359375 0.040971287499999995 0.305364553125 0.044413765625000004 0.3061929625 0.04979253125 0.3077108875
0 0.0932084890625 0.315969946875 0.08990342500000001 0.3162216453125 0.089338384375 0.3174119703125 0.0916764765625 0.3183612921875 0.09336855468750001 0.319284228125 0.0984577375 0.31977388125 0.10142516875 0.3206251328125 0.105523653125 0.3214767609375 0.10475578906250001 0.32010221875 0.1027615515625 0.3191393328125 0.10028330625 0.3184256765625 0.09865318437500001 0.3178906453125 0.096027221875 0.316921040625 0.0932084890625 0.315969946875
0 0.1405970328125 0.310273959375 0.1376543890625 0.310584640625 0.1377509390625 0.31099384531249996 0.14023534843750002 0.31189831562500003 0.1399732734375 0.31246428593750003 0.1444360734375 0.312813596875 0.1454572234375 0.3124690984375 0.1451357796875 0.31182178125000004 0.1428699328125 0.3109756578125 0.1405970328125 0.310273959375
0 0.14395449375 0.30712446875 0.1465740734375 0.3076849109375 0.1496148046875 0.308642690625 0.15288901093750001 0.309564678125 0.153657890625 0.3091549125 0.14753268749999998 0.304938559375 0.14600150781250001 0.30609609375 0.1435790015625 0.30535013437499997 0.14395449375 0.30712446875
0 0.15468081875 0.3144425328125 0.15719826875 0.3145391 0.15884212656250002 0.314547928125 0.16179817968750002 0.31456209375 0.16236240468750002 0.31422590625 0.15425785625 0.3093322 0.1531327171875 0.3103831921875 0.151295721875 0.31031529999999996 0.1484858078125 0.3099477703125 0.1488205921875 0.3110702109375 0.15187264375 0.3119665046875 0.15392126875 0.31317529843749997 0.15468081875 0.3144425328125
0 0.16963194374999999 0.32107556875 0.1712304578125 0.3218001765625 0.17365983125 0.322283034375 0.173841515625 0.32200490625 0.1736692921875 0.3218637265625 0.17091868906250002 0.3192639296875 0.16941721875 0.3201240125 0.16963194374999999 0.32107556875
0 0.15606709531250001 0.3306005140625 0.15661692031250002 0.33150389687500004 0.159642146875 0.332609509375 0.16024305156250002 0.3330305703125 0.1610632484375 0.33385496406250004 0.1630336875 0.33311029062499997 0.162634034375 0.3322575859375 0.1615311328125 0.3314801703125 0.15686864375 0.3306736796875 0.15606709531250001 0.3306005140625
0 0.19197195312499998 0.3358822984375 0.1932624140625 0.336664109375 0.196029834375 0.3370502203125 0.1983240046875 0.33726803906249997 0.198909778125 0.3370554953125 0.192378246875 0.33303739375 0.19243767812499998 0.334290240625 0.19333518593750001 0.334986084375 0.1929398859375 0.335564175 0.19197195312499998 0.3358822984375
0 0.2338617984375 0.33809537343749996 0.2361397796875 0.33955406250000003 0.23839216875 0.34102451718750004 0.24052627499999998 0.3414938296875 0.24433471718750002 0.340750765625 0.2487624140625 0.33942395 0.24896165781250001 0.3387752578125 0.2479543328125 0.33755420625 0.24532772343749998 0.3364089 0.24306041562499997 0.3357318171875 0.2416763765625 0.33529112968749997 0.2438703640625 0.3347131671875 0.24286108906249998 0.3336642421875 0.23945479062500002 0.33378600468749997 0.234629084375 0.33303117968749996 0.23183055000000002 0.3324819421875 0.2254426765625 0.33143223593750004 0.224346959375 0.331258690625 0.22058783593750003 0.3318102375 0.21688749375 0.3314013421875 0.211840696875 0.33043431874999996 0.21019771718750002 0.330120309375 0.2063833453125 0.32933266250000004 0.2029478265625 0.3282206 0.20061600781250002 0.3275712671875 0.1979465171875 0.3267466390625 0.1961440640625 0.3279988390625 0.195603465625 0.32648785625 0.1946413890625 0.32644938125 0.19160905156250002 0.327646 0.19465984375 0.32879995625 0.1970871078125 0.329276153125 0.19895078125000001 0.3297848953125 0.1986734109375 0.33090688125 0.202583809375 0.33149775312499996 0.2041559765625 0.3310902390625 0.20929191406249997 0.3325032609375 0.212450221875 0.3338973046875 0.21514010468749997 0.33505263125 0.21795009531249998 0.33593906093750003 0.22025166093749998 0.3361501421875 0.2210104859375 0.33570398125 0.225288396875 0.33743038593749997 0.22636954999999997 0.3379955359375 0.2338617984375 0.33809537343749996
0 0.21518290625 0.35156259218749997 0.218523778125 0.35253310625 0.222248075 0.3533001578125 0.22443813124999998 0.3531265578125 0.2250997890625 0.3525447765625 0.21991812500000002 0.35078122343749996 0.21518290625 0.35156259218749997
0 0.23496971093750002 0.35932695937500003 0.22942573593749999 0.3591417859375 0.22936621562499998 0.3599470765625 0.23722538750000002 0.36139592343750004 0.2390571734375 0.3614867203125 0.23496971093750002 0.35932695937500003
0 0.260148915625 0.37968999531250003 0.26243703906250004 0.37998595625 0.26481983124999997 0.3802035734375 0.266476678125 0.380230278125 0.2668508125 0.37957606250000003 0.2660752078125 0.37842018906249997 0.26493845 0.377267228125 0.2636593 0.3766137671875 0.2615412109375 0.3767924375 0.2588778125 0.3768182953125 0.2587652984375 0.3775186921875 0.26216751718750003 0.37845146406249996 0.25908017656250004 0.3783073484375 0.25868943906249997 0.37868683281250004 0.260148915625 0.37968999531250003
0 0.125007709375 0.377707659375 0.128463065625 0.37844477187500003 0.1308430015625 0.378181015625 0.13340849999999999 0.3780241671875 0.1325825890625 0.37725581875 0.1290444328125 0.37453444999999996 0.12336145624999999 0.3728496953125 0.117891821875 0.3717856421875 0.114575765625 0.3708981578125 0.10779507031249999 0.3694919859375 0.10494122187499999 0.3684230109375 0.102827215625 0.367706928125 0.098864959375 0.36871196875 0.09513254843749999 0.3674168328125 0.0928528671875 0.3673073015625 0.0916585546875 0.3682856390625 0.0954524765625 0.3698816015625 0.0968632734375 0.3709324234375 0.10063779218749999 0.372670853125 0.10662031093749999 0.374771653125 0.1107736046875 0.375666765625 0.1140784890625 0.3764749640625 0.1200584015625 0.3763748203125 0.125007709375 0.377707659375
0 0.1027535640625 0.397577221875 0.10311918281250002 0.3962176796875 0.1059229609375 0.396334284375 0.10577985937500001 0.3955997296875 0.10534211874999999 0.3954070046875 0.10110508437500001 0.39381205 0.099225384375 0.3933545546875 0.095477196875 0.39226890625 0.092472171875 0.39172493125 0.0906915375 0.39151093124999997 0.0907266109375 0.3907001875 0.0877960109375 0.39011579531249996 0.083877546875 0.38906645625 0.0796723859375 0.3889382953125 0.07425824375 0.3873340875 0.0704624546875 0.3870983296875 0.06861251874999999 0.3875915703125 0.0697511125 0.38932224375 0.07096356718749999 0.390496684375 0.07520304531250001 0.3920762078125 0.07898400625 0.39359418125 0.083773096875 0.39515950625 0.085227125 0.3958375015625 0.0883690203125 0.395707084375 0.091299059375 0.3959354421875 0.09583085625 0.3970676859375 0.097548484375 0.3970502296875 0.10009427343749999 0.39750723125 0.1027535640625 0.397577221875
0 0.0749895796875 0.412801096875 0.07640619531250001 0.4127264734375 0.07703916718750001 0.412505584375 0.07484733593750001 0.41163163437500006 0.07395438125 0.41143641718749996 0.07218788125 0.41122307343750003 0.0735630578125 0.410660965625 0.071939740625 0.41033266875 0.068414090625 0.41033902656250004 0.06555259375 0.4099775640625 0.0673154078125 0.4111031234375 0.07170641718750001 0.41226527500000004 0.0749895796875 0.412801096875
0 0.103942996875 0.4183740203125 0.10096021562499999 0.417689609375 0.09838382812499999 0.41802507968749997 0.09626432968750001 0.4180927875 0.09458373125 0.4183059453125 0.0986707 0.419799615625 0.10157966874999999 0.42110987343749995 0.10391283437500001 0.4213212125 0.10776242656249999 0.4216667375 0.108974153125 0.42300558906249996 0.11242271718750001 0.42299651406249994 0.116610428125 0.42258562031249997 0.11434702031249999 0.4210548875 0.11158362656250001 0.42040364218750004 0.11026473437499999 0.41979134531250006 0.1071380796875 0.419136353125 0.103942996875 0.4183740203125
0 0.0903586703125 0.40202265156249994 0.0943460734375 0.4034657484375 0.0974708640625 0.40309374375000007 0.0903586703125 0.40202265156249994
0 0.11998884843749999 0.4048109109375 0.11927301562499999 0.40555496562500004 0.12288938437500001 0.40660391718750005 0.1185890046875 0.4056586140625 0.11495179687499998 0.4052106765625 0.1081785734375 0.40380727031249997 0.10756716875000001 0.4047909234375 0.1085820609375 0.405135175 0.10988414375 0.4062431328125 0.11017634843749999 0.40705508906250004 0.1117436578125 0.4076371234375 0.11593374062499999 0.40736107343750005 0.1163235484375 0.40756677343750003 0.1188725203125 0.4081634921875 0.12189498750000001 0.408926959375 0.125722059375 0.40931479531250003 0.1300395671875 0.40926300156249995 0.1349151171875 0.4095732765625 0.1347147296875 0.4102391890625 0.136878796875 0.41107868437499995 0.1422254921875 0.4106915765625 0.14668409375 0.41115728906250004 0.14918186718749998 0.4133357859375 0.1522812703125 0.412714553125 0.1556897765625 0.4128984625 0.163837875 0.41437092187499996 0.166236034375 0.41439164375 0.1677600640625 0.4142580984375 0.1701036515625 0.4140740125 0.1729034671875 0.4150047078125 0.17468056406250002 0.415990153125 0.1786751359375 0.4160295890625 0.181491096875 0.41580958125 0.18405808125 0.4162825953125 0.1859950484375 0.41775687968749997 0.19131445625000001 0.41787168125 0.195468978125 0.4184094625 0.19973509843749998 0.419311371875 0.20269170781249998 0.419521790625 0.2054812125 0.4195886765625 0.21061360156250003 0.4199253921875 0.21226109218749997 0.420320796875 0.21352533125 0.4195402078125 0.2150893328125 0.4199034046875 0.21863457656250002 0.4205424328125 0.2213373671875 0.42103695625000004 0.225747025 0.42091275 0.22773506875 0.42123553437499994 0.2306955265625 0.4224004953125 0.2341556328125 0.42356707499999996 0.23542973125 0.42391283281250003 0.23839325625000002 0.42494855625000005 0.24104421875 0.42545069062499996 0.243689371875 0.42586964062500005 0.24550887812500002 0.4261578234375 0.2504581328125 0.4267518703125 0.2538727265625 0.4271170890625 0.2561818359375 0.42667126250000004 0.25976035625 0.42720007656250003 0.2629165640625 0.4278882265625 0.266648121875 0.42875925625000005 0.268918428125 0.4285983671875 0.270139384375 0.42847060625 0.27250734374999996 0.42879186718750006 0.2767034765625 0.4294564703125 0.279506334375 0.4299684234375 0.28171775781249997 0.4299595703125 0.2844390625 0.42978785 0.28341544218750003 0.42883948125 0.278419765625 0.4276495859375 0.2807234875 0.4279369421875 0.2846703734375 0.4279878109375 0.284483925 0.42735712968749995 0.282997634375 0.4268828453125 0.279901278125 0.42571692656250004 0.275934665625 0.42513138906250003 0.274633459375 0.42524644062499994 0.27254891406250004 0.4250934625 0.2712658671875 0.4244346390625 0.2700193609375 0.423974603125 0.26734210625 0.423588534375 0.2672056375 0.423421378125 0.2651176796875 0.4225907734375 0.26395333125 0.42308028125 0.2618978640625 0.4234428875 0.2607022328125 0.42276152343750006 0.258671303125 0.42259963437500003 0.25928607812500004 0.4239119640625 0.25032372187499996 0.42193719218750003 0.24659484375 0.4222578140625 0.242966890625 0.42114216718749997 0.2375623171875 0.419577440625 0.23586252187499998 0.419162678125 0.23433977343749998 0.41967768281250006 0.2320443078125 0.41910846093750004 0.228987559375 0.41801209375 0.22404788125000002 0.41726769375000006 0.22015665312500002 0.4165058421875 0.21705772343750002 0.41613524999999996 0.2142338015625 0.416864975 0.21011808593749998 0.414673846875 0.2067285828125 0.4153487953125 0.2004945765625 0.41426650781249996 0.197713540625 0.41381654375 0.1935870984375 0.413161396875 0.190101184375 0.412966809375 0.185076928125 0.41208720000000004 0.1823490625 0.41205064374999995 0.18040926875000002 0.4125818578125 0.1800943953125 0.41399056874999995 0.170677840625 0.4122665828125 0.16027066875 0.4110738578125 0.151368284375 0.4100688453125 0.1453358421875 0.408752709375 0.1388674328125 0.408291396875 0.13505580781249998 0.40736655468749994 0.13091120625 0.4069758859375 0.12724185 0.40649121718750003 0.1255067046875 0.40577027968749996 0.1218543375 0.40474884843750003 0.11998884843749999 0.4048109109375
0 0.099645571875 0.44202101406249994 0.09692666250000001 0.4410888953125 0.09605755625 0.44079304375 0.0930491328125 0.440050784375 0.08955107343749999 0.4404522609375 0.09203556562500001 0.44152601562499993 0.0943311203125 0.4420746859375 0.0989078390625 0.442693575 0.1005010484375 0.44279246250000004 0.099645571875 0.44202101406249994
0 0.1183606421875 0.43988173281250004 0.1154397765625 0.43881637968750004 0.11179177656249999 0.43817689687500005 0.11178912187500001 0.4393123359375 0.1133595171875 0.4404042546875 0.11568845000000001 0.4411417234375 0.11878583125 0.44186168593749997 0.12341753281250001 0.4426727921875 0.12743835625 0.4426863296875 0.1294909109375 0.44247196874999994 0.12690433437499998 0.44135356875 0.12304962187499999 0.440501 0.1183606421875 0.43988173281250004
0 0.17836942656250002 0.43770645625000004 0.17532305312500002 0.436654446875 0.1732733609375 0.437000565625 0.171460228125 0.43782077656249996 0.1712372375 0.43886911250000005 0.17349723125 0.4392128234375 0.17545069062500002 0.43932447343750003 0.17803483281250002 0.44026846875 0.18143352343750002 0.441273453125 0.1843493953125 0.44191088125 0.187835684375 0.4423428234375 0.1921061453125 0.44180898593749995 0.19116450000000001 0.44083247031250006 0.18815881406249998 0.439633453125 0.185399084375 0.438959059375 0.1836141625 0.4388820125 0.18153961406250002 0.43786685781249995 0.1801409046875 0.4378683828125 0.17836942656250002 0.43770645625000004
0 0.21057219531250002 0.4479340609375 0.20617395312500003 0.44711721718749997 0.20203028281250002 0.4466507609375 0.20009678593750002 0.44675267500000004 0.199705228125 0.44782651875 0.2026063234375 0.44895676562500003 0.2049387890625 0.449272403125 0.2097003015625 0.45041255625 0.21306563125000003 0.4511986875 0.21730645 0.4511616421875 0.219271753125 0.45079899375 0.2162496203125 0.44899463749999996 0.213806875 0.44844638281250004 0.21057219531250002 0.4479340609375
0 0.21151991875 0.43431938593749997 0.208958375 0.4343613765625 0.207601253125 0.43420021562500005 0.20613513437500003 0.4343476796875 0.20649337812500002 0.4351621875 0.21460121718749997 0.4377578015625 0.21754908906249998 0.43755394062499997 0.2173154328125 0.43661204218750005 0.21398672031250002 0.436034203125 0.21250045625 0.4354998078125 0.21197080625 0.43521817343749997 0.2139695609375 0.4350538234375 0.21151991875 0.43431938593749997
0 0.23508442187499998 0.44329272499999994 0.23405737968749998 0.44185656562500003 0.23131769375000003 0.4410556234375 0.22955116250000002 0.44125200781249996 0.22886098281249997 0.4420238546875 0.23237262187500002 0.44295497343749995 0.23508442187499998 0.44329272499999994
0 0.049688831249999996 0.4210525890625 0.052745578125000005 0.420620765625 0.054560954687499996 0.4202058953125 0.051660898437500005 0.4191090359375 0.0510083390625 0.41935371562499996 0.0484824046875 0.41865148906250005 0.045372140625 0.4173536453125 0.043409703125 0.41698903906250007 0.039853790625 0.41674697812500006 0.038320534375 0.415959934375 0.036168396874999995 0.4154846015625 0.030657903125000004 0.4149282203125 0.0299679734375 0.4153489078125 0.030143954687500002 0.41646518125 0.033820974999999996 0.41723107343750004 0.037860184375 0.41786765781249996 0.040079673437500005 0.41882666874999996 0.043068024999999996 0.419246190625 0.04581325625 0.41949273593749997 0.046291778125 0.4206964765625 0.049688831249999996 0.4210525890625
0 0.06370229375 0.418543575 0.060250315624999995 0.41787502343750005 0.05719683125 0.41708765937500003 0.055694334375 0.4168655078125 0.0542293046875 0.41711597187500005 0.056469006249999995 0.41793738906250005 0.059200265625000005 0.4190312453125 0.06341244375 0.41977432343750004 0.06508482812500001 0.41924346874999996 0.06370229375 0.418543575
0 0.29287928124999996 0.4667618390625 0.2887930328125 0.4652935953125 0.2848507765625 0.4642246671875 0.280604315625 0.4636580859375 0.2780722515625 0.4633741140625 0.27547463906249997 0.46308450468749995 0.274271359375 0.46514824062500004 0.275098371875 0.46649892968750006 0.27788623437500004 0.46728535468750004 0.282925725 0.46772917031250005 0.2845080828125 0.468775525 0.28920551250000004 0.4688819875 0.29510240625 0.47065441249999995 0.29754068437500003 0.469502915625 0.29605084531250003 0.467952325 0.29287928124999996 0.4667618390625
0 0.29633344375 0.4664277640625 0.29581409375 0.467199775 0.29657535 0.468296425 0.299154128125 0.46873492031249997 0.3006175671875 0.46841459687500003 0.30147423125 0.4675504703125 0.298670328125 0.46633595312500004 0.29633344375 0.4664277640625
0 0.26897597968750003 0.45877894374999995 0.2725556609375 0.4602792765625 0.2741709203125 0.460468665625 0.27552578437499997 0.4602545390625 0.2756945421875 0.45999809375 0.272368234375 0.458635975 0.270114184375 0.4582647296875 0.26897597968750003 0.45877894374999995
0 0.32940426875 0.4745606859375 0.3272066578125 0.4740528390625 0.32618919687500003 0.474154296875 0.3268174390625 0.4751618546875 0.32765734375 0.475881796875 0.33105535937499997 0.4757523953125 0.32940426875 0.4745606859375
0 0.298693278125 0.46386379375000003 0.2969625484375 0.46461321250000004 0.2983044625 0.464640659375 0.3009890890625 0.46523987968749997 0.3056988640625 0.4653482984375 0.30297964374999997 0.464727778125 0.3003204328125 0.463808278125 0.2998354609375 0.463524228125 0.298693278125 0.46386379375000003
0 0.2959458265625 0.445482696875 0.29787708749999997 0.4461540140625 0.300764825 0.4466794125 0.3017173046875 0.44622911875 0.3044817625 0.44567506718749994 0.2943378125 0.4433897546875 0.29523433906249996 0.444950784375 0.2959458265625 0.445482696875
0 0.29464988124999997 0.42625733125 0.29126115 0.42616830937500005 0.2873741453125 0.42659835468749996 0.285757228125 0.427158559375 0.286640925 0.42938989687499995 0.2901409359375 0.43085388125 0.2937991875 0.431968 0.29895993125000003 0.43314448906249997 0.30297430468750003 0.43407771562499997 0.3090310890625 0.43494051562499997 0.3124230171875 0.43513920156249997 0.3147551703125 0.43525704374999996 0.31486073124999997 0.43500008125 0.3223771125 0.43576658906250004 0.3267827875 0.436326746875 0.33197182187499996 0.43728465937500005 0.3331296390625 0.43754555625 0.336872021875 0.43717961406250005 0.3419898609375 0.4378778796875 0.3460348734375 0.4389472625 0.35169152656249997 0.4392800046875 0.3529060171875 0.43908319375 0.3565580234375 0.43881842187500003 0.358903715625 0.4384812171875 0.3587169515625 0.43698356250000003 0.35665335 0.43566956718750005 0.354360775 0.4361907828125 0.34860840625 0.4357432171875 0.3460990609375 0.43534577499999993 0.34262509375 0.435135678125 0.3392847921875 0.434840759375 0.3353184953125 0.43359400625 0.3318764296875 0.43275300781250003 0.3287489453125 0.43196341406250005 0.327565246875 0.43180599218750004 0.324760396875 0.432065728125 0.322280684375 0.4313613296875 0.32019562968750004 0.4305723171875 0.3171665546875 0.430040353125 0.31360221093749996 0.42942202968750004 0.30788690937499996 0.428410821875 0.30416673906249997 0.42767764531249997 0.29998637499999997 0.42648399687499994 0.2978033625 0.4261936109375 0.29464988124999997 0.42625733125
0 0.4202225734375 0.4767968921875 0.4157184796875 0.4771877328125 0.41834552968749994 0.47826033749999997 0.421788290625 0.4783278609375 0.4231794421875 0.4785039015625 0.4202225734375 0.4767968921875
0 0.480598628125 0.4264468953125 0.47409644375 0.4262887203125 0.4730715734375 0.42642697187499995 0.4755740421875 0.42778674843750003 0.47659665156250003 0.4286416203125 0.48293357031250006 0.42837496249999996 0.4904269765625 0.42979593281249995 0.49384919062500005 0.4295137484375 0.49138077812500003 0.42810874375 0.489543959375 0.42733057187499995 0.48662289375 0.4266859921875 0.48314033749999996 0.4264302390625 0.480598628125 0.4264468953125
0 0.46507152500000004 0.41210383437500003 0.46822116718749995 0.41293332187500004 0.4712999765625 0.4134209578125 0.47363769375000003 0.4136235265625 0.4746466140625 0.41303663124999995 0.47106728750000004 0.41164392968749997 0.46651891718750005 0.41068624218750005 0.4631808390625 0.4101575421875 0.4624624703125 0.410428184375 0.46507152500000004 0.41210383437500003
0 0.38927100000000003 0.41215445624999997 0.39104914687500003 0.4124740546875 0.38822701249999997 0.413711878125 0.39182094218749997 0.41395363124999995 0.39245980937499997 0.41363559375000003 0.39699922499999996 0.41361103750000006 0.3975513390625 0.41244239374999997 0.39578589375 0.4112135890625 0.3947793796875 0.4110162046875 0.390953328125 0.41053203125 0.38739919375 0.4099691109375 0.38513541406249996 0.4102386078125 0.38401784375000003 0.41143159375 0.38593103906250004 0.4119972234375 0.38927100000000003 0.41215445624999997
0 0.43221824062499997 0.42453151718750004 0.4293088734375 0.42371319218750003 0.42746705625 0.4228567109375 0.4254522734375 0.4235817046875 0.4264722953125 0.4247525625 0.4293038796875 0.42532285312500007 0.4327920140625 0.42563327656250005 0.43698422031249995 0.42533383281250003 0.4362225390625 0.42478922499999994 0.43221824062499997 0.42453151718750004
0 0.4422670375 0.43011441718750004 0.43837602656249997 0.4299205296875 0.43577399375 0.43003837031250003 0.43380747968750005 0.430728296875 0.43214960781249995 0.43165694375 0.43331954687499996 0.43256046093749995 0.4356350296875 0.43271363125000006 0.43826838281249997 0.433516715625 0.440725890625 0.43360220624999996 0.4441059375 0.4335063453125 0.44835855156250004 0.4329253859375 0.447749015625 0.4320394375 0.44518368593749996 0.431166446875 0.4422670375 0.43011441718750004
0 0.4296336375 0.43696464375 0.42837633906250006 0.43733185468749997 0.42893591718749996 0.4383933984375 0.42997162343750006 0.4393753203125 0.43268944375 0.4402044390625 0.43740117968750003 0.4404602921875 0.438163603125 0.4397916421875 0.43775823750000004 0.43899498281250005 0.4344904265625 0.4388017171875 0.4347106140625 0.438520196875 0.437842440625 0.4383834390625 0.44046644218750003 0.4376774171875 0.437755921875 0.43721172812500003 0.4348718359375 0.4372026328125 0.4330438703125 0.4365982984375 0.43092528124999996 0.43544170156249995 0.4281804875 0.4354720703125 0.4279248328125 0.43619725468750004 0.4296336375 0.43696464375
0 0.38035383437500003 0.431379003125 0.3841839109375 0.43159804218750003 0.3869306453125 0.43158538281250003 0.39078108125 0.43203545312499997 0.39154162187499997 0.431228871875 0.3961961890625 0.43076694531250004 0.3925141203125 0.4293437328125 0.38854505 0.42931308125 0.386938575 0.429098190625 0.3836469046875 0.4281766 0.37920879375 0.4286902125 0.37683391718750003 0.4290718359375 0.3744888875 0.42904529062499996 0.370044778125 0.42884764531249997 0.36787984375 0.42812349687499995 0.3643158703125 0.4280921453125 0.3635187078125 0.42904004999999995 0.3637944109375 0.430385684375 0.36970167656249997 0.43051449531249997 0.37425149375 0.431333196875 0.3785436734375 0.4319307484375 0.38035383437500003 0.431379003125
0 0.34783673125000003 0.39031476249999997 0.346987865625 0.39134939687500003 0.3493008765625 0.39157810937500004 0.351135815625 0.3918687359375 0.351044965625 0.392452334375 0.34850138125 0.39265062031250003 0.3496316296875 0.3933153015625 0.351231428125 0.39356235625 0.3539358328125 0.3933974515625 0.356637496875 0.3930201265625 0.3570084015625 0.3921565796875 0.3563465859375 0.3910313828125 0.3539423546875 0.3902899 0.350102159375 0.38999490312499996 0.34783673125000003 0.39031476249999997
0 0.33679144375000003 0.3730746453125 0.33421860937500003 0.37209921874999996 0.3308055875 0.3721835296875 0.331293753125 0.37292685937500003 0.3334798578125 0.3743963078125 0.335538584375 0.3746923203125 0.337719996875 0.375102684375 0.3411018984375 0.374695465625 0.3443421265625 0.374303778125 0.3443297953125 0.37325297343749997 0.3391949515625 0.37363092343750004 0.33679144375000003 0.3730746453125
0 0.3743435703125 0.3764959015625 0.3760348390625 0.3763951703125 0.37665686875 0.375104715625 0.3749468078125 0.37475476875 0.37211633125 0.375435996875 0.3715744390625 0.3761205921875 0.372439184375 0.37619427499999997 0.3743435703125 0.3764959015625
0 0.37057457656250004 0.37407335 0.3724781484375 0.37471971718749997 0.37564895 0.37444675312500003 0.37636046562500003 0.3738997625 0.37513867031250003 0.3730639671875 0.372502475 0.37225885000000003 0.36881550937499996 0.37207513125 0.367125709375 0.372166603125 0.36698487968750004 0.37330546875000004 0.37057457656250004 0.37407335
0 0.3907891484375 0.37417276718750003 0.3876826703125 0.373280509375 0.38460471875 0.37286736249999997 0.38076561249999996 0.3731847640625 0.3795685546875 0.3753190921875 0.38240262343750003 0.3766427984375 0.386021940625 0.377643175 0.388149634375 0.3772540421875 0.39118913437499997 0.3768811828125 0.39396875625 0.376551009375 0.3959920796875 0.3778396421875 0.39719068750000003 0.378412321875 0.3978466421875 0.37871554375 0.401787665625 0.3799820234375 0.40508598281249997 0.3804221625 0.40819871562500004 0.3799564921875 0.41259109531249993 0.379441965625 0.40998635937500005 0.3775692515625 0.4063621015625 0.37738913749999997 0.40171421562500004 0.3769598875 0.399305484375 0.3764565703125 0.39508933281249997 0.375698625 0.39389357187499996 0.3752877578125 0.3907891484375 0.37417276718750003
0 0.4914148046875 0.37916144375 0.49055600781250003 0.379729403125 0.490948184375 0.380928959375 0.49536233281250003 0.38126581875 0.49810503749999996 0.38084911718750003 0.5029824421875 0.3808480359375 0.50538864375 0.380528325 0.503054678125 0.3796128796875 0.49953235312500005 0.37894900468750004 0.4968211171875 0.37861767031250004 0.4944402890625 0.3787072671875 0.4914148046875 0.37916144375
0 0.41306855625 0.36195448125 0.41470537500000004 0.363096471875 0.41721787343749994 0.363693740625 0.42034692656250006 0.364773084375 0.421476915625 0.3649599671875 0.4261692015625 0.36426988125 0.42959281093749996 0.3641287125 0.4312257203125 0.3634175890625 0.43070926875 0.3620338234375 0.428944025 0.3614030375 0.42711775 0.361167571875 0.42492538125 0.36022709375 0.4253256375 0.3593080796875 0.42247878281249995 0.3590739125 0.415904209375 0.35962249062499996 0.41404396875 0.3583929078125 0.4122185328125 0.357592809375 0.4093425609375 0.3570930046875 0.40798703437499995 0.358180278125 0.40687813906250003 0.35923858750000004 0.41025036562499995 0.360210903125 0.412323921875 0.36075288906249997 0.41306855625 0.36195448125
0 0.3238618578125 0.357353775 0.32699473437500004 0.35807936093750004 0.332535553125 0.35892371875 0.3337525109375 0.35900098125 0.3336609171875 0.3582508546875 0.3372145234375 0.3575386171875 0.338448615625 0.35677856406249997 0.33784503125 0.355675246875 0.33601840156249996 0.354822753125 0.3334778359375 0.353803396875 0.3307219078125 0.3529951359375 0.3289566984375 0.3524640203125 0.32573257187500004 0.3523045671875 0.3235045265625 0.3524183625 0.3218218484375 0.35256474843749996 0.3211171078125 0.3513409984375 0.3174469890625 0.35041167500000003 0.3170148609375 0.3508826859375 0.318205796875 0.3523827703125 0.316281784375 0.3528642796875 0.315047596875 0.3539945 0.3149601296875 0.3548064375 0.3181201953125 0.355749896875 0.32096485625 0.35666712968750003 0.3238618578125 0.357353775
0 0.3072748609375 0.3610292484375 0.3092135015625 0.3612144859375 0.31183206874999997 0.36168143124999996 0.313976265625 0.36177741406249997 0.3188074109375 0.36202845 0.323211325 0.36389820624999997 0.3266900640625 0.362789690625 0.32708479375 0.3620454015625 0.32284332031249996 0.3602187765625 0.32272571562499996 0.35831443281249997 0.320965590625 0.35768129375 0.3192444203125 0.3572916203125 0.3162774203125 0.3560481078125 0.31239605625 0.35504419375 0.30973031406249996 0.35538449375000003 0.30899852031249997 0.35536034375000003 0.307330246875 0.3549363359375 0.3038511484375 0.35526804375 0.3003111859375 0.35547462812499997 0.2979934546875 0.3552657328125 0.2948843546875 0.354589790625 0.2926357484375 0.35438393437500004 0.29098692656249997 0.3554152609375 0.292976303125 0.356858296875 0.2938369703125 0.357477115625 0.296071921875 0.357869065625 0.2977213671875 0.3582521234375 0.2999275296875 0.3590555734375 0.3010309828125 0.3598694609375 0.304184075 0.36112662812499996 0.3050853359375 0.3611095953125 0.3072748609375 0.3610292484375
0 0.2966062890625 0.34453695624999997 0.2948782703125 0.3430119203125 0.2978906703125 0.3424006375 0.30105811718750003 0.3423486203125 0.3037229640625 0.3432025703125 0.30997711875 0.34461710156250003 0.315526821875 0.345734965625 0.318992765625 0.34641522187499996 0.31994814531250004 0.344827946875 0.3233575015625 0.34578557656250003 0.327238021875 0.34617555 0.330551109375 0.345963090625 0.33133639531250003 0.34538981562500004 0.3340192046875 0.345031653125 0.3360868015625 0.3446124359375 0.3355238515625 0.34364211093749997 0.33268051249999997 0.34250677500000004 0.3304294671875 0.34145733906250003 0.3272297890625 0.340284546875 0.3243969125 0.3395226328125 0.3213751796875 0.33875453437499997 0.3189293953125 0.33827540625 0.3161808015625 0.3374208484375 0.31319491875 0.33778479687499996 0.3095555734375 0.33840910156250004 0.30775546249999997 0.3383280671875 0.3059742203125 0.33768841875 0.3036932546875 0.337037646875 0.29953721875 0.3364395109375 0.2970337390625 0.33600503125 0.293986346875 0.337086946875 0.2923723421875 0.3364801140625 0.28940984687500004 0.3356676125 0.28785761249999997 0.3353300078125 0.2850368484375 0.33438175625 0.28407303281249996 0.33441419375 0.281961321875 0.3343328484375 0.2801569453125 0.334168875 0.2772990859375 0.333334978125 0.2762114296875 0.3329507265625 0.274789321875 0.3322809515625 0.2728522828125 0.3319757359375 0.27020897499999996 0.33143526562500003 0.26798233437499996 0.3309908453125 0.26605813437500003 0.3303348828125 0.26369928125 0.3305054765625 0.2611516796875 0.3307790625 0.2588529796875 0.33035012343750003 0.25697459375 0.3303737578125 0.256103246875 0.3322195484375 0.2544156453125 0.3322971296875 0.24803414375 0.333214828125 0.2478878796875 0.33399847031249996 0.2518664015625 0.33481844375 0.2544058515625 0.33579491093749997 0.25587730937500003 0.3363728375 0.2573818578125 0.33926885625000003 0.260943628125 0.3401731109375 0.2631185796875 0.3411836015625 0.265805040625 0.34083234375 0.26775931875 0.3397402390625 0.2708016375 0.34111749375 0.2715497328125 0.34255693125 0.27291801875 0.3434966109375 0.2768461109375 0.3446249921875 0.27876249375 0.344980721875 0.2846167765625 0.344814803125 0.28606012812500003 0.344201796875 0.2886255828125 0.3441351125 0.2929808140625 0.3440149421875 0.2966062890625 0.34453695624999997
0 0.29653760625 0.3320458625 0.2993874234375 0.332710796875 0.3012178671875 0.33339936875 0.30444585625 0.3344833078125 0.3055945 0.3350718015625 0.31168386875 0.333701265625 0.309858515625 0.3330704515625 0.307757840625 0.33216031562500004 0.3063413890625 0.331554715625 0.3046193953125 0.33119022343750004 0.3021893875 0.330501609375 0.300378546875 0.3302685875 0.2985804296875 0.33043465625 0.296706525 0.33059979687499996 0.2945075765625 0.3308495046875 0.29356243437499996 0.3314132796875 0.29653760625 0.3320458625
0 0.42696116249999994 0.16609769218749998 0.4300016765625 0.16444992187500002 0.43316379843749997 0.16466125 0.4366505796875 0.1647404921875 0.43898309687500003 0.164776128125 0.44260020781250003 0.164611821875 0.44487859687500003 0.16436995000000001 0.4459111 0.16304484218749998 0.4435172828125 0.16158837343750002 0.440412453125 0.16013635625 0.4425929453125 0.15992327343749999 0.44742151718749995 0.16096963749999998 0.44476116093750007 0.15955796093750002 0.44217119218749995 0.15840105625 0.440199725 0.15755409843749998 0.4384176203125 0.1556613890625 0.43699108750000004 0.15371109375 0.4357723359375 0.15245655625 0.43132562500000005 0.1510767625 0.42760941875 0.1505482875 0.42444784843749994 0.150882828125 0.4218554359375 0.151269546875 0.42249670625 0.15357322499999998 0.41913913125 0.1550853515625 0.4145738234375 0.1523468390625 0.41138259374999997 0.15117064062500002 0.4063275734375 0.1490569625 0.40730840781250005 0.1489370484375 0.413139565625 0.1500757609375 0.413217671875 0.14896334687499999 0.41145644375 0.147747865625 0.4077507234375 0.147372921875 0.404680503125 0.1474403390625 0.39892565156250004 0.14674875468749998 0.3927282890625 0.1442864578125 0.39173958125 0.14626394843749999 0.391471615625 0.1481056421875 0.3945021828125 0.1499366453125 0.400588084375 0.152083875 0.401939303125 0.1530414171875 0.4007455421875 0.154056228125 0.4023643203125 0.15538203281250001 0.40655733749999995 0.15712505000000002 0.410012790625 0.15952958125 0.41464536093750004 0.1607347359375 0.41856015468749996 0.1626662375 0.420030603125 0.1651882546875 0.42696116249999994 0.16609769218749998
0 0.44436540625000004 0.07845535625 0.44529405000000005 0.079953446875 0.44881534375000004 0.07988470156250001 0.45010712656249996 0.07892021875 0.45099382656250003 0.078945175 0.452848065625 0.078284925 0.454336940625 0.07726465 0.454065565625 0.07604151406250001 0.4522637515625 0.074762653125 0.45070845937500004 0.07487384531249999 0.4476851734375 0.0753141328125 0.445043390625 0.0761723703125 0.44428047812499993 0.07684410781249999 0.44436540625000004 0.07845535625
0 0.31415958437499997 0 0.3141494265625 0.0000099203125 0.3125737375 0.002177615625 0.3143428453125 0.00475168125 0.3181861703125 0.005466396875 0.32020272968749997 0.0039111453125 0.3231630046875 0.003079621875 0.32644347812499996 0.0036324203125 0.3312538484375 0.0040146328125 0.33453943124999996 0.0047549125 0.3371062671875 0.006387492187500001 0.3394373609375 0.0078704125 0.34128870624999996 0.0085069265625 0.34703663749999997 0.009741614062499999 0.3473723796875 0.010728156249999999 0.3496887265625 0.0121343890625 0.3512720484375 0.013204626562499999 0.3524933640625 0.013344276562499998 0.354603171875 0.0131579671875 0.3582547390625 0.015512878124999999 0.3635708015625 0.0171869796875 0.36580630468750003 0.0181247984375 0.3670573453125 0.0194651296875 0.371946796875 0.0206065625 0.3676536265625 0.022082825 0.36744279999999996 0.0241930125 0.366915340625 0.0266343046875 0.371111246875 0.0253925890625 0.3744492609375 0.024353540625 0.3783083390625 0.025078660937500004 0.382188671875 0.023821765624999998 0.384950953125 0.02204291875 0.3865029859375 0.0207637109375 0.38930421875 0.021615532812499998 0.3910365234375 0.022843834375 0.3963922265625 0.0246871578125 0.39943526406249996 0.0260898390625 0.40322234999999995 0.0275391765625 0.4055676265625 0.027564178124999998 0.404867840625 0.025490109374999997 0.40888350312500005 0.026105562500000002 0.406683515625 0.0293782640625 0.403638696875 0.029664853125 0.3976855921875 0.0255105609375 0.392330915625 0.0257682640625 0.391729959375 0.028174187499999996 0.4023116203125 0.0302029390625 0.403761071875 0.0316189921875 0.4059444640625 0.033325307812499996 0.410762809375 0.0346959375 0.415748503125 0.0362085578125 0.4161046453125 0.033260790624999995 0.4179094515625 0.030994915625 0.4225363578125 0.028919737499999997 0.42696876250000004 0.029640743749999997 0.4328990390625 0.0312523484375 0.43590060937499997 0.0332464484375 0.4372952953125 0.036057040624999995 0.43675485625 0.038290621875 0.43545662187499995 0.0430713921875 0.43628734218750004 0.0437993703125 0.440853509375 0.045593578125 0.44074435625 0.04877979375 0.4480752640625 0.0507872515625 0.4530512 0.053000725000000005 0.4558377296875 0.05521388125 0.46414930937500004 0.05778165 0.46998774374999996 0.060522476562500004 0.47886640937499997 0.0628858140625 0.4759607671875 0.06396170625 0.47336769843750004 0.06589074687499999 0.47245402031249994 0.06758429218749999 0.475487821875 0.06723742499999999 0.48087438281250006 0.06536008125000001 0.4877088953125 0.065317775 0.493014809375 0.06442905 0.49747983281249997 0.063016390625 0.50075718125 0.06229045625 0.5065651078125 0.06325621875000001 0.514883175 0.0651637484375 0.5167345546875 0.06589993125 0.5193607140625 0.0678171703125 0.5208233359375 0.069209996875 0.52242585625 0.06852095312499999 0.524969821875 0.0658232046875 0.5241041656250001 0.0628986546875 0.5244724609375 0.05865559218750001 0.52771333125 0.057770428124999995 0.533170659375 0.059091975 0.5380251046875 0.0607340953125 0.540905696875 0.0624432609375 0.5457621671874999 0.061885171875 0.547854490625 0.062078931250000004 0.5521851375 0.0634324328125 0.5549130375 0.064587453125 0.55895079375 0.066222034375 0.5589753890625 0.0645585265625 0.553677059375 0.061643800000000006 0.55102908125 0.0593149546875 0.5592345703125 0.0562799609375 0.5615581 0.054214892187499995 0.5603654062500001 0.0526559953125 0.55667210625 0.0487267359375 0.5506357421875 0.045587540625 0.54676400625 0.0436438765625 0.541788003125 0.0417404609375 0.5383961687500001 0.03964341875 0.546639728125 0.039384495312500004 0.5527353609375 0.03850378125 0.5556915578125 0.0371986 0.5563996703125 0.035784146875 0.554983278125 0.033689915625 0.5510835593750001 0.034040431249999996 0.5481468640625 0.033973962499999996 0.548301453125 0.032598396875000005 0.5515288796875 0.031798112499999996 0.5506717265625001 0.03011834375 0.5390043999999999 0.023877271875 0.5298128390625 0.020143425 0.5244681875 0.017950653125 0.5201612625 0.016767015625 0.509038884375 0.0163643234375 0.505916815625 0.016309625 0.5050098390625 0.017751115625 0.5027416484375 0.0236818078125 0.5021062406250001 0.024237690625 0.49654798125 0.021136253125 0.5099700640625 0.0123828484375 0.51464949375 0.009017184374999999 0.5130199984375 0.006490543749999999 0.51044073125 0.006055134375 0.5026889140625 0.0090923765625 0.49894735468749996 0.009942534375000001 0.4954956046875 0.00573671875 0.48676682656250003 0.0026567546875 0.4829664328125 0 0.46929469843750005 0 0.46645469375 0.0020546359375 0.4616753046875 0.0024556624999999997 0.4594218953125 0.0026097359375 0.4539981078125 0.00232495 0.45192838281250003 0.0051547640625 0.44678811406249996 0.0029500671874999997 0.4442688078125 0.0006178734375 0.4429052015625 0 0.31415958437499997 0
0 0.19670321875000002 0.064365546875 0.2015788234375 0.066942803125 0.209026309375 0.0697723703125 0.21293145624999998 0.07098570781249999 0.2157764234375 0.0714315609375 0.221522603125 0.06987061875 0.22477883906249999 0.0682791625 0.224730709375 0.0663257078125 0.21952999218749997 0.06312428437499999 0.212740721875 0.0606236078125 0.2081257140625 0.060576076562500004 0.2086092140625 0.058672021875 0.20903999999999998 0.05727059375 0.2034377484375 0.055116121875 0.19867280781250002 0.0533283984375 0.19673517812500002 0.052217864062499994 0.1952729015625 0.050103709375000006 0.19026475468749998 0.0503609296875 0.18153846093749998 0.050071965625000006 0.18087278906249998 0.051238443749999994 0.1842654046875 0.0554380578125 0.1872199078125 0.058188796875000004 0.19251634374999999 0.061664825 0.19670321875000002 0.064365546875