0 0.568955184375 0.7301640203125 0.57339479375 0.7296973984374999 0.577134378125 0.7273090468750001 0.5862606703125001 0.7263498359375 0.5872837843750001 0.7254111859375 0.5853135703125 0.7244540734375 0.58264368125 0.7204125765625 0.5867376921874999 0.7166578171875 0.5918148171875 0.7151265359375001 0.5952036140625 0.7117774015625 0.6011968515625 0.70948525625 0.6082925078125 0.702255515625 0.6066126609375 0.69694576875 0.6011553140625 0.6948594765625 0.597075159375 0.69163078125 0.584677475 0.689940871875 0.5785216578125 0.6859326859375 0.575739390625 0.6855605359375 0.5601307359375001 0.686534921875 0.5520206296875 0.6900472125 0.549796575 0.69260935 0.54210998125 0.6954125484375 0.53446459375 0.6962161109375 0.5348887890625 0.7057379953125 0.5317740640624999 0.714744159375 0.524941959375 0.7227474640625 0.502153396875 0.728430965625 0.510556675 0.7136418796874999 0.5084287609375 0.70396441875 0.49811930625 0.702710178125 0.47980092343749997 0.7101013984375 0.4807609421875 0.7031661828125 0.49685295468749996 0.6990176328125 0.5016353703124999 0.6909752390625 0.4936753203125 0.6925220140625 0.48406006562500004 0.691205809375 0.4466838125 0.6903124859374999 0.4274427390625 0.69349899375 0.42140984843749996 0.6977906125 0.417767046875 0.7046574437500001 0.418765903125 0.716522721875 0.4144197890625 0.722632359375 0.41946026718749996 0.726866178125 0.4348784171875 0.727636890625 0.42574635 0.7367177593750001 0.427909821875 0.7418305609375 0.42970204531249995 0.743470959375 0.43751659375 0.74663865625 0.4451238828125 0.7478344046875 0.4730315375 0.745234265625 0.48278860312500005 0.7455379140625 0.49633025937499997 0.739127934375 0.510782675 0.7342828921875 0.51733536875 0.7296004234375 0.5275508796875 0.7348488625 0.5314582359375 0.7364334890625 0.534236865625 0.7391328296874999 0.541947865625 0.7413153296874999 0.5510741578125 0.7403561171875 0.5634164484374999 0.7344037015625 0.568955184375 0.7301640203125
0 0.304033246875 0.7623886843750001 0.304260359375 0.7639814828125 0.3101316578125 0.7647893781249999 0.31323815312500003 0.7649577703125 0.31981909218750004 0.76165019375 0.317055771875 0.760935121875 0.319676678125 0.7597421265625 0.3266134421875 0.7570994359375 0.32218495625 0.7544430984375 0.333038965625 0.751864734375 0.33327790625 0.7494892453124999 0.3272452765625 0.7489999578125001 0.3210864484375 0.746981109375 0.3226899671875 0.744628734375 0.3251199765625 0.7429797578125 0.32798421875 0.744221540625 0.3308074734375 0.7434738984375 0.3314342578125 0.7420081640625 0.3295058515625 0.7409555328125 0.3493351859375 0.7347707984375 0.35010557656249996 0.7338791359375 0.3465106203125 0.7313802843749999 0.33998521875 0.731000921875 0.34615079843749996 0.729092865625 0.348433675 0.7305732875000001 0.3526848734375 0.7310047171875 0.3590245015625 0.730065021875 0.36560109218750003 0.7278969546875 0.369504625 0.72518500625 0.3669425890625 0.72439693125 0.363331428125 0.724045915625 0.36271755625 0.72348199375 0.366046209375 0.7224157124999999 0.365794215625 0.7209449343750001 0.3705420421875 0.7196289421875 0.374053128125 0.7166660140625 0.3713702125 0.7138010734375 0.37065623125 0.7127480609375 0.3736147890625 0.7123161296875 0.38028083281249997 0.71339085 0.3898379171875 0.712240246875 0.397928109375 0.7069091375000001 0.4057234421875 0.7027637828125 0.40806608437499997 0.7022866078125001 0.40727907500000005 0.69443995 0.398553521875 0.6938754890625 0.3959321671875 0.6916859390625001 0.4003108828125 0.6899374093749999 0.398243496875 0.68697949375 0.386369790625 0.689049159375 0.384023809375 0.6868338078125 0.38116781093749996 0.6877781390625 0.37675732968750003 0.6845307453125 0.3688590890625 0.6836012453125 0.363181921875 0.68712176875 0.3588629125 0.6857312359375001 0.3531702671875 0.6872957875 0.3496561125 0.68845069375 0.349795659375 0.6919458781250001 0.3418227359375 0.6931907828125 0.3463764421875 0.6911190671874999 0.3370087171875 0.6894971890625 0.33004575625 0.685014521875 0.316167096875 0.688606790625 0.3133780953125 0.6889329203125001 0.30740758437500004 0.6860898718749999 0.30441106093750003 0.685069378125 0.3014235125 0.687303275 0.29762011093749996 0.6872458359375 0.2971218140625 0.6928489296875 0.301566959375 0.69409423125 0.3090359109375 0.6939737921875 0.312422346875 0.695236103125 0.3171598578125 0.70126611875 0.31869460312500003 0.7087529578125 0.3230081296875 0.710689240625 0.3157143421875 0.713537565625 0.318112590625 0.71883621875 0.3151551828125 0.72183521875 0.310249928125 0.7241496984375 0.3143300828125 0.72737839375 0.30591799062499997 0.729033953125 0.307672453125 0.731570709375 0.3073481109375 0.7340604390625 0.311899315625 0.7359261781249999 0.303790615625 0.7367313046875 0.3076096953125 0.7395538140625 0.314649128125 0.7398461562499999 0.3132892203125 0.740286028125 0.31045183125000003 0.743036746875 0.305879965625 0.754502446875 0.303253753125 0.7566763703125 0.307536503125 0.7598146421875 0.304033246875 0.7623886843750001
0 0.622500459375 0.7359675578125 0.62172159375 0.7252087828125 0.5958196906250001 0.720165203125 0.590865975 0.7326466953125 0.5934858328125 0.740203303125 0.606932196875 0.7380437578125 0.6142100390625 0.73517825625 0.622500459375 0.7359675578125
0 0.47062672031249997 0.7926547875 0.46113177656250004 0.7970274828125 0.46723149062499997 0.798424103125 0.46859172656250003 0.7969409828125 0.47077736718749996 0.7989013843749999 0.4834882921875 0.7979660453124999 0.4867418671875 0.8010585203125 0.48990687499999996 0.8020377375000001 0.4896303296875 0.8115892812500001 0.4919377171875 0.811150378125 0.49589758906250003 0.8085110625 0.50061409375 0.8108134781249999 0.5051042 0.808032021875 0.5146331375 0.8043564671875 0.5179207421875 0.8063675859374999 0.519222165625 0.8049377796874999 0.51572559375 0.8014167953125 0.5059078171875 0.8018061031249999 0.510140125 0.795450765625 0.5160917890625 0.7938542765625 0.519091065625 0.7893253328125 0.51654525 0.787839553125 0.5031531671875 0.7896336093749999 0.49846718125 0.79244979375 0.49151193906249996 0.7934966109375 0.48702534062499997 0.7932171828125 0.482039778125 0.7866507828125 0.48837770625 0.7830042500000001 0.4840094328125 0.780233178125 0.476706228125 0.7842026921875 0.473808775 0.7876824328125 0.47062672031249997 0.7926547875
0 0.668370003125 0.6848255359375 0.65748284375 0.6865354203125 0.6408622234375 0.6882854609375 0.6342156453125 0.695527703125 0.6363595203125 0.6978381390624999 0.6380069125000001 0.6983845578125 0.642696003125 0.69870711875 0.6510846578125 0.69475078125 0.65811935 0.693981553125 0.662685865625 0.69573885 0.6680718234375 0.6951727625 0.675525909375 0.6876461171875 0.6718142203124999 0.684784040625 0.668370003125 0.6848255359375
0 0.6916203375000001 0.663445278125 0.6951227078125 0.6649436390625 0.7017395765625001 0.6661633578124999 0.7078573546875 0.667104028125 0.71005564375 0.660918484375 0.7071578359374999 0.6583259359375 0.6986814609375 0.6589513218749999 0.6919372234375001 0.6600026703124999 0.6916203375000001 0.663445278125
0 0.70144485 0.40583367656249997 0.7079755390625 0.4058746953125 0.7048967390625 0.39549119843749997 0.694744575 0.3972432359375 0.6945591531249999 0.3952548515625 0.7010311406249999 0.391523528125 0.68931018125 0.38960538125 0.682505321875 0.39078250625 0.6789668609375 0.39515916562500003 0.68354713125 0.40982794062499994 0.693816 0.408095059375 0.6976435171875 0.40978705625 0.70144485 0.40583367656249997
0 0.6831660265624999 0.5632315765625 0.6805748265625 0.5658731515625 0.6845433015625 0.5714623875 0.6876540734375001 0.5673066453125 0.6869260390624999 0.5646101625 0.6831660265624999 0.5632315765625
0 0.6804084296874999 0.472508771875 0.683426821875 0.4785356546875 0.6872211484374999 0.4759655859375 0.6854313734375 0.4717624546875 0.6804084296874999 0.472508771875
0 0.5141708359375 0.49770775 0.5255244968749999 0.4996440765625 0.533175075 0.49651315937499996 0.535787834375 0.4940767046875 0.5342826859375001 0.489248209375 0.5245308515625 0.47856056718750006 0.5189434015625001 0.48208265937499994 0.5063525249999999 0.48569982968750003 0.5041484640625 0.49061966874999996 0.5092517890625 0.493074675 0.5141708359375 0.49770775
0 0.5677056140625 0.564040846875 0.5714832984375 0.559653184375 0.578606653125 0.55624460625 0.5826573734375 0.5568165109375001 0.59467328125 0.554889009375 0.6036267750000001 0.5522857296875 0.60574538125 0.5499012125 0.6039600859375 0.5447690875 0.60075968125 0.5416144640625 0.5922397546875 0.5388508359374999 0.5886469890625 0.5390634859375 0.5813092828124999 0.5439902859375 0.5728830125 0.546871228125 0.562899640625 0.5539064390624999 0.5594796921875 0.5545973937500001 0.560597853125 0.5593015968749999 0.5635858078125 0.5628116249999999 0.5677056140625 0.564040846875
0 0.6952306984375001 0.5840705703125 0.685782753125 0.586543571875 0.68282149375 0.592719753125 0.6906081625 0.5927073203125001 0.699067315625 0.5913500375 0.6994160046875 0.5869394265625 0.6952306984375001 0.5840705703125
0 0.4993514515625 0.6029803671875 0.5043870234375001 0.604611378125 0.51009353125 0.604344675 0.5110993296874999 0.597546046875 0.5266695609375 0.59595196875 0.53048360625 0.5907293703125001 0.5304887984375 0.588402015625 0.5285913078125 0.5857750296875001 0.5226723484375 0.5863971375 0.5137308109375 0.5831797812499999 0.499926646875 0.5977651093749999 0.4993514515625 0.6029803671875
0 0.415963978125 0.6554686421875 0.40666315 0.6559481578125 0.4033848296875 0.6567907640625 0.3940374203125 0.6627614796875 0.3888219578125 0.662976571875 0.38155679375 0.6673977078125 0.380241921875 0.6726907078125001 0.38083459531249997 0.675952878125 0.3829776078125 0.678554059375 0.39051580937499997 0.6790924890625 0.401516921875 0.6746101921875 0.40817711093750003 0.673910178125 0.409523315625 0.67011115 0.41350339687500004 0.6700259015625 0.417234315625 0.6722936500000001 0.418603028125 0.6746431390625001 0.4098638859375 0.675728196875 0.40799235625 0.6780867453125 0.407563815625 0.6811247453125 0.42292349375000005 0.6813391453125 0.43367597656249995 0.67688298125 0.4501847453125 0.6598531171875 0.44446048125 0.6544499906250001 0.43671729062500003 0.65362045625 0.42360589062500004 0.656993825 0.415963978125 0.6554686421875
0 0.5206096 0.6486270921874999 0.512584175 0.6446488718750001 0.5088496171875 0.644708315625 0.501480903125 0.648144253125 0.496448459375 0.6453471515625 0.48933377031249997 0.6440996296875 0.46724637031249994 0.6439277625 0.46611625312499994 0.6450441953125 0.46514507812500006 0.6547881515625 0.4677096828125 0.6590088234375 0.47140442499999996 0.6609473 0.486413853125 0.6567679937500001 0.506468340625 0.6552666281249999 0.5135916953125 0.65185805 0.51923050625 0.6509323124999999 0.5206096 0.6486270921874999
0 0.5065456875 0.693910865625 0.5093001796875 0.6940785484374999 0.5109580265625 0.6905389921875 0.5105533624999999 0.6863301093749999 0.50698196875 0.685849225 0.5035940171875 0.6885038421874999 0.50270643125 0.69041804375 0.5044919203125 0.6932798984375 0.5065456875 0.693910865625
0 0.4585008015625 0.6291814546875 0.46076574218750005 0.6344674109375 0.464084184375 0.6343652921875 0.46823128281250004 0.6347181109375 0.47295618125 0.6335726359375 0.4820723125 0.6290936421875 0.48943914375 0.628270653125 0.49415903281249995 0.624655925 0.48627788125000004 0.6195989015625 0.472264140625 0.623012121875 0.467799015625 0.6245214984375 0.4629020203125 0.6273630031249999 0.4585008015625 0.6291814546875
0 0.4234739765625 0.6059765734375 0.42795503593750006 0.6061136140625 0.43322903593750006 0.604990553125 0.42929604687499995 0.6077810109375 0.43296976562499995 0.6092205140625 0.44294550624999995 0.6054760015625 0.45050247812500005 0.6088687312500001 0.4563709796875 0.607706753125 0.46421255937500006 0.6017591906249999 0.4616892984375 0.5946731890625 0.45569197656249993 0.5922477296875 0.44950414531250005 0.5905508640625 0.442193546875 0.592133071875 0.43542910468749996 0.596325615625 0.43051574531250003 0.5924492156250001 0.426488590625 0.5918025640625 0.4240494484375 0.5932749640625 0.4217587703125 0.5961598968749999 0.42327999375 0.5965373281249999 0.4267966328125 0.5993523484375001 0.4232028234375 0.601513278125 0.42004245781250005 0.6032688687500001 0.4234739765625 0.6059765734375
0 0.387321315625 0.595139940625 0.382002175 0.5988380765625 0.38416483437500004 0.5997576796875 0.3869782828125 0.6010393656249999 0.392655665625 0.6013476062499999 0.3953282953125 0.5994060421875 0.3977169015625 0.595285353125 0.39270320625 0.59339909375 0.387321315625 0.595139940625
0 0.3627028546875 0.5740257296875 0.37165044375 0.5730853 0.376534596875 0.5718256796875 0.3818769109375 0.56794443125 0.3813024828125 0.5656779968750001 0.3773610734375 0.5663703421874999 0.3781020046875 0.5609082843750001 0.37594023125 0.5605950359375 0.37094016875 0.5609461703124999 0.366948271875 0.5633704671875 0.3653496375 0.566905371875 0.36658658437499997 0.5708712390625 0.3627028546875 0.5740257296875
0 0.38813906249999997 0.64314556875 0.3917316375 0.642587296875 0.3969525 0.642886959375 0.400708859375 0.6409571781250001 0.40239297343749997 0.6394164499999999 0.40826671562500005 0.637691465625 0.4111616984375 0.635354178125 0.4052200265625 0.6316644140625 0.4004687171875 0.6312132765625 0.3948932 0.6347891031249999 0.388205803125 0.6368745515625001 0.3866113109375 0.63852055 0.38813906249999997 0.64314556875
0 0.308596946875 0.603591740625 0.3037849953125 0.6033857859375 0.3026379609375 0.6065087296875 0.30227796875 0.6079118578125 0.3018281953125 0.6112710234375001 0.3154014875 0.6101696328124999 0.31280679375 0.6059018468749999 0.308596946875 0.603591740625
0 0.5259161640625 0.68488509375 0.52936000625 0.686708540625 0.536044834375 0.686392428125 0.539542021875 0.6854796859375 0.54974310625 0.682608590625 0.5554573656249999 0.6819372984375 0.5701728453125 0.6741989078125 0.5700594984375 0.6731204734375 0.5676548109375 0.666639453125 0.56937655 0.6655912390625 0.5738725484375 0.6648688843749999 0.5806675640625001 0.6649135453125 0.578127840625 0.6678655015625 0.57452299375 0.67156570625 0.5724731609375 0.6760844125000001 0.5742746890625 0.6794127734375001 0.5783967750000001 0.6786307390624999 0.58456973125 0.6776598578125 0.5894294125 0.6754648578125 0.5972477984375 0.6719125296875 0.59149506875 0.667583890625 0.5946699828125 0.6679697609375 0.60643925 0.66433839375 0.6080036343749999 0.6638110453125 0.6076921640624999 0.6603842046875 0.6132303625 0.65696155625 0.6169161828124999 0.6584264953125001 0.6167947125000001 0.6595877421874999 0.6136225921875 0.6653571734375 0.6122745375 0.66635825625 0.6089260203125 0.671525640625 0.61080875625 0.6717550984375 0.6160854609374999 0.67162940625 0.6192597296875 0.6698864953125 0.6222967125000001 0.668451809375 0.6283363296875 0.6676771921875 0.6307205234375 0.6661304390625 0.6330785578125 0.6618982734375 0.6299055375 0.6567470375 0.63144243125 0.65733335 0.6377958703125 0.654387471875 0.6436507312499999 0.6525874875000001 0.6432201171874999 0.6485353 0.6438080296875001 0.6477460859375 0.64910911875 0.646507059375 0.6524985484375 0.64485308125 0.654346171875 0.6410861921875 0.6503115953124999 0.6387545218749999 0.6518761765625001 0.636973409375 0.6574603531250001 0.634496446875 0.65473456875 0.6306854921875 0.65200855625 0.630400125 0.6442540796875 0.6368475703125 0.642694865625 0.6372596859375 0.638262721875 0.6417585531250001 0.631737209375 0.6394797343749999 0.6258903046875 0.6416543781249999 0.624059184375 0.6476112265625 0.6219695421875 0.6514821093750001 0.62429408125 0.65326923125 0.619519453125 0.65235706875 0.6138280015625 0.6504949109375 0.61325755625 0.6499405640625 0.6106598671875 0.6439103125 0.6053710375 0.6405274265625 0.6054547015625 0.636898803125 0.6107686546875 0.63602135 0.6192842484375001 0.635126325 0.6267132828124999 0.6350446437499999 0.6273449171875 0.63186118125 0.62597630625 0.6267920953125 0.6248035187500001 0.624139215625 0.626782715625 0.6236122578125001 0.633028259375 0.6228835546875 0.6389055609375001 0.6214017171874999 0.6379536578125 0.6162464140624999 0.6366494421875 0.6135837796875 0.6242074484375 0.6138639828125 0.617384803125 0.6168450359375 0.615690846875 0.6138824359374999 0.6123682265625 0.6119566953125 0.6105674624999999 0.6162591203125001 0.612659109375 0.61940301875 0.6114019234375 0.6214031999999999 0.6112627749999999 0.6257745046875 0.6044888890625 0.6296978109375 0.5974241953125 0.6402566140625 0.5904229296875 0.633884790625 0.58735431875 0.6388153703125 0.5818402546875 0.6364585234375 0.5770628375 0.639241896875 0.571908559375 0.641997321875 0.564270225 0.641119059375 0.5528855984375001 0.6441946749999999 0.5466556437500001 0.64668609375 0.5436494984375 0.6512094765625001 0.5413175171875 0.6530586765625 0.540300665625 0.654744515625 0.54161741875 0.658811971875 0.5466373531250001 0.660025140625 0.542579140625 0.66237156875 0.535956828125 0.665614365625 0.5310437234375 0.6679139593750001 0.530829925 0.6726811734375 0.5287227531250001 0.6730817515624999 0.522218171875 0.6755313359375 0.5199134359375 0.6799118671875 0.5259161640625 0.68488509375
0 0.24984817499999998 0.31115880625000003 0.24523231406249998 0.31114434062499996 0.24146155781249998 0.312040275 0.2345800890625 0.3177502390625 0.23184126093750002 0.33084104999999997 0.23532165 0.33429775 0.2445499171875 0.3354896625 0.2454521734375 0.3417122515625 0.2450218953125 0.3459146234375 0.2484004734375 0.3472217515625 0.25522479531250003 0.35282190625 0.2625020640625 0.3603697609375 0.2667636828125 0.36058642343749997 0.2783958953125 0.35737009531249997 0.28911720625 0.3514215140625 0.2897237359375 0.347700228125 0.28819765625 0.3355572890625 0.2901813796875 0.33069360312499996 0.290264321875 0.3243674640625 0.29203559375 0.31985918281250003 0.29028146875 0.31621947499999997 0.2879225515625 0.31513667968750003 0.2799610015625 0.31530889375000004 0.2691515703125 0.312122896875 0.25938915156250003 0.31414505 0.24984817499999998 0.31115880625000003
0 0.172728578125 0.329572434375 0.1849482734375 0.331945628125 0.1925157453125 0.3351392953125 0.19573000625 0.33131046406250003 0.197148753125 0.3270057703125 0.19958023125 0.3264171359375 0.2038728375 0.32929042656249996 0.2078529171875 0.329205178125 0.2116962140625 0.32780357968749996 0.21896467031250003 0.3222179078125 0.21682010468750001 0.3196168890625 0.2112261359375 0.3162157984375 0.20296714374999997 0.30644274843749997 0.19758043593750002 0.305013609375 0.1927522875 0.30535610156250004 0.17011722499999998 0.3142191 0.168561696875 0.3172074421875 0.1687589015625 0.323837209375 0.169880353125 0.3273768765625 0.172728578125 0.329572434375
0 0.23525067812499997 0.3170151796875 0.233339496875 0.32137320156250004 0.23184126093750002 0.33084104999999997 0.2364121140625 0.3351807890625 0.24310363750000002 0.335974746875 0.24477481874999998 0.3459405921875 0.24952539843750002 0.3484326734375 0.25817483281250003 0.357167034375 0.2652498703125 0.360414028125 0.2812178140625 0.35574277187500003 0.28908258125 0.351092078125 0.289832475 0.346358071875 0.2880212203125 0.3362404109375 0.2900726390625 0.33203575937499996 0.29036803437500003 0.3253542171875 0.2918229796875 0.3202130328125 0.28954023906250004 0.31629738125 0.269433109375 0.312424809375 0.260937753125 0.314648434375 0.2495664734375 0.310855340625 0.24449263906250002 0.311222084375 0.237934425 0.3140732234375 0.23525067812499997 0.3170151796875
0 0.597551240625 0.298720803125 0.594113978125 0.2909358859375 0.578292871875 0.2922656765625 0.57491429375 0.2909585484375 0.572244240625 0.286915496875 0.570167025 0.2861361671875 0.564282690625 0.28708771093749996 0.562481984375 0.288939203125 0.558816678125 0.2896575171875 0.5539674140625 0.283849775 0.5501258531250001 0.284087003125 0.5413486125 0.2871713703125 0.5248761328125 0.296549275 0.5178841875 0.30476576718750004 0.5172741828125 0.3108157984375 0.5190456234374999 0.322931378125 0.5161372859375 0.3332135828125 0.5170049171875 0.3391067375 0.5183374296875 0.3422927171875 0.5267378875000001 0.35221586562499996 0.5298363171875 0.3532193640625 0.5375906078125 0.3510751984375 0.5446152765625001 0.344350959375 0.5484570203125 0.3429495234375 0.5531040515625001 0.34445640625 0.5565584609374999 0.3440933328125 0.560742328125 0.3483087796875 0.57981753125 0.339986475 0.583629840625 0.3359282484375 0.5850139609375 0.3312941203125 0.5823887515624999 0.322924240625 0.5809475 0.3210804171875 0.5923790531249999 0.31239730312499997 0.595420515625 0.3069244015625 0.597551240625 0.298720803125
0 0.0626918328125 0.407306490625 0.06660421562499999 0.4065622078125 0.0704771109375 0.40781895312499994 0.078167178125 0.40268700781250005 0.0858643375 0.394064890625 0.0787581296875 0.389325478125 0.069194484375 0.38018916406250003 0.0810027828125 0.38111461874999997 0.0731638515625 0.368133209375 0.0722203890625 0.36391025625 0.0661405875 0.357067659375 0.055301723437500006 0.351224871875 0.048152409374999997 0.3496479140625 0.0433256515625 0.349988690625 0.0381430765625 0.351697590625 0.032920503125 0.3565686203125 0.027350778125000003 0.358151675 0.026142909375000002 0.363266890625 0.0220904515625 0.3638593578125 0.02645751875 0.36389840156250003 0.02898404375 0.3689526203125 0.035284779687500004 0.3719479234375 0.0388068859375 0.372243884375 0.0429699828125 0.369146440625 0.0481423390625 0.372093803125 0.0467994234375 0.3747282953125 0.042247621875 0.37770005625 0.043576496874999995 0.3832132265625 0.04244464375 0.3854940328125 0.0251616640625 0.395456734375 0.027411679687500003 0.3978801328125 0.0326361375 0.40963435625000005 0.038757146874999995 0.4144773171875 0.0405476328125 0.4172820875 0.0554114203125 0.4187127984375 0.060773721875 0.415156240625 0.0625415390625 0.41181093906250005 0.0626918328125 0.407306490625
0 0.0666201578125 0.692775321875 0.06721706875 0.69561441875 0.074706015625 0.69628214375 0.08994830468750001 0.6961569546875 0.0994810140625 0.6955368046875 0.10651225625 0.692268309375 0.11346248437499999 0.693984025 0.1207495296875 0.6944797234375 0.13084444374999998 0.696383384375 0.1339354828125 0.6954929046875 0.138172953125 0.6948071484375 0.1365836640625 0.6898806625 0.13120855625 0.6890551796875 0.1179624578125 0.6887851703125001 0.10796334375000001 0.6861785828125 0.098411984375 0.6878470484375 0.0829468578125 0.6878102687500001 0.075837359375 0.6842353921875 0.0707289 0.6842727015625 0.06635854218750001 0.68539819375 0.07306084375 0.6925430015625 0.0666201578125 0.692775321875
0 0.034234998437500004 0.7012365328125 0.04012818125 0.6996666140625 0.0386645484375 0.6976397515625 0.03769561875 0.6962239015625 0.024200704687499998 0.6971442328124999 0.0223309125 0.698338409375 0.02668375 0.700977559375 0.034234998437500004 0.7012365328125
0 0.929598440625 0.5371435234375 0.9285683984374999 0.5415739 0.9290575234375 0.5438508703125 0.9325777296875 0.54530965 0.9438174874999999 0.5392861531250001 0.9545733734375 0.5386741296875 0.9676899640625001 0.53297340625 0.970372059375 0.5233638453125 0.9820540765624999 0.52015799375 0.9836524703125 0.5139899390625 0.98319805 0.51205810625 0.969065271875 0.5152057515624999 0.958592775 0.5199639921875 0.9494320203125 0.520595321875 0.94420789375 0.5254665140625 0.9379675796875 0.5277846296875001 0.934756771875 0.530450478125 0.929598440625 0.5371435234375
0 0.8579711328125 0.43577531093750005 0.8541278359375 0.43717690937500003 0.8519036171875 0.43973749375000004 0.853410665625 0.4434031703125 0.8549227421875001 0.4447399390625 0.862396884375 0.44229214375000003 0.870774196875 0.434520778125 0.8762600796875001 0.43302195 0.8749691203125 0.42667367812499996 0.8664424296875 0.42740333125 0.8643979375 0.42811625624999994 0.8579711328125 0.43577531093750005
0 0.8921899249999999 0.4303500015625 0.904736184375 0.427534071875 0.9164821640625 0.42064667812499995 0.9199419484375 0.41679204218750004 0.920232315625 0.41243940781250005 0.91946146875 0.41102473437500003 0.91340088125 0.411495190625 0.9030734859375 0.4140763359375 0.8948891015625 0.41925866406249995 0.8916369046874999 0.425088359375 0.8921899249999999 0.4303500015625
0 0.8087620046874999 0.5726202781249999 0.81175533125 0.5726387421875 0.8172817671875 0.5753823515625001 0.8179610203125 0.5699911921874999 0.827866640625 0.5669547640625 0.8320676546874999 0.5630222203125 0.83021171875 0.5572329421875 0.8272944062500001 0.55438006875 0.82620065 0.5546615640625 0.8161497640625001 0.55987353125 0.8072014624999999 0.5601494578125 0.8004669953124999 0.5625195093750001 0.797888515625 0.5664480562499999 0.7945360796875 0.568962253125 0.7949111109375 0.5749071812500001 0.7978646031250001 0.5780893265625 0.8087620046874999 0.5726202781249999
0 0.7885359296875001 0.5569580546874999 0.7925002546875 0.5650190796875 0.8066726843750001 0.5598719609375 0.8197806109375 0.5588273359375 0.8285663328125 0.5522510781250001 0.8306245171875 0.54455314375 0.8332062890625 0.5394600625 0.8368767874999999 0.53641439375 0.8418815343749999 0.5353903328125 0.8414684250000001 0.5302789515625 0.828716478125 0.5299570046875 0.8243563390625 0.5264262328125 0.8188624656249999 0.5251733234375 0.812235165625 0.5273671453125 0.805003071875 0.5321178796875 0.789636465625 0.53539520625 0.785717153125 0.5396312171875 0.7843865265625001 0.5530704890625 0.7885359296875001 0.5569580546874999
0 0.8388407000000001 0.5930679 0.836576828125 0.5976279578125 0.8271257078125 0.602611921875 0.8253577265625 0.60595566875 0.8266919765624999 0.607977275 0.82950886875 0.6086788609375 0.8330964234374999 0.6119593296875 0.8445800796875 0.6120830765624999 0.8602707562499999 0.60752423125 0.8720036375 0.6048770593749999 0.8767336125 0.6000578046875 0.88480909375 0.596216078125 0.8915195 0.5876976734375 0.8935032234375001 0.5828339859375 0.8931611 0.577217103125 0.8913342515625 0.57524726875 0.88696563125 0.5752083890625 0.8776197953124999 0.580013178125 0.8607740015625 0.5834475453125 0.8463198703125 0.588291196875 0.8388407000000001 0.5930679
0 0.8249633484375 0.6159108015625 0.8255514109375 0.6089644046875 0.8241862203125001 0.6102359468749999 0.820558665625 0.61011760625 0.8137533749999999 0.6129947140625001 0.8123347921875 0.6173009609375 0.8130017437499999 0.6188930921875 0.817961646875 0.622195859375 0.8245872109375 0.621166409375 0.8249633484375 0.6159108015625
0 0.957148196875 0.6948495953125 0.9510083046875 0.6993189984375 0.9411026828125 0.7023554265625 0.9364764203125 0.7081614328125 0.9289220437499999 0.708545371875 0.9291288828125 0.7121576015625 0.9492719984375 0.7092722031250001 0.956564621875 0.70810194375 0.967278178125 0.7031109812499999 0.971531090625 0.699911403125 0.9752038546874999 0.693897675 0.9714158562499999 0.69418111875 0.957148196875 0.6948495953125
0 0.8048291828125 0.609733115625 0.7956391265625 0.616229325 0.7933872125 0.614968746875 0.7930364234375 0.6140079625 0.7969972890625 0.6066096609375 0.7968676171875 0.6006373734375 0.7961331328125001 0.5983877625 0.7913150390625 0.5940724375 0.78761684375 0.59329694375 0.764670809375 0.5992012390625 0.760932615625 0.6015878734375 0.7416485984375 0.607938390625 0.7347326671875 0.6133204734375 0.725991625 0.61556835 0.719780909375 0.620544809375 0.7191085828125 0.6224442406249999 0.7243482890624999 0.62721329375 0.7260644968750001 0.6316881015625 0.7277891890625 0.63267101875 0.7472115421875001 0.6276366890625 0.751965759375 0.6278015796874999 0.764095715625 0.6271833921875001 0.759301803125 0.6350117515625 0.759764878125 0.6391186578125 0.7633197093749999 0.6409068734375001 0.7731164265625 0.6392110468750001 0.7770584078125 0.6411251078125 0.7847037953125 0.6403215453125 0.794174478125 0.6352396890625001 0.81210155625 0.628131546875 0.8128878125 0.622562603125 0.80566744375 0.619323028125 0.8048291828125 0.609733115625
0 0.2524265390625 0.620675484375 0.2504461546875 0.61835100625 0.24722099218750002 0.6171283046875 0.2433443953125 0.61809349375 0.245106403125 0.6210159484375 0.24610126875 0.6223646578124999 0.24304774999999998 0.6244043859375 0.24614111875 0.624836534375 0.2480027390625 0.6246408703124999 0.251252028125 0.62429935625 0.2524265390625 0.620675484375
0 0.25546589218750004 0.5885599781249999 0.252482721875 0.589998434375 0.25383122187499996 0.59345610625 0.2570437796875 0.5905826875 0.25733496875 0.5893171921875 0.25546589218750004 0.5885599781249999
0 0.22702997812499998 0.6874820578125 0.222237625 0.6879857546875 0.21727310625000001 0.6895868968750001 0.21562504843750002 0.6901701734375 0.210759703125 0.6888433468749999 0.20623618281249997 0.6893187890625 0.2037356671875 0.691014453125 0.20158002343749998 0.6933305921875 0.20320303125 0.696036703125 0.209113496875 0.69585696875 0.2123197796875 0.6959583140625 0.21545129531249999 0.6956323203125 0.2183999140625 0.694956340625 0.2203790015625 0.69305310625 0.2319675765625 0.6901241625 0.23024154375 0.6877980890625001 0.22702997812499998 0.6874820578125
0 0.2725058703125 0.6905783078125001 0.2693251578125 0.6885826625 0.26419889687500003 0.6858346984375 0.25956146874999997 0.684628459375 0.2557216828125 0.6850320375 0.250391178125 0.684018046875 0.24744475625 0.6858061390625 0.24389285312500003 0.6872446703125 0.24259799375000002 0.6895740296875 0.2389711828125 0.6888947265625001 0.2371075078125 0.6901919515625 0.2387584515625 0.6936272625 0.24223542656250002 0.6953922390625 0.24750320625 0.6937765046875 0.2509363859375 0.6957974609375001 0.2562832015625 0.6955465671875001 0.263080715625 0.6947928421875 0.2698844078125 0.6942772749999999 0.2725058703125 0.6905783078125001
0 0.2604536328125 0.6770028031249999 0.27456194843750004 0.674952790625 0.27999956875 0.6740262031250001 0.2860373015625 0.671185778125 0.28333970937499997 0.6690780828125 0.277220934375 0.6713567140625 0.274395709375 0.6685130140625 0.27505017187499997 0.6678786296875 0.276756640625 0.6677165546875 0.27513984062499997 0.6655926703125 0.27248059687500004 0.6645822906250001 0.271134753125 0.664513215625 0.26876928125 0.6661035625 0.2647039328125 0.66337449375 0.2611132203125 0.6635319375 0.2605180921875 0.6654782453125 0.260793815625 0.6663526515625 0.2595646484375 0.6664818421875001 0.2569832359375 0.6677366734375 0.25834435 0.6695056515625 0.2576656421875 0.6703876765625 0.25402857968750003 0.671434525 0.2512351640625 0.6722717281249999 0.25362720781250003 0.6743722609375 0.257359778125 0.6744732796874999 0.2604536328125 0.6770028031249999
0 0.29210719375 0.7733327484375 0.293555390625 0.773658153125 0.2954207953125 0.774365478125 0.297207346875 0.7741132875 0.2984083328125 0.7732376421875 0.29893653124999997 0.7704452578125001 0.29622255937499997 0.7690038609375 0.2914572359375 0.7676869468749999 0.28984917656250003 0.769263671875 0.2916450515625 0.770056859375 0.29341839062499997 0.7700825734375 0.294174678125 0.7709850265625 0.29210719375 0.7733327484375
0 0.28587199375 0.770168734375 0.2822184390625 0.7694890984375 0.27966970468749996 0.770441984375 0.2789271953125 0.7729442421875 0.2804174890625 0.7728928703125 0.283870778125 0.7739391984374999 0.285562725 0.7735492671875 0.286813703125 0.773059571875 0.289781590625 0.7715504515625 0.288769471875 0.771218490625 0.28587199375 0.770168734375
0 0.22884178125000001 0.7175307203125 0.2254909 0.7200447546875 0.218549009375 0.720441303125 0.21406975 0.7229073968749999 0.20319074218750002 0.7253077125 0.1996447890625 0.7258312328125001 0.19940142968750002 0.7292708265625001 0.2028198640625 0.7304040859375001 0.200222159375 0.732281215625 0.2001280875 0.73708140625 0.20490524375 0.738555759375 0.2144929859375 0.7390421703125 0.21438208749999998 0.743188978125 0.22170321718750002 0.744860996875 0.23603572968750003 0.7369319046875 0.23669427031249998 0.73427350625 0.2404683734375 0.7329011734375 0.243823521875 0.7318478203125001 0.244544796875 0.72812704375 0.2352157875 0.7242277046875001 0.24632473593749998 0.7205023453125 0.2445544828125 0.7185328484375 0.2382963578125 0.7155393515624999 0.2331259828125 0.7156004499999999 0.22884178125000001 0.7175307203125
0 0.182732371875 0.7124130562500001 0.1812809640625 0.713267890625 0.181654921875 0.7135522328125 0.185900584375 0.7138114234375 0.18718041093749999 0.713461665625 0.1894504671875 0.7116959578125 0.188559859375 0.7115036234375001 0.18823045624999998 0.711852465625 0.18625259375 0.7116895671875 0.1851004671875 0.7107878703125 0.18378245937499998 0.7105351921875 0.1827208484375 0.7097622390625 0.182564096875 0.71009450625 0.18248818125 0.711255678125 0.182732371875 0.7124130562500001
0 0.221773265625 0.7607296671875 0.2212624453125 0.7596364484375 0.218061146875 0.758521215625 0.21353857187499997 0.7566289 0.21146971250000002 0.7562728921875 0.2101440609375 0.7567845765625 0.2109163921875 0.7581236812500001 0.213303453125 0.7591453875 0.2158717515625 0.760157471875 0.21308657343749998 0.759578240625 0.2116353453125 0.7603152234375 0.2108990671875 0.7611577375 0.2112107171875 0.761880684375 0.215025975 0.7640390171875 0.21638864062500002 0.7642681484375 0.2195371625 0.7639843578125001 0.22190442031250002 0.7629939875 0.2226756 0.761766025 0.221773265625 0.7607296671875
0 0.2816869015625 0.7810391828125 0.2838985515625 0.78039195625 0.28586220625 0.77937330625 0.28739512968750003 0.7776347984374999 0.2883867375 0.7752603265625 0.283282396875 0.7761440296875 0.27870113750000003 0.777131434375 0.27713876875 0.7778423921875001 0.276876659375 0.7793247859375 0.27742695 0.78010591875 0.2812760171875 0.78101638125 0.2816869015625 0.7810391828125
0 0.26672658125000004 0.7813358359375 0.266159840625 0.7821919546875 0.2658366796875 0.7839305703125 0.26468224687499997 0.7846960609375 0.2643996984375 0.785610290625 0.2658384 0.7865180031250001 0.26685689375 0.786880715625 0.2695278828125 0.787046178125 0.2724434953125 0.786669034375 0.27461983437500004 0.78589511875 0.27485459843750004 0.7877102093749999 0.276594634375 0.787329365625 0.28028092187500003 0.78633233125 0.28312039218749996 0.7849168343749999 0.283182178125 0.783636171875 0.281386728125 0.7827423890625 0.277442271875 0.783046990625 0.27322976875 0.7830733999999999 0.2704484453125 0.78137985 0.26672658125000004 0.7813358359375
0 0.29038869375 0.77459115 0.2900366515625 0.7769219656249999 0.2926852 0.777292459375 0.293901090625 0.77785909375 0.296454246875 0.776858609375 0.29038869375 0.77459115
0 0.21510382187500002 0.8171876593749999 0.21677786562499998 0.815715546875 0.21493192031250002 0.8155670625000001 0.21088988749999998 0.8164380921875001 0.20955996875 0.8180751359375 0.20963186875 0.819566415625 0.2105188140625 0.8196491578125 0.2111845828125 0.8194063609375 0.2124309453125 0.819664996875 0.21366365312500002 0.819898359375 0.21811484375 0.8185852656250001 0.21510382187500002 0.8171876593749999
0 0.20448002812500002 0.8047361875 0.20189294218749998 0.8051447875 0.2020122796875 0.8029766859375 0.1993405421875 0.8028788609375 0.19864641249999998 0.8030162328125 0.1963686765625 0.8031692203125 0.1943696265625 0.8045985078125 0.1907136859375 0.804000821875 0.1876669515625 0.8029510406249999 0.1811995171875 0.802689703125 0.1821475640625 0.8042805703125 0.183597496875 0.8050111375 0.183334496875 0.8064402078124999 0.1842645234375 0.8071720015625001 0.18523762500000002 0.8085827 0.1863406921875 0.8094062859375001 0.18871683125 0.8091581140624999 0.1907651484375 0.8090795140625 0.1937129859375 0.8097264875000001 0.19492775625 0.8101329859374999 0.196393025 0.809036315625 0.204133471875 0.805474896875 0.20448002812500002 0.8047361875
0 0.1916279546875 0.7639687671875001 0.186807390625 0.7628886109375 0.177017946875 0.7661783453125001 0.1765057375 0.7676728859375 0.17914068593750002 0.7697526015625 0.1817128296875 0.770756425 0.18411464375 0.7710664406250001 0.1810383203125 0.7719773703125 0.18135823125 0.7727041609375 0.183396659375 0.7746690390625 0.184768465625 0.7760613984375 0.18491469375 0.777123809375 0.18448280781249998 0.778545490625 0.18570181562500002 0.7790520953125 0.192492775 0.781494690625 0.19128536406250002 0.78162159375 0.18895701874999998 0.7827131390625001 0.1877985484375 0.784187621875 0.186628896875 0.7860340625 0.193249440625 0.787796996875 0.188379284375 0.78899544375 0.1872696203125 0.7905904859375 0.185799503125 0.79183535 0.192192603125 0.793601765625 0.19548000625 0.7953269640625 0.20015015625000002 0.7959625953125 0.20286869375 0.795414490625 0.2079506640625 0.7937648687500001 0.208544221875 0.7929546359375 0.2140176109375 0.792891540625 0.2153866421875 0.792687946875 0.21421653125 0.7917347234375 0.21685028750000002 0.790469678125 0.22093912656249998 0.7889228671875 0.224618453125 0.786947765625 0.22592319375 0.7862670281249999 0.226973384375 0.783209253125 0.22862334374999999 0.7825095140625 0.2305372265625 0.779701890625 0.2258892796875 0.7777677625 0.22675587187500001 0.7767450140625 0.22937338437500002 0.774757396875 0.2306833578125 0.7730501765625 0.2276091203125 0.7700645421875 0.219648096875 0.7710489625 0.21819128437500002 0.77246525 0.2162707875 0.7705162578125 0.21701879375000002 0.7689482296875 0.2134177234375 0.76683965625 0.21364368437499998 0.767434921875 0.211220359375 0.766621271875 0.20872490781250003 0.76731875 0.207826134375 0.7654791828125 0.20013363125 0.7652963296874999 0.1963264765625 0.7656964765625001 0.19440114375 0.7658988375 0.1928071328125 0.7655164875 0.1916279546875 0.7639687671875001
0 0.2698893328125 0.8226833078125001 0.272126353125 0.8234882593749999 0.2755212640625 0.8239044249999999 0.2784938359375 0.8232919140625 0.2912524953125 0.8199257671875 0.29400839218749997 0.8200021796874999 0.2949192109375 0.8201326874999999 0.29713549375000003 0.8160316828124999 0.300214446875 0.8150262109374999 0.2980625296875 0.8134016234375 0.2899623234375 0.8101319765625 0.28560737187499996 0.8089824578125 0.286787121875 0.8068882937499999 0.2850478953125 0.805243896875 0.28171363125000004 0.8024599828125 0.27731998125 0.800882478125 0.2715295484375 0.7996780203125 0.2763973625 0.7993392140625 0.28199915625 0.796132978125 0.278704515625 0.793621415625 0.27551629218749996 0.793617153125 0.27474046093750004 0.793216365625 0.283232509375 0.790707146875 0.2814053984375 0.7893626421875 0.2767744546875 0.7900866109375 0.272606640625 0.791450046875 0.2716129609375 0.7939991296875 0.26987173124999997 0.7946974625000001 0.26562852812500004 0.7933555218749999 0.269698475 0.792839771875 0.272103065625 0.79160666875 0.2733620625 0.7900572046875001 0.26939311875 0.7884994765625 0.2643568921875 0.7873854265625 0.2625639703125 0.788100190625 0.260697334375 0.7874259890624999 0.2591335375 0.788377475 0.258776046875 0.789475546875 0.2623806125 0.790675653125 0.2534345953125 0.7925428703125 0.2522575796875 0.7938857593749999 0.2509402671875 0.79494016875 0.2520286 0.79897193125 0.24702835625000003 0.800487275 0.24919144843750002 0.8022929375000001 0.2453785265625 0.8024438859374999 0.244732715625 0.8037136593750001 0.241642109375 0.8054901984375 0.242497065625 0.8066886453125001 0.2502519859375 0.8083323531250001 0.24723593125 0.8103398640625 0.243298059375 0.8114246140624999 0.2451498734375 0.8137814578125001 0.238773925 0.8137178890625 0.24006350312500002 0.8158525984375 0.242868246875 0.8173504406250001 0.24635040625000001 0.818910628125 0.24491630937500003 0.8199301796875 0.243978490625 0.820394815625 0.24429792031250003 0.821580421875 0.2473696671875 0.8211491609375001 0.250023959375 0.8229644687500001 0.25223943437499996 0.8234747468749999 0.2522461015625 0.8247639250000001 0.25503926875 0.8265552093749999 0.2589359046875 0.8245399859375 0.2698893328125 0.8226833078125001
0 0.34258314843750004 0.814584115625 0.3445925453125 0.8165269078125 0.34880383125000003 0.8164440671875001 0.3522444890625 0.8156362453125 0.3551124109375 0.8142821734375 0.355428590625 0.8116848953125 0.3483846390625 0.812560359375 0.3467975296875 0.8114514328125001 0.34258314843750004 0.814584115625
0 0.26557553125 0.8308194171875 0.2628774328125 0.8314125078125001 0.2605492609375 0.8324459031250001 0.25849193593750003 0.8331114734374999 0.2559007390625 0.83313715625 0.2546144859375 0.8343077062500001 0.252854771875 0.834486375 0.24724801875 0.8364645265625 0.2481410703125 0.8382795578125 0.2564148765625 0.8396581984375 0.256446309375 0.8410484671875 0.2620927234375 0.83962703125 0.2637520453125 0.8407503640625 0.268006896875 0.84187426875 0.2678106203125 0.8418304828125001 0.26694050156250004 0.8429243015625 0.2675813484375 0.8440886937500001 0.2672388125 0.8457775 0.277152915625 0.84497429375 0.2817458921875 0.8448906140625001 0.2882222953125 0.8453269734375001 0.2930424515625 0.8432790984375 0.29729659218750004 0.8405994281250001 0.30087653593749997 0.8392333624999999 0.299707684375 0.83806790625 0.3013101921875 0.8385012109375 0.3045936 0.8365111609375001 0.3040709453125 0.8352605046875 0.30198759375 0.8339743546875 0.3026641796875 0.8325489484374999 0.3028184828125 0.8311470140624999 0.2991900625 0.828733378125 0.2956696859375 0.8299187890624999 0.29538716875 0.828038015625 0.2935208875 0.8282341703125 0.29258872343750003 0.8275717296874999 0.28513912656249996 0.8257985234375 0.283695953125 0.82628328125 0.27906514531250004 0.826664734375 0.2768012546875 0.8271886203125 0.2752487796875 0.8284421406250001 0.2697002328125 0.8274463531249999 0.271544571875 0.828446546875 0.2688667546875 0.82957639375 0.26557553125 0.8308194171875
0 0.24309425 0.83275966875 0.24473699375 0.8332170218750001 0.24776985156250003 0.833058509375 0.250215675 0.8322625531250001 0.2516686890625 0.8310791890625 0.249857034375 0.8292240203125001 0.24732107343749998 0.8295659750000001 0.24419969218749998 0.8304517875 0.24140269062500003 0.8317182796875 0.24309425 0.83275966875
0 0.164263228125 0.8084619609375 0.1660282421875 0.8094249296875 0.16806344687500002 0.809520528125 0.170426990625 0.8092721109375001 0.1722476546875 0.8079244156250001 0.172325021875 0.8053271000000001 0.17127574375000001 0.80465654375 0.16949029375 0.805711453125 0.16734511875 0.805421596875 0.1652487046875 0.8050276375 0.16360963281250002 0.8067128859375 0.164263228125 0.8084619609375
0 0.1722462109375 0.8145027921875 0.170532103125 0.813829840625 0.1688513515625 0.813758259375 0.1667624546875 0.8144522859375 0.16446349843750002 0.8158832437499999 0.173355040625 0.8176981421875 0.17246409375 0.8154995390625001 0.1722462109375 0.8145027921875
0 0.1833628546875 0.8294759359375 0.180938146875 0.8301738343749999 0.17692551406249998 0.8297550375 0.1757048671875 0.8303091015625 0.17422788125 0.831548403125 0.171940275 0.8325791078125 0.17042186875 0.8335289640625 0.1668751890625 0.834000715625 0.16506194999999999 0.8349407125000001 0.1691371734375 0.8362390359375 0.165259634375 0.8369560890625 0.162970021875 0.8377434828125001 0.1648120125 0.840156346875 0.16819705000000001 0.840433721875 0.1707884015625 0.840992475 0.1702020796875 0.8415427140625 0.16897573125 0.8429991937500001 0.1675413734375 0.842551359375 0.1662248125 0.842985103125 0.1646854546875 0.8435113921875 0.1692505046875 0.8452248515624999 0.171841078125 0.8450138453125 0.17242648437500002 0.845605896875 0.17313970781250002 0.8473094265625001 0.172816146875 0.849522559375 0.173217690625 0.8512054296875 0.1746060265625 0.8520225984375 0.1772470078125 0.8500639359375001 0.18023202968750002 0.8498538906249999 0.181334684375 0.8491488328125 0.1827268421875 0.848014284375 0.1917946765625 0.8485019218750001 0.196443040625 0.8477792640624999 0.189794665625 0.8503256578125 0.19138731250000002 0.8515769734375 0.19764983125 0.8526391171875 0.20000642656249998 0.853415790625 0.205757559375 0.8528113218750001 0.212340971875 0.8509473328125001 0.21411258437499997 0.8510313593750001 0.21924449375 0.8506192328125 0.22140201875 0.8483060390625001 0.2228406890625 0.8457604609375 0.217938528125 0.8434854140624999 0.21373812343749998 0.8445836171875 0.2105183625 0.8459385328125 0.2042564359375 0.8457938531250001 0.21294933437500002 0.8433719296875 0.216011884375 0.8426588374999999 0.2185013265625 0.8416949015625 0.22454662500000003 0.8417068109375 0.22370484375 0.8394229140625 0.21967995624999997 0.8394406015625 0.2208828296875 0.8380148703125 0.22345200625 0.8381234750000001 0.2278297140625 0.836021553125 0.22371524062499998 0.8352018296875 0.22494166875000002 0.834807409375 0.225733928125 0.8326738453125 0.22165205000000002 0.831043146875 0.21535777031249997 0.8312035203124999 0.21178802968750002 0.8300955906249999 0.20906638906250002 0.8295678125 0.20621878749999997 0.8291271171875 0.200236928125 0.8303167203124999 0.1972639265625 0.8315828578125 0.194678440625 0.8322159578124999 0.191821075 0.831966390625 0.18813925 0.8305842999999999 0.1833628546875 0.8294759359375
0 0.1648806796875 0.93350271875 0.1666315125 0.9336282062500001 0.1666701796875 0.9332187968750001 0.1653331 0.932545496875 0.163916453125 0.9318177140625 0.162121171875 0.93246516875 0.16082996249999998 0.9334241406249999 0.16099803906250001 0.9349335906249999 0.16165303749999999 0.93452853125 0.1638022453125 0.9336160671875 0.1648806796875 0.93350271875
0 0.1555872828125 0.9257268578125 0.154631409375 0.9260645625 0.15257972656250002 0.9262157875 0.15062296875 0.9281072484375 0.1526462703125 0.927446825 0.155141496875 0.9276590406249999 0.156477125 0.9271525921875 0.1591303875 0.926147871875 0.1594692140625 0.9241248093750001 0.1578082515625 0.924585325 0.1555872828125 0.9257268578125
0 0.1815657265625 0.9193907234375001 0.1787696609375 0.91939551875 0.17677200312500002 0.919253553125 0.17489328906249998 0.9194510140625001 0.1733080640625 0.92040789375 0.17302337968749998 0.9213914781250001 0.17221608125 0.9219020984374999 0.1710412875 0.9221151265625 0.172069328125 0.9236598796875001 0.17222909375 0.92444749375 0.174273828125 0.9232286468750001 0.1773356234375 0.92264289375 0.179819515625 0.9221194515625 0.183729165625 0.92003373125 0.183588225 0.9191561546875 0.1815657265625 0.9193907234375001
0 0.2451169578125 0.9144425796875 0.24402448593749998 0.9138394078125 0.23994101250000002 0.9130007156250001 0.23886480312499997 0.9130007093750001 0.23894448281249997 0.9144314687499999 0.23554551093749998 0.9153967328125001 0.238988653125 0.916466121875 0.2420632296875 0.916256090625 0.24420465781249998 0.916450503125 0.24533599687500002 0.9153606515625 0.2451169578125 0.9144425796875
0 0.1706165703125 0.9133207203125 0.17549353125 0.9130689343749999 0.1783510328125 0.91140645 0.1792566765625 0.9101125078125 0.175277278125 0.9100248640625 0.1825529328125 0.9065107250000001 0.18300529375000002 0.904895215625 0.180101371875 0.9047856578125 0.1768908765625 0.9039117718749999 0.18091505937500002 0.9036930562500001 0.18095462812500002 0.9022309109375 0.18101043125 0.9005046828125 0.17359582499999998 0.9008880703125 0.1735749546875 0.90254306875 0.170220903125 0.9023362796875001 0.1683064484375 0.9025374968750001 0.16871384218750002 0.9039620921875 0.1635372359375 0.9046365765625 0.16276567343749998 0.9067428281250001 0.1650674078125 0.906877971875 0.1651009265625 0.908004075 0.1653594265625 0.9086697625 0.16704370468750002 0.9097166296875001 0.163358603125 0.9099327 0.1627203015625 0.91130380625 0.16332500156250002 0.9140226796875 0.1706165703125 0.9133207203125
0 0.20151097343750002 0.9369850734374999 0.204548703125 0.9375754671875001 0.20779240625 0.9368669000000001 0.212880303125 0.9360210625000001 0.21435665781250002 0.9351494656250001 0.21200482968749998 0.93371556875 0.2094585921875 0.9343932484374999 0.20651157812499998 0.93578705625 0.2035342046875 0.9362492453125 0.20151097343750002 0.9369850734374999
0 0.2252179859375 0.941684321875 0.22271960468750002 0.9417709484375001 0.2213404015625 0.9421767125 0.2189930359375 0.9430424468749999 0.21762188437500002 0.9447655218750001 0.2233058078125 0.9440597125 0.22889577343749998 0.94377540625 0.23182643125000002 0.9423754625 0.229066965625 0.941592428125 0.22684610468750002 0.9420473765624999 0.2252179859375 0.941684321875
0 0.21535465625 0.9472756375 0.215452909375 0.9460429906250001 0.214822046875 0.9458704890625 0.2126559703125 0.9463982328125 0.2113810203125 0.9464206875000001 0.20995131250000001 0.9465850953125001 0.210167190625 0.9483550390625 0.21259611718750002 0.9478766515625001 0.21535465625 0.9472756375
0 0.21797747968749998 0.9349197296874999 0.221463215625 0.9350639734374999 0.2230314625 0.9349321375 0.22393797499999998 0.9338407765625 0.22367644375 0.932697790625 0.2204898765625 0.9330829875 0.21797747968749998 0.9349197296874999
0 0.18202875624999998 0.894647403125 0.1806431125 0.8959635140625 0.18582448125 0.8967245203124999 0.190040209375 0.896474675 0.19387229374999998 0.8935612781250001 0.1924422734375 0.8920634890624999 0.188648903125 0.892699425 0.186128071875 0.8930507859375 0.1836443328125 0.8936354859375 0.18202875624999998 0.894647403125
0 0.2054613078125 0.86338615625 0.204488346875 0.8621262703125 0.198301559375 0.8610671625 0.1964223515625 0.8602434562499999 0.1918576640625 0.8609101859375 0.18896607031249998 0.8609328765625 0.18354508281249998 0.8601043609374999 0.1777383609375 0.8605387078125 0.1769077546875 0.8615749562499999 0.171611984375 0.8627898578125001 0.169999665625 0.863369378125 0.1692176515625 0.8643298203124999 0.1660025484375 0.864667740625 0.16299225625 0.8659079453125 0.1631110171875 0.866888403125 0.165133121875 0.8681150046875 0.1687414515625 0.8682746437500001 0.165201859375 0.8694416500000001 0.1647376484375 0.8709892765625 0.1710911265625 0.8719601625 0.1737343984375 0.8720861187500001 0.17183318125 0.873399859375 0.1696883171875 0.8747722015624999 0.173205396875 0.8758275359375001 0.1750086015625 0.8762868781250001 0.17786530312499998 0.8781594671875 0.1727865625 0.8800789796874999 0.17097874062500001 0.8814143265625001 0.17237110312499998 0.8821053828125001 0.1731707234375 0.8830912640624999 0.17413714687499998 0.8843188453125 0.17358686875 0.8860640500000001 0.1747793640625 0.8882168187499999 0.1767201671875 0.88793741875 0.1768071953125 0.8883917484375001 0.1782606140625 0.8898430875000001 0.1783950453125 0.891032425 0.1804065765625 0.8918893578124999 0.183271678125 0.89234706875 0.187794 0.8916957890624999 0.192662178125 0.890074921875 0.1966474625 0.8880959421875 0.192188584375 0.88576330625 0.1957949171875 0.8856199312499999 0.2000914125 0.8845540484375001 0.199165946875 0.883432140625 0.1910486109375 0.8835123218750001 0.19483022187500001 0.8817181453125 0.1990742 0.8822901625 0.1996240171875 0.8803611859375 0.20210722812499998 0.8800106375000001 0.2059386859375 0.877958271875 0.202697028125 0.87605544375 0.20255950781249998 0.8747470265624999 0.1997505765625 0.8743902468750001 0.20184478437500003 0.8737317984375 0.2043538078125 0.8725505625000001 0.20112491562499998 0.8711130109375 0.207681128125 0.8690350671875 0.20923075624999998 0.868202903125 0.20955078437500002 0.867660228125 0.208530846875 0.8660879156249999 0.21070011093750002 0.8645291890625 0.21083865156249998 0.862469046875 0.2054613078125 0.86338615625
0 0.2071177046875 0.8805209453125 0.2049912328125 0.881440446875 0.2028638640625 0.882336475 0.2017566 0.8827136578125 0.20139066562500002 0.8844489140625 0.2060382546875 0.8844961796874999 0.20721005625000002 0.8835371890625 0.20979985 0.8836027796874999 0.21286546093749997 0.883711053125 0.21394793124999997 0.8844582484375 0.21850369375 0.8833478328125001 0.2201739515625 0.88254226875 0.21823085937500003 0.8817834078125 0.2151170203125 0.8804688781250001 0.2124826171875 0.8796051421875 0.2104767125 0.880416134375 0.2071177046875 0.8805209453125
0 0.22256564218750002 0.8619183515625 0.2254228125 0.8608057890625 0.2272593421875 0.859982746875 0.226390871875 0.858386659375 0.21894674531249997 0.8592664765625001 0.2194440046875 0.8618301046875001 0.2201679125 0.8621703625 0.22256564218750002 0.8619183515625
0 0.15999193750000001 0.9702054171875 0.1587131625 0.9685471890624999 0.15449921718749998 0.967857325 0.15025468749999998 0.96819189375 0.1456655609375 0.9687606421874999 0.1428088984375 0.9708048171874999 0.1436374796875 0.97226055625 0.151720090625 0.973001 0.15416335781249998 0.9718219625 0.1594638484375 0.971264859375 0.15999193750000001 0.9702054171875
0 0.147684521875 0.9624085546875 0.14425790624999998 0.9633798671875 0.1427007671875 0.96515705625 0.15517540937500002 0.963214334375 0.1591901359375 0.9612464 0.15625450000000002 0.9604913078124999 0.15383867812500002 0.9613783781249999 0.151890465625 0.9609295625 0.149624778125 0.9614363546875 0.147684521875 0.9624085546875
0 0.14855956406249998 0.961212096875 0.147846475 0.9602124078125 0.15059206249999998 0.9603103281250001 0.15255541718750001 0.9606789953125 0.156651590625 0.9592916671875 0.1606495828125 0.95764285625 0.16023497656250002 0.9558058171875 0.156883578125 0.9574479421875 0.153727496875 0.9574355875 0.151977759375 0.9576194921875001 0.1481899921875 0.9569633906250001 0.14609425781250002 0.956919715625 0.1439769125 0.95804564375 0.1455752859375 0.95929164375 0.146138796875 0.9602583484375 0.14525008281250001 0.9605025828124999 0.143574271875 0.9617784921875 0.14605254843749998 0.9621134640625 0.14855956406249998 0.961212096875
0 0.1423461484375 0.9464164609375001 0.1429458421875 0.9476825874999999 0.1437647921875 0.9479704359375001 0.14452241562499998 0.947136675 0.1520478328125 0.9462828765625 0.15316675468750002 0.9451047765625 0.15359439218749998 0.9441658703125 0.150951303125 0.9439220625000001 0.148197271875 0.9449845078125 0.1423461484375 0.9464164609375001
0 0.1821668421875 0.35279275781249997 0.1819312359375 0.353735046875 0.18331343125 0.35718446406250004 0.1849889609375 0.35926918125 0.1885551921875 0.3603287765625 0.19050536093749998 0.358733375 0.19001270625 0.3575738328125 0.1886004328125 0.3560804625 0.185370734375 0.354052259375 0.1821668421875 0.35279275781249997
0 0.18206170156249998 0.4779691640625 0.1795597171875 0.4786044859375 0.1809806 0.4799555515625 0.1827788265625 0.4798293953125 0.18470074375 0.47898166875000003 0.1857902703125 0.4785403640625 0.18750310625 0.47794556562499996 0.186499234375 0.475614290625 0.18206170156249998 0.4779691640625
0 0.0329913328125 0.5001461859375 0.035880270312500004 0.5024600109375 0.041480326562499996 0.5061432609375001 0.04696181875 0.509161825 0.0476801609375 0.5063997312499999 0.049190040625 0.5061012078125 0.049218246874999996 0.5040825140625 0.0461296796875 0.5001682890625 0.04529175 0.5014786796874999 0.0462272109375 0.504055953125 0.0462185390625 0.5056326859375 0.0409169640625 0.502681621875 0.0384743625 0.5011912796875 0.0389628890625 0.49894823906249997 0.040892543749999996 0.49778547812499996 0.0360860296875 0.49628593125 0.032908846874999995 0.49628207812499997 0.0329913328125 0.5001461859375
0 0.06276588125 0.4440358953125 0.06450295 0.442236653125 0.0637101484375 0.44106152343750005 0.05945585625000001 0.4400176875 0.057250792187499996 0.4403987046875 0.0545137734375 0.4424900078125 0.056834039062499994 0.44336947968749996 0.057893167187500004 0.44537444062500003 0.058866996875 0.446836909375 0.060218359374999995 0.44612142187500003 0.06276588125 0.4440358953125
0 0.21247799375 0.1519632765625 0.21100373281249998 0.151464646875 0.20948867343750002 0.1524612859375 0.20956590312499998 0.1538687359375 0.210898765625 0.155862209375 0.21192126406249998 0.15624806875 0.212830728125 0.1566646609375 0.213866115625 0.1551701203125 0.2142619765625 0.15348042343749999 0.21247799375 0.1519632765625
0 0.303181321875 0.595698965625 0.3020654140625 0.5979969484375001 0.3041520609375 0.599658246875 0.30710027812499996 0.5984104265625 0.30933763124999997 0.5965727421875 0.309875334375 0.594707884375 0.303181321875 0.595698965625
0 0.345310090625 0.6070701015625 0.3443686328125 0.6109082875 0.3455981171875 0.6113650859375 0.347476653125 0.6112556265625 0.348398528125 0.6102506328125 0.34716760468749996 0.6080312046875 0.345310090625 0.6070701015625
0 0.3559390046875 0.75449166875 0.35242382656250004 0.755905915625 0.34950305312499996 0.7568617671875 0.352651153125 0.7576950796874999 0.3519617765625 0.7593276437500001 0.3496782421875 0.7620264359375 0.3480801734375 0.7645652000000001 0.3477555984375 0.76697796875 0.35032686874999996 0.7683322421875001 0.3443778625 0.7691617515625 0.34419336718750004 0.770650128125 0.33909346406249996 0.77191985625 0.3360852109375 0.7737175890625 0.33554243437500003 0.77873305 0.3390887546875 0.7779439734375 0.34081801093749997 0.7779837484375001 0.34266125468749997 0.7786745484375001 0.33311073593749996 0.7796783484375001 0.3329527421875 0.7806266203125001 0.33430119375 0.7812735875000001 0.3337360484375 0.7823840578125 0.3314117859375 0.7840376296875 0.3334981015625 0.784679315625 0.338781371875 0.785453178125 0.3424865625 0.7864746 0.3400966390625 0.787533340625 0.33997865 0.788398853125 0.3443057859375 0.7890893890624999 0.3437659671875 0.7929670578125 0.34503162187499997 0.792766475 0.3465586296875 0.789118121875 0.3520065921875 0.7874378890625 0.3550910953125 0.786515103125 0.35583148593749997 0.7844859703125 0.35803232500000004 0.7818524296875 0.36193529999999996 0.7816464546875 0.364772371875 0.7809256390625 0.368421253125 0.7801257828125 0.369524384375 0.7779454046875001 0.3631475234375 0.7764082343750001 0.3669095546875 0.774308178125 0.371319725 0.773800659375 0.370861090625 0.7716194640625 0.36495855625 0.7697370718750001 0.3690422515625 0.7681263859375 0.3740346609375 0.7680761375 0.37482730625 0.766080790625 0.37484771562499997 0.7631956640625 0.37624776875 0.7633470234375 0.3787582296875 0.7602960203125 0.3779859875 0.7594360921875001 0.3717789265625 0.7572871984375 0.3640015765625 0.757328503125 0.364283140625 0.75538844375 0.35976002500000004 0.75172711875 0.3580934484375 0.7530460484375 0.3559390046875 0.75449166875
0 0.3933149484375 0.8119904281249999 0.396528225 0.8133840593749999 0.3929685953125 0.813508384375 0.38760659999999997 0.8151245953125 0.3866512984375 0.8164991687500001 0.38822077187500004 0.81741041875 0.3887883890625 0.8182667140625 0.3850350109375 0.8199558031249999 0.3842198578125 0.8210045671874999 0.3828475265625 0.8224323984374999 0.3811795 0.8236179375000001 0.381249878125 0.8249004187500001 0.38417634375 0.8257177468749999 0.38209079687499997 0.82695188125 0.384109084375 0.82748445625 0.3873788609375 0.8263662328124999 0.386237109375 0.8286575046875001 0.3865411859375 0.8291738625 0.38294074375 0.8298366546875 0.37998348593750003 0.8313572265625 0.378293465625 0.833021121875 0.37931929375 0.8340664953125 0.38147798593750004 0.8347241406249999 0.38039601875 0.8354615890625 0.3814836875 0.83643761875 0.38758807812499996 0.8372210156250001 0.390231390625 0.8370783062499999 0.3945430171875 0.835498653125 0.39869447343750003 0.835698615625 0.4001029546875 0.8358255218749999 0.4001203140625 0.8346453671875 0.398221946875 0.8339682156249999 0.40010139375 0.8322231390624999 0.40095147343750004 0.832179353125 0.4034670375 0.8320469296875 0.40285434843749995 0.830208715625 0.4065614953125 0.8286627453125 0.407745365625 0.8274149734374999 0.4053088171875 0.8264456015625001 0.404426375 0.824761428125 0.4066666171875 0.8243264390625 0.40766009687500004 0.8251238359374999 0.40817291562499997 0.8259968890625 0.40956204218750003 0.8233386859375 0.41236188125 0.8211873640625 0.41627908125 0.8189343125 0.414904190625 0.8179162 0.411591721875 0.8180004078125 0.41797308125 0.8143336 0.4153404453125 0.8131428875 0.41409690781249997 0.8110426171875 0.41356798125000005 0.8101508328125 0.4114528296875 0.8108491890625 0.40960754843749997 0.8096008593749999 0.411877290625 0.808788846875 0.415088890625 0.80732638125 0.4158131546875 0.804351565625 0.41876164375 0.8029418937499999 0.42428943593749996 0.8012139906250001 0.4264409609375 0.80168385625 0.4283691765625 0.8018676859375 0.4308339140625 0.8004145890625001 0.4297996265625 0.79803309375 0.43255170156249995 0.79692215 0.4333371578125 0.79488828125 0.43237284843749996 0.793217425 0.4349139703125 0.7922967625 0.4385728578125 0.7913230328124999 0.43862246875000005 0.78840184375 0.4428754421875 0.7863837328125001 0.4469579078125 0.7832366328125 0.44620880312500005 0.780339690625 0.44563243750000003 0.7779053515625 0.440794434375 0.776943290625 0.4351706796875 0.7757401671874999 0.4349800078125 0.7743744921875 0.4304823875 0.7729288890625 0.42762780312500004 0.773722246875 0.4210361515625 0.7738934484375 0.41637777187499997 0.77641921875 0.4095201765625 0.77749819375 0.40057242187500003 0.7805297828125 0.39954725 0.7820766671875 0.39915084375 0.7841199203125 0.398354940625 0.7849781296875 0.3972696015625 0.783755190625 0.3931702140625 0.7821671828125 0.39153779843750003 0.7820920921875001 0.3776670984375 0.787075525 0.37634389687500003 0.788133696875 0.37628791562499997 0.7899479234375 0.3699452125 0.789632628125 0.3673390671875 0.78953105 0.362631471875 0.7914241234375 0.36450280625000003 0.7923822015625 0.35700617343749996 0.7937938578125 0.35605075468749997 0.7959147203125 0.35655732812499996 0.7969675359374999 0.35620584843750003 0.797808884375 0.3542427171875 0.799146415625 0.3527398546875 0.8005879671875 0.3530297859375 0.8021207453124999 0.3626421171875 0.8053822875 0.365374915625 0.805687365625 0.3702856484375 0.803380165625 0.376776971875 0.8020301796875 0.381715709375 0.799511078125 0.3819843984375 0.7972691484375 0.384222934375 0.79363399375 0.3903684875 0.7947791328125 0.3980461328125 0.794790725 0.40314454375000003 0.7962423109375 0.40708935 0.795791559375 0.396128659375 0.799627025 0.3925631546875 0.8007119140625001 0.392865540625 0.802094128125 0.395129184375 0.8026291953125 0.39833284375 0.8038117359375001 0.39597690937499996 0.8050742906250001 0.3969145515625 0.8062671890625 0.4016585828125 0.80515426875 0.40210979843750005 0.805620596875 0.40075278281250004 0.8069101328125001 0.3951827953125 0.8096416937500001 0.3924511453125 0.8103639984375001 0.3933149484375 0.8119904281249999
0 0.337721909375 0.8474975578124999 0.33929015156250003 0.8484419296875 0.3409346546875 0.8486320109375001 0.3427738765625 0.8483727140624999 0.34328660625 0.8482434109374999 0.345532253125 0.8503561890625001 0.349028278125 0.8500751531249999 0.35419849062500003 0.8500125000000001 0.3557107265625 0.849287959375 0.3583567765625 0.8478707968749999 0.36183127812500004 0.848192184375 0.3673608578125 0.8465410796875 0.3695947484375 0.8448797234375001 0.368481690625 0.8436172781250001 0.36464135 0.84129504375 0.36084625 0.840449609375 0.35610507187499996 0.84058814375 0.352708875 0.841579825 0.34915070625 0.84230101875 0.3446526875 0.8433927953125 0.34049866406249996 0.8439158109375 0.3370191421875 0.84638680625 0.337721909375 0.8474975578124999
0 0.4607952046875 0.8050063734374999 0.46061985937500005 0.807075096875 0.46268220312499997 0.8082958984375 0.46262778125 0.8100801125 0.4659102921875 0.8096361265625 0.47106077968750004 0.8070539203125 0.4697487515625 0.806230303125 0.467629134375 0.8061985640625 0.47019480781249995 0.80413626875 0.4716377203125 0.8021841249999999 0.4691739078125 0.8029584046875 0.4686412 0.8032264937500001 0.4649934046875 0.8049186234375 0.462028996875 0.8045923265624999 0.4607952046875 0.8050063734374999
0 0.4719598609375 0.7814367953125 0.47237565625 0.779353796875 0.4714377140625 0.7759158171875 0.46860946875 0.7797999140625 0.46737909218749996 0.7824288625 0.47123771562499994 0.783938484375 0.4727278015625 0.7826145375 0.4719598609375 0.7814367953125
0 0.5000101203125 0.8534240984375 0.5013116796875 0.852698134375 0.5031253609374999 0.853107671875 0.5053317078124999 0.8534115218749999 0.5073870265625 0.8525026421874999 0.511172696875 0.85141975 0.5139755015625 0.8506868234375 0.5141307578125 0.84895014375 0.5081349515625 0.847809690625 0.505276596875 0.8481336828125 0.5028091734375 0.847946825 0.5004456296875001 0.84819524375 0.4935035515625 0.8503090312499999 0.49100104375000003 0.8511486515625 0.4924900109375 0.8527737890625 0.492084609375 0.8542979531249999 0.4941719703125 0.854531040625 0.49736859375 0.8546899609375 0.5000101203125 0.8534240984375
0 0.5349107875 0.86756595625 0.531325109375 0.8684738609375 0.5262824921875 0.869511328125 0.521868475 0.8705502859375001 0.52129514375 0.8717024640625001 0.5502685359374999 0.8691222843749999 0.550096740625 0.8678614609374999 0.54840145 0.8661118953125 0.5468904171875 0.8659360656249999 0.5445260390625 0.8662961203125 0.5433072078125 0.8667478718750001 0.540983725 0.8676016703125 0.5394235609375 0.8673021734375 0.5373081625 0.8669667671875001 0.5349107875 0.86756595625
0 0.509412184375 0.8676002234375 0.5065005953124999 0.8678811062499999 0.5038381109375 0.86927643125 0.501698334375 0.8695013296875 0.499109165625 0.8706674218750001 0.498293384375 0.87051435625 0.49534190625 0.8706548890624999 0.4936169046875 0.871642171875 0.4920696984375 0.8721535765624999 0.49027505 0.872926653125 0.4911521953125 0.8739625156249999 0.5009917421875001 0.8729581890624999 0.508970021875 0.8724967031249999 0.5185918625 0.871453984375 0.5173937953125 0.8693677890625 0.5155874640625 0.8685050000000001 0.5138859359375 0.8684450296874999 0.511342028125 0.868352621875 0.509412184375 0.8676002234375
0 0.4847504515625 0.8631898546875 0.4813566171875 0.8642488453125001 0.477191240625 0.8641556093749999 0.4752706578125 0.8648366578125 0.47380780156249996 0.866718628125 0.473398203125 0.8694435578125 0.4743802546875 0.8695791484375001 0.47642008437500005 0.8688667125 0.47914956875000003 0.8689160484375 0.4809603671875 0.86841621875 0.4837340109375 0.8679738703125001 0.48537306406249997 0.8679775624999999 0.487284196875 0.867057128125 0.4875461234375 0.8651694078125001 0.49082030000000004 0.8641528453125 0.4924353484375 0.8628519000000001 0.49208853750000003 0.8615701921875001 0.49011166875 0.8613270625 0.487708146875 0.862002309375 0.4847504515625 0.8631898546875
0 0.48370271249999996 0.875105271875 0.486470103125 0.8743792109375 0.4889720125 0.87317515625 0.48574622031250003 0.8717969812499999 0.48452589375 0.870844321875 0.481711809375 0.8710065484375 0.47924939687499996 0.871719409375 0.47594416562499997 0.872066803125 0.4729119234375 0.8735167015625 0.4740105296875 0.8746266968749999 0.4768427375 0.8751899859375 0.47909387812500004 0.8751277734375 0.4818954796875 0.87529521875 0.48370271249999996 0.875105271875
0 0.44594102187500007 0.8501705359375 0.44355052656250005 0.84862286875 0.43900014218749994 0.8483045828125 0.43875455625 0.85028799375 0.4348113515625 0.8509632453125 0.433073709375 0.8517256171875 0.43265534843750003 0.8529620578125 0.4295409390625 0.8537198796875 0.42668240625 0.8541318718750001 0.42331638437499997 0.8546333390624999 0.4152682078125 0.8569859281250001 0.41175024687499995 0.8558175671875 0.41110571093750004 0.8562623765625 0.413106046875 0.85758081875 0.40811671250000003 0.85836288125 0.4055264703125 0.8590703218750001 0.40327319531250005 0.8596952140624999 0.4051971359375 0.8621104640624999 0.4064708375 0.8637802234375 0.411075903125 0.8648280406250001 0.41519858593750003 0.8659799749999999 0.4129469390625 0.867696615625 0.41049630312499996 0.8694483109375 0.4040606125 0.8732857953125001 0.40242207187499995 0.8741838640624999 0.40308621093749997 0.874942034375 0.40460981250000005 0.8768369046875 0.40374849843750005 0.8786273687499999 0.40191554375000005 0.879604003125 0.3973865390625 0.88062519375 0.394266203125 0.8821487671874999 0.40850497187499996 0.8810858375 0.42797285 0.8798927921875 0.44457405312500003 0.877838428125 0.44818422968749994 0.87768679375 0.4477006765625 0.875866428125 0.4462826390625 0.8756635421875 0.44815783124999997 0.8739377656249999 0.45021614374999996 0.8742681734375 0.4524945953125 0.8721637937500001 0.45325725468750006 0.8699877796875001 0.45505390468750007 0.8694878640624999 0.456046775 0.8679176671875 0.45232957812499996 0.867320134375 0.4520934453125 0.866403859375 0.4512873296875 0.86459383125 0.45119098593749996 0.8646039578125 0.4551500453125 0.8624502 0.45825706874999994 0.8608149062500001 0.4603791828125 0.8595250812499999 0.45860468125000003 0.8580383609375 0.45646316093749995 0.8579178000000001 0.45273774062500005 0.8576007890625 0.45443686093749996 0.8563224296874999 0.4580644859375 0.8554698187499999 0.460557871875 0.8538707406249999 0.46328267343749996 0.850930753125 0.45822946093750005 0.8496550953125 0.45362597187500003 0.8500273921874999 0.4513982796875 0.8486684296875 0.447915315625 0.8496268125 0.44594102187500007 0.8501705359375
0 0.3854758921875 0.8830459578125 0.392522965625 0.882603790625 0.39224983281250003 0.8808571468749999 0.3900177171875 0.88111531875 0.3859370453125 0.881170290625 0.38433680468750003 0.881401328125 0.3854758921875 0.8830459578125
0 0.3154854265625 0.8894061703125 0.319429103125 0.8888549859375001 0.32316409375 0.8886352453124999 0.3249643515625 0.8880799625 0.3258895484375 0.8867478312499999 0.3256236484375 0.8852942234375 0.3244243234375 0.885483121875 0.32375444999999997 0.884789971875 0.3226012359375 0.8840423562499999 0.320783453125 0.8837133765624999 0.3183760203125 0.8837684484375 0.3174462609375 0.8844741890625001 0.315648159375 0.8843175343749999 0.31435387656249997 0.885067871875 0.3130030453125 0.8855193578125 0.31041417031249996 0.8853279828125 0.308357509375 0.8854168859374999 0.310599303125 0.8870744484375 0.3051290640625 0.886868553125 0.3030032734375 0.8870919828125 0.3016704265625 0.887594996875 0.30093345781249997 0.8881469296875 0.3008892234375 0.8891162375 0.304829409375 0.8889204921875 0.30494753124999996 0.8903283562500001 0.31061543281250004 0.8895598140625 0.3154854265625 0.8894061703125
0 0.3678723796875 0.8848018953125001 0.3721112078125 0.8832770249999999 0.3732182171875 0.88140260625 0.3719975875 0.8792512234375 0.36998181875 0.8788173640625001 0.370385190625 0.8777223265625 0.36734398125 0.87742766875 0.3632304484375 0.8784256156250001 0.360126603125 0.879612809375 0.355277259375 0.879514478125 0.353612134375 0.8799204421875 0.3504258234375 0.8812796984375 0.3501697109375 0.8820717468750001 0.3481136234375 0.8831975203125 0.3486882203125 0.8843892999999999 0.35009698125 0.8848178296875 0.352115009375 0.8849293749999999 0.352361915625 0.8865012390624999 0.3573495 0.885926746875 0.3591549703125 0.8849875671874999 0.36093040468750004 0.8846894125 0.3629063359375 0.8851777343749999 0.3644652546875 0.8850767296875001 0.3678723796875 0.8848018953125001
0 0.4112758109375 0.9042198109375 0.41271217968749996 0.9033115703125001 0.4148627171875 0.9017391 0.41729345 0.900694925 0.4185044171875 0.8997946625000001 0.418320003125 0.8986828484375 0.416220140625 0.8978524828125 0.41276168125 0.8984909249999999 0.41113405625 0.898625859375 0.40935534531249995 0.8984294593750001 0.40915182968749997 0.899692025 0.4059783390625 0.8996186546875 0.40413995625 0.9007828203124999 0.4040543671875 0.9015679437499999 0.40698194374999996 0.90208193125 0.40863598906250004 0.902960725 0.4055749515625 0.9023727828125001 0.40644453125 0.9041887093750001 0.40846786249999995 0.9048888625 0.40969876093749996 0.9046715078125 0.4112758109375 0.9042198109375
0 0.33158361875 0.8563470375 0.3357619265625 0.8558607453124999 0.33928335625 0.8552533921875 0.340945484375 0.8541313171875 0.3413933046875 0.85330969375 0.33720539843749997 0.8529423125 0.3366889125 0.853035875 0.342284171875 0.8513370171875 0.3393387796875 0.8496968468749999 0.336767625 0.849165821875 0.33206501875 0.8489687984375 0.327670234375 0.84836706875 0.3240778171875 0.849479925 0.3226635625 0.8507032062500001 0.319569825 0.851582971875 0.317904953125 0.8503769546875001 0.315064065625 0.8514500999999999 0.31071952187499996 0.8527614109374999 0.3088512046875 0.8544629 0.3106625 0.8560007421875 0.3113656828125 0.856547421875 0.3119674578125 0.8586255906250001 0.312862096875 0.8591851406250001 0.3146449703125 0.8594360921875 0.3170558796875 0.8591151375000001 0.31937943125 0.858859925 0.3226390796875 0.8581685359375 0.3248679484375 0.8577598796875 0.32628651875000003 0.8571755859374999 0.32968400625 0.857332246875 0.33158361875 0.8563470375
0 0.3572520890625 0.8578691640624999 0.35496900937500003 0.858718715625 0.352292203125 0.8596489265624999 0.35127875 0.860006821875 0.34749966250000003 0.8613466828125 0.3447375359375 0.8618836578125 0.34145600625 0.8618137890625001 0.3389804390625 0.8619231546874999 0.3370673890625 0.861509921875 0.3344558875 0.8616712828124999 0.3309973109375 0.8625328343750001 0.3279621953125 0.8619673046875 0.3239311671875 0.8620312 0.31965088124999996 0.8635054375 0.3161466375 0.8640371437500001 0.31573376406250003 0.8652211609375 0.31409496875 0.86566835 0.311105653125 0.8666596859375 0.3103620109375 0.867521828125 0.3111565578125 0.8690424171875 0.3077992578125 0.8686851437499999 0.305558134375 0.8695302843749999 0.2998135890625 0.8719314078125 0.2979607875 0.8727341624999999 0.2978075421875 0.8746843015625 0.301568465625 0.8749504484375 0.305733015625 0.876141975 0.3088761140625 0.8760158656250001 0.3125667640625 0.87588248125 0.3146025578125 0.8748326828125 0.31737804999999997 0.8746022390625001 0.3173095546875 0.8748623875 0.316102575 0.876398528125 0.317582196875 0.8771275468749999 0.3226803484375 0.8760653890625001 0.32442705312500003 0.8754041859375 0.32606485625000003 0.8745140499999999 0.3279246609375 0.87546705625 0.33095385 0.87575198125 0.332251315625 0.8750468703125 0.3405475203125 0.8723335671875001 0.3412260109375 0.8712850265625001 0.34593133125 0.8718965375 0.34623250781250003 0.871099753125 0.35057740000000004 0.8701654703124999 0.35445367499999997 0.8691673203124999 0.35517308124999997 0.866400403125 0.356815796875 0.867036865625 0.3597046421875 0.86680865 0.35749547812500004 0.8688099078124999 0.357673653125 0.8700716328125001 0.36534890625 0.8686553421875001 0.36282493125 0.8707855265625 0.36159418125 0.872140346875 0.3601001015625 0.8733814437499999 0.3580677796875 0.8757647484375 0.358646796875 0.8758924234375 0.36199275625 0.8771134265624999 0.364501146875 0.8768230750000001 0.3661895625 0.8765340671875 0.3679701921875 0.875971421875 0.36962768281249997 0.8752237578125 0.372070659375 0.8738028 0.3727404078125 0.8737324078125001 0.3760227453125 0.8733465703125001 0.38105867656250003 0.8706161531250001 0.3754794890625 0.870479840625 0.3798098046875 0.8691527406249999 0.3839134453125 0.8676122296875001 0.3870409265625 0.8653793375 0.3891750765625 0.862963334375 0.39150053281249997 0.8615154515624999 0.39454431093750003 0.8600407750000001 0.396599196875 0.85772265625 0.39565187812499997 0.8551372031250001 0.39401102187500003 0.8525602265625001 0.39232748125 0.85045906875 0.389350971875 0.8501073343750001 0.3866157234375 0.8518716609375 0.3825347453125 0.8518041203125 0.37869439374999997 0.8521574812500001 0.3762896484375 0.8528061499999999 0.3738657953125 0.853796184375 0.3718929015625 0.854801665625 0.37043922500000004 0.8555153390625 0.36862640468749996 0.8569077703125 0.36772771249999997 0.8581931265625 0.362417303125 0.85734041875 0.3594210953125 0.8569059140625 0.3572520890625 0.8578691640624999
0 0.211212371875 0.878312084375 0.218505784375 0.877328703125 0.21654615625 0.8751120218749999 0.210193221875 0.876403471875 0.211212371875 0.878312084375
0 0.22760948124999997 0.8827615578125 0.22659000625 0.8839590562499999 0.22575421874999999 0.8846470640625 0.22376182500000003 0.8858855484375001 0.22291020781249998 0.8873796265625 0.22172978593749998 0.8885406234375001 0.21981831718749997 0.888994475 0.2183609828125 0.8895687046875 0.217914828125 0.8912432640624999 0.22085127187500003 0.8904962921875 0.2199822953125 0.8916009890625001 0.22005239531249998 0.892581846875 0.2226889828125 0.8936008937500001 0.2306072421875 0.892553409375 0.231682853125 0.8942816953125 0.23690249218749998 0.894554778125 0.24052279375 0.8944994875000001 0.24421527968749998 0.8930980281249999 0.2484191359375 0.8929295578125 0.2564193484375 0.8934241421875001 0.2631928578125 0.8929353156250001 0.266841365625 0.891384509375 0.2690732734375 0.8903769421875 0.26854717968749997 0.8881069984375 0.2664151890625 0.8877183484375 0.2631705703125 0.88799966875 0.26053807500000004 0.88695976875 0.26171968749999996 0.8849879546875 0.2621668546875 0.8841601156250001 0.2588858375 0.88394565 0.258628509375 0.8831117296875 0.26501857812499996 0.8828313124999999 0.2676639125 0.88231918125 0.2707886734375 0.8807480109375 0.2735751515625 0.8793066609375 0.27403850625000004 0.8774668984374999 0.2784567578125 0.875511540625 0.278869615625 0.874417078125 0.2801640453125 0.8722181640625 0.2839664171875 0.8710251109374999 0.28782740156250003 0.8689696421875001 0.2890804796875 0.8676030484374999 0.28883738124999997 0.8652153796875 0.2895679453125 0.862748940625 0.2939410328125 0.8614252015625 0.2941523515625 0.8599528609375 0.29204259062500004 0.8596561390625 0.29168463125 0.8580142499999999 0.2882234515625 0.8572217 0.27794214687499996 0.8584625609375 0.2755208140625 0.8579817765625 0.2716548171875 0.8575978421875 0.265150175 0.85834278125 0.263542709375 0.8608369703125 0.2589401390625 0.8600371250000001 0.255865184375 0.860572415625 0.25309936718750004 0.8590861921874999 0.2588821078125 0.8577211296874999 0.2631320921875 0.858066275 0.2655332171875 0.8565161734375 0.2624874484375 0.8550420921875 0.259827840625 0.8537442375 0.26084056875 0.8517650359375001 0.2556413484375 0.8527027015625 0.2493468375 0.851216578125 0.2470619234375 0.8517646703124999 0.242872015625 0.8521704828125 0.237004825 0.853315040625 0.23428512499999998 0.8544948531250001 0.2292753796875 0.8560991765624999 0.22715410625 0.8567243359375001 0.2271472765625 0.8585428234375 0.23054061093749997 0.8596315875 0.23398672656250002 0.8615663437500001 0.23695414375 0.862519196875 0.23935579375 0.8623044796875 0.2414072859375 0.8612844531249999 0.24568645 0.861219615625 0.2500966390625 0.8621622265625 0.2550266953125 0.8612795609375 0.2530622109375 0.8623799953125 0.2510879390625 0.86382081875 0.24704077343750003 0.8650914484375001 0.2447813140625 0.8670775687500001 0.24358224062499997 0.86879355625 0.241654871875 0.8705012515625 0.24173076718750003 0.8715522 0.24062628749999998 0.872419275 0.2386124734375 0.8736034500000001 0.24322150625 0.874913225 0.242861425 0.875837175 0.2404267546875 0.876440284375 0.2364406453125 0.8774248390625001 0.2332790046875 0.8800053953125 0.22921995312500001 0.8804005968749999 0.22877364375 0.8820138984374999 0.22760948124999997 0.8827615578125
0 0.2721091578125 0.853788859375 0.27008120468749997 0.8543900687500001 0.2697819515625 0.8559674906250001 0.2707775640625 0.8562022062500001 0.27233979375 0.8558636171874999 0.273878903125 0.855349921875 0.2744735625 0.8563887671874999 0.2756828375 0.85533785625 0.2773112265625 0.8550158796874999 0.27840190625 0.85452575 0.2771789609375 0.8535780781250001 0.2742218828125 0.8534411140625 0.273732709375 0.8535553734375 0.2721091578125 0.853788859375
0 0.2685688109375 0.9461319796875 0.272511084375 0.9446257109375 0.2788787015625 0.9446100265625 0.28090131875 0.9425828140625001 0.2798999984375 0.941710828125 0.275697021875 0.9430386828125 0.2744803578125 0.9427187937499999 0.2734346078125 0.9419771671875001 0.2708083171875 0.9425658515625001 0.26688459375 0.9436506843749999 0.26522450468750003 0.9437607515625 0.26482611093749997 0.9449181109375001 0.2674281125 0.94484573125 0.2685688109375 0.9461319796875
0 0.30046151249999997 0.9409825749999999 0.2976799734375 0.9411853734375001 0.292439171875 0.9418320421875 0.29489745312500004 0.9434715625000001 0.2969112671875 0.9422873875000001 0.30046151249999997 0.9409825749999999
0 0.30828839375 0.9395739140625 0.3100286546875 0.9382833749999999 0.3129101703125 0.9373426468750001 0.3160545703125 0.9372588203125 0.319673609375 0.93639925625 0.3211305015625 0.93552185 0.3225829140625 0.9334807250000001 0.319046459375 0.9339451171875 0.3154723578125 0.9345595781249999 0.312358615625 0.9347108828125 0.30934966875000003 0.9352015281250001 0.30699855781249996 0.935448640625 0.306256365625 0.9369673515624999 0.305426159375 0.9375290843749999 0.3028565578125 0.937521075 0.2954617 0.9392284015625 0.2973145890625 0.93995118125 0.3037709125 0.9401367031250001 0.305372846875 0.9400563140625 0.30828839375 0.9395739140625
0 0.33398184375 0.9481649671874999 0.33652495 0.9465905156250001 0.3352196625 0.9465784515625 0.33403795000000003 0.94659110625 0.3314056078125 0.9466588187499999 0.32973874687500004 0.9471827984375001 0.32957541875 0.947721571875 0.3314545671875 0.9478869921875 0.33398184375 0.9481649671874999
0 0.33430000937500004 0.9412516500000001 0.33483254375 0.9420880671875 0.336206228125 0.9419436875 0.3402080953125 0.9416471921875 0.3457568953125 0.9410309968749999 0.3476447921875 0.9406817437500001 0.35002030156249997 0.9397549203125 0.355733059375 0.9377090671874999 0.358472890625 0.93697490625 0.36175555937500004 0.936039146875 0.364192615625 0.9343077328125 0.362972128125 0.933846846875 0.35894804375 0.9334386796875 0.3552372953125 0.933963809375 0.35204250937500003 0.9345996765625 0.349355578125 0.9354335421875 0.34718322968750004 0.93579698125 0.34365515625 0.935489078125 0.34293276875 0.9364039749999999 0.3373704359375 0.9367419359375001 0.335408603125 0.937628421875 0.33382005000000003 0.9389422937499999 0.33215759375 0.9405844390625001 0.33430000937500004 0.9412516500000001
0 0.360269159375 0.9435717203125 0.36138425 0.943881859375 0.3631575484375 0.94312988125 0.3649260859375 0.9430052734375 0.366875853125 0.9418843890625 0.3649257375 0.9415818874999999 0.36261100156250003 0.9419508640625001 0.3617917328125 0.9421233828125001 0.3606722375 0.9427877921875 0.360269159375 0.9435717203125
0 0.429301375 0.9297834796875 0.4275065734375 0.9299721218749999 0.4258464796875 0.9301120390625 0.425229859375 0.9309121265625 0.42735731875000005 0.93151178125 0.42968826718750003 0.9315511593749999 0.43217619999999995 0.9308120515624999 0.436442184375 0.92875329375 0.43289706250000004 0.9291950296874999 0.431190415625 0.9294451046875001 0.429301375 0.9297834796875
0 0.4464570734375 0.9334980703125 0.449947578125 0.9329552390625 0.44797805625000003 0.93176553125 0.44623500624999995 0.9315496718749999 0.4449343578125 0.931686375 0.443167815625 0.9336835328124999 0.44376409375000003 0.9337811140625 0.4464570734375 0.9334980703125
0 0.45192316874999994 0.9059508015625 0.4508926953125 0.906879225 0.44761006875 0.9064999640625 0.44686448125 0.9067307250000001 0.4463960390625 0.9071020375 0.4420011875 0.9079645875000001 0.4427179546875 0.9095074921874999 0.4453528828125 0.9091205718750001 0.4461291421875 0.909914090625 0.44328519218749995 0.911735403125 0.44591839218749996 0.911929975 0.44801272656249996 0.9115118921875001 0.44972491249999996 0.9103578484374999 0.4507497625 0.9098243625 0.4525577140625 0.9097458875 0.45439086875 0.9095783531249999 0.4578129265625 0.908473975 0.46059029999999995 0.9077232984375 0.46378994687499997 0.9068496843749999 0.46524779687500006 0.90560768125 0.47000016406249995 0.9029746234375 0.46863482031250003 0.9020921953125001 0.46553184375 0.9029587906250001 0.4622950875 0.9031654437500001 0.45991082499999997 0.9030672546874999 0.457453575 0.9032014046875 0.45711209375 0.90389873125 0.45475758125 0.9039341015625 0.4544306640625 0.9051137984375 0.45192316874999994 0.9059508015625
0 0.50551870625 0.8781509390625001 0.50937050625 0.8762472625 0.5068557593749999 0.8753410984375 0.503286296875 0.87662750625 0.5013015656250001 0.875935865625 0.498708590625 0.8758250484375001 0.495145959375 0.8768326515625 0.4911338859375 0.8775402796874999 0.4868359796875 0.8782041062499999 0.4848686125 0.878918353125 0.4824940265625 0.8802127171875 0.47943214218749997 0.881888828125 0.479408859375 0.8827585265625 0.48097888906249997 0.8837796953125 0.48028833281249994 0.8851170171874999 0.48367795625000004 0.885348346875 0.4868521765625 0.8849503078125001 0.4858297171875 0.8843256359374999 0.486656903125 0.8837202296875001 0.4916569984375 0.8842064921875 0.493913940625 0.8826149843750001 0.498242715625 0.8817216718750001 0.5019888609375001 0.8807859046875001 0.5054907859375 0.8793950468749999 0.50551870625 0.8781509390625001
0 0.48699901093750003 0.8915193828125 0.48452647656250003 0.892106046875 0.48139913281249996 0.8924268874999999 0.47987526249999995 0.891710375 0.47814373125 0.891065965625 0.4767496359375 0.8920326078124999 0.47379672812500007 0.893460028125 0.4739218671875 0.8960109218750001 0.47530571874999994 0.8962173999999999 0.476999396875 0.89573930625 0.4790462765625 0.8954377593749999 0.48175497343749996 0.8950650828125 0.48393533906249997 0.8936418749999999 0.4856460171875 0.8937590156249999 0.48719010625000003 0.8943539984375001 0.4892461328125 0.8941394718750001 0.4912830875 0.8935043234375 0.49295754062499997 0.893067528125 0.49412234218749995 0.8924156390625001 0.49326415468749996 0.8904539734375 0.4891726703125 0.8921848812500001 0.48699901093750003 0.8915193828125
0 0.5122431921875 0.9064939296875 0.5154178328125 0.9060251453125 0.5167242265625 0.9047173640624999 0.5100663390625 0.9037800421875 0.5084339046874999 0.9038243593749999 0.5072136765625 0.9048308593750001 0.5034541265625 0.9046824000000001 0.501627046875 0.9046984703125001 0.49969253125 0.9050526218750001 0.4966374546875 0.907122365625 0.49785802031250004 0.9081221328125 0.5006251671874999 0.9084251734375 0.502248925 0.9074013984375 0.5049730203125 0.9068762765624999 0.50734611875 0.9077501953124999 0.5102412875 0.90735791875 0.5122431921875 0.9064939296875
0 0.49329558906250004 0.920439953125 0.49654246718749995 0.9198363171875 0.49995231718750005 0.9188699093749999 0.5025119984375 0.9174681093749999 0.5015622578125 0.9152034140625 0.4991856125 0.9145199734375 0.4954494203125 0.9150870546875 0.4906159328125 0.9155730796875 0.48664011875 0.9161025031250001 0.4826774484375 0.9178183015625001 0.47784102500000003 0.9177233250000001 0.475727221875 0.9192118078125 0.475269071875 0.9175883031250001 0.47307006406249996 0.9195067968749999 0.47305280625 0.920553396875 0.4747916359375 0.9210729234375 0.47764316874999996 0.9214912109375 0.4810608515625 0.9216756 0.48270061406250003 0.9202809328124999 0.4865092515625 0.9213747515625 0.48873138593750004 0.921141196875 0.49329558906250004 0.920439953125
0 0.48692184374999997 0.931862515625 0.48264152187500003 0.9330523859375001 0.48366820937500005 0.9338368656249999 0.485724725 0.9331038234375001 0.49032654999999997 0.9324017687499999 0.49517263749999996 0.9313629609375 0.497766084375 0.9315978453125 0.499284765625 0.92993310625 0.498937146875 0.9285839265625 0.494730265625 0.929261753125 0.4909088453125 0.9304081046875 0.48890851875 0.9305994953125 0.48692184374999997 0.931862515625
0 0.5815704953124999 0.8848552765625 0.579158 0.8848621765625 0.576630615625 0.8857939640625 0.5746964546875 0.88649529375 0.5749563109375 0.887368225 0.5761030953125 0.8873969484374999 0.5783105640625 0.886814578125 0.5811791390625001 0.886513078125 0.5821896671875 0.8855144796875001 0.5815704953124999 0.8848552765625
0 0.647396646875 0.9023438109375 0.6462861390625 0.9035870140625001 0.6492876046875 0.9033391046875 0.6514949328124999 0.902605921875 0.6524611765625 0.901858640625 0.65326436875 0.9004120734375001 0.651858053125 0.9005598828125001 0.6488763953125 0.9017436609375 0.647396646875 0.9023438109375
0 0.70282335 0.8542523187500001 0.7271704140625 0.8526941328125 0.727992971875 0.85188025625 0.7256110953125 0.8501305828125 0.72401954375 0.85023501875 0.7205325515625 0.8513195109374999 0.7167639375 0.8521162406249999 0.715021509375 0.8510692015625001 0.7126740796875 0.8507833203124999 0.709288753125 0.8513103828125 0.707539065625 0.8527354578124999 0.7058809703125 0.8521320328125 0.70282335 0.8542523187500001
0 0.6794320828125 0.8429605140625 0.6773048453125 0.8440670578124999 0.6765889640625 0.8447000421874999 0.6743507046875 0.846050778125 0.6715685453125 0.8460384 0.672285984375 0.847468115625 0.6761953109375 0.84744215 0.6771166796875 0.84756840625 0.6805755546875 0.8489817859375 0.683582428125 0.8486657515625 0.6860785468749999 0.84945446875 0.688807834375 0.8497112124999999 0.6921485125 0.849671171875 0.6945901125 0.8486855562500001 0.695249740625 0.8479657875 0.6980398609375 0.847276615625 0.700337784375 0.8472110578125 0.7028272578125 0.846561340625 0.7052858390625001 0.8468135421874999 0.70905340625 0.847994946875 0.710839 0.847584175 0.712392903125 0.8471364843750001 0.71439109375 0.84649126875 0.7162150421875 0.8461016046875001 0.7186642296875 0.8457562031249999 0.7205938703125 0.844682996875 0.7203901421875 0.8426101234375001 0.7210255375 0.8404789062500001 0.7202862375 0.83869170625 0.7189125828125 0.8376106203125 0.716820825 0.837246021875 0.7142859703125 0.8373144859374999 0.7106988000000001 0.8367881265625 0.7085111640624999 0.8381571078125001 0.705522184375 0.838568671875 0.70336786875 0.83816194375 0.701931015625 0.83851249375 0.6965551828125001 0.839698103125 0.6932409125000001 0.8397950703125 0.6904718640625 0.841178028125 0.6868140140625 0.8418028625 0.68323766875 0.8426500828125001 0.6794320828125 0.8429605140625
0 0.7414124296875 0.849195646875 0.738304475 0.848953565625 0.7363721937500001 0.849657840625 0.7347522390625 0.85094201875 0.73271333125 0.8499591328125 0.731247484375 0.8505719624999999 0.732453075 0.8516235812499999 0.737514053125 0.8518819171875001 0.7405755953125001 0.851338609375 0.7453993624999999 0.8507750515625 0.7441225765625 0.8489563609375 0.7414124296875 0.849195646875
0 0.739451240625 0.8043471500000001 0.7434511921875 0.80376334375 0.7445602046875 0.8042249484375 0.745656365625 0.8021725625 0.7472233171875 0.8003990562500001 0.7461804140625 0.7997592515624999 0.741984353125 0.8013173328125 0.7369896687499999 0.8043953437500001 0.739451240625 0.8043471500000001
0 0.7762366984375 0.8441497531250001 0.777561746875 0.8453962015625001 0.7790604265625001 0.8445426828124999 0.7855610093750001 0.84256328125 0.7850193812499999 0.8407882984375 0.7823706125000001 0.8412976484374999 0.782740340625 0.8424685406249999 0.780815378125 0.8429285234374999 0.777876475 0.8431887109374999 0.7762366984375 0.8441497531250001
0 0.757208628125 0.7919622140625 0.7570132375 0.79043206875 0.7558569015625001 0.78925115625 0.75353304375 0.7888606765625 0.7501266796875 0.790024678125 0.7468267843749999 0.7917980765625 0.7477154890625 0.7926599015625 0.7498304671875 0.7925428734375 0.7525015171875 0.79284344375 0.7546613 0.7917774703125 0.75517544375 0.7909740140625 0.757208628125 0.7919622140625
0 0.9719426765625 0.6273081515625 0.9693771218749999 0.627577803125 0.9690521234375 0.6285216328125001 0.9697341953124999 0.6291365171875001 0.9689669140625 0.632090715625 0.9713518859375 0.63236008125 0.9737889046875001 0.6308674796875 0.97742326875 0.6287635593750001 0.9737387796875 0.627684971875 0.9719426765625 0.6273081515625
0 1 0.749407475 0.99955665625 0.74949575 0.9985844546875 0.74860185 0.9973236062499999 0.74944608125 0.9967513953125 0.751804753125 0.9979961156250001 0.751584375 1 0.750673246875 1 0.749407475
0 0.9877440296875 0.7558088390625 0.9888317484375 0.7538704593750001 0.9870894640625 0.753467559375 0.9857738218750001 0.7542986968750001 0.9821954359375 0.7556347453125001 0.9841026906250001 0.7559778890625 0.9850100140625001 0.75597050625 0.9861095499999999 0.756371834375 0.9877440296875 0.7558088390625
0 0.977778415625 0.7606960515625001 0.9787873625 0.759876725 0.9782481781250001 0.75867808125 0.9768515531249999 0.7596057125 0.9773841671874999 0.76045783125 0.977778415625 0.7606960515625001
0 0.969112546875 0.760774184375 0.96864679375 0.7617390921875 0.9695598234375 0.7623689796875001 0.96934025625 0.7632545953125 0.9698376328125 0.7635023999999999 0.970815678125 0.7631215171875 0.9715607671875001 0.76242261875 0.9738194546875001 0.762222928125 0.972553759375 0.7611226390625 0.97193080625 0.76110013125 0.969112546875 0.760774184375
0 0.965696609375 0.7645676531250001 0.962033971875 0.7649526125 0.9605061078125001 0.7651996078125001 0.9585311093750001 0.7660654828125 0.9566365156250001 0.7663510234375 0.9563835015625 0.7682488046875 0.9578344015625 0.7680318921875 0.9595722625 0.7679592140625 0.9591459375 0.7673111640625 0.96049586875 0.7668660578125001 0.9618890718750001 0.76636926875 0.9632039203125 0.7659042828125 0.964106759375 0.7658093906250001 0.9652418328125 0.7654277140625 0.965696609375 0.7645676531250001
0 0.9357789796875 0.7756682078125 0.9358557515625 0.776862034375 0.9361007140625001 0.777279340625 0.9372716656250001 0.7770447203125 0.9382122484375 0.7761728765625 0.9391835374999999 0.7755931734375 0.9386333078125 0.7744239703125 0.9369583374999999 0.774512034375 0.9357789796875 0.7756682078125
0 0.94675518125 0.772533396875 0.9476029515625 0.7720939359375001 0.9490723875 0.7710219656249999 0.94783599375 0.7697819109374999 0.9457304046875 0.7700032171875 0.9447436 0.7709584734375 0.9430745281249999 0.7709830734375 0.9441310843749999 0.7726945093750001 0.9452722281250001 0.7721912203125 0.94568246875 0.7721481015625 0.94675518125 0.772533396875
0 0.8919375640625 0.7954325921875001 0.8898190265625001 0.794260115625 0.888035359375 0.7948984953125 0.8860340015625001 0.795408928125 0.88423040625 0.7969040828125 0.8829513125 0.7977989359375 0.8805113609375 0.7976641796874999 0.8793480875 0.7989883421874999 0.8772772296875001 0.8009452125 0.8779109375 0.8022658953124999 0.8795431218750001 0.801740846875 0.8820631515624999 0.8012921609375001 0.884972753125 0.8001253828125 0.8875470968749999 0.7985790703125 0.8902795890625 0.7971920984375 0.8924898390625 0.7960831140625 0.8919375640625 0.7954325921875001
0 1 0.8204810828125 0.9852583703125 0.8258539375 0.9421999156249999 0.841243765625 0.9427786125000001 0.8470635953125001 0.9452432249999999 0.8490025328125 0.949073728125 0.8462684078124999 0.955097659375 0.8453744640625 0.96009165625 0.8435455546874999 0.96237243125 0.8433168328124999 0.963289034375 0.8404679156249999 0.966115853125 0.8399335671875001 0.9727636609375001 0.8394296718750001 0.9777239546875001 0.83920840625 0.9809339359375 0.8360713109375 0.9868640125000001 0.8339256328125 0.9903164734375001 0.8324378515624999 0.99628216875 0.8294950203125 1 0.828536275 1 0.8204810828125
0 0.9012771359375 0.787294571875 0.8965779484375 0.7887594203125 0.897965346875 0.78982178125 0.8993980546874999 0.7903436296875 0.90111360625 0.79016331875 0.9025019984375 0.7890527328125 0.9012771359375 0.787294571875
0 0.8892539125000001 0.7863272921875 0.8912991031249999 0.7879379609375 0.8923410546874999 0.787866153125 0.89384954375 0.78704616875 0.8956370859374999 0.7846508859375 0.8913414765625 0.785276765625 0.8892539125000001 0.7863272921875
0 1 0.9000309171875 0.9626783359375001 0.9102499625 0.9628247062499999 0.914049225 0.967865165625 0.9147700515625001 0.9697981515625 0.91426680625 0.9777911703125 0.9116136484374999 0.9819788562499999 0.9118145156249999 0.9856349328125 0.911546509375 0.9927816921874999 0.9101244921875 0.996116240625 0.9079782421875 1 0.9086728359375 1 0.9000309171875
0 0.8182691015625 0.809879371875 0.8197053343749999 0.8093136453125 0.820449878125 0.8079219453125001 0.81974983125 0.8066726515625 0.8181749671875 0.8062333 0.8164723796875 0.8071946609375 0.81632393125 0.8103713296875 0.8182691015625 0.809879371875
0 0.869674396875 0.8067875546875 0.871497953125 0.805766346875 0.8716739984374999 0.8034053234374999 0.868919203125 0.8036084546875 0.8679191359375 0.8056931593750001 0.8634522109375 0.8061689375000001 0.8621454015625 0.8069944328125 0.8622044578124999 0.8100675953125 0.8646438140624999 0.8087915593749999 0.866821934375 0.8081242921875 0.869674396875 0.8067875546875
0 0.846192134375 0.809338909375 0.8442635812500001 0.811304390625 0.8463362578125 0.81130806875 0.84807874375 0.8104273546874999 0.8501327640625 0.8089231609375 0.8486940687500001 0.808508775 0.846192134375 0.809338909375
0 0.8453926265625 0.8081597703125001 0.8483521703125 0.8071841328125 0.850239578125 0.8063070390625 0.848089596875 0.8058967140625001 0.8435801171874999 0.8065356453125 0.841077315625 0.8082095546874999 0.8427129890625 0.8088986046875 0.8453926265625 0.8081597703125001
0 0.8363634796875001 0.8118220734375001 0.8377844203125001 0.8107222078125 0.8381951609374999 0.8095776906250001 0.8375054640625 0.8085614046874999 0.8362816546875 0.8089508359375 0.8339635359375001 0.8126210625000001 0.835620546875 0.811809034375 0.8363634796875001 0.8118220734375001
0 0.8277678546875 0.8124788468749999 0.8290365359375 0.8138317703125001 0.8287327281250001 0.815246275 0.8298295906250001 0.8149644531250001 0.8311592046875 0.8142213999999999 0.8316006640625 0.8132794703125 0.8310489562500001 0.8121559843749999 0.8293716203124999 0.812206590625 0.8277678546875 0.8124788468749999
0 0.843213315625 0.885080828125 0.84437350625 0.8809918421875 0.8467304796875 0.8803969 0.84898313125 0.8816495453125001 0.8493543953125 0.878784103125 0.8537397703125 0.8778612765625 0.8563749171874999 0.8765945140625 0.858344675 0.8752452890625 0.869331928125 0.8720511859375 0.8750256859375 0.8727693359375 0.8761479609375 0.8689922718749999 0.8854008890625 0.8667864312500001 0.897353790625 0.86349711875 0.9087329859375 0.8606388859375 0.9129707249999999 0.8608376359375001 0.9175360671874999 0.855498365625 0.9229666578125 0.8571507046875 0.922690075 0.8513352578125 0.9241779156250001 0.8502440703125 0.9231748421875 0.8475167921875 0.721386834375 0.91819343125 0.6139988515625 0.95798809375 0.6166209453125 0.9596465343749999 0.62011209375 0.95864644375 0.6301557453125 0.955234153125 0.6352624328124999 0.9539841359375 0.6373235421875 0.9526520187499999 0.647598553125 0.94930339375 0.6566262593750001 0.945971175 0.661519346875 0.9456187140625 0.6637032406250001 0.9441244375 0.6662196203125 0.9445229625 0.6677561562500001 0.9421760562499999 0.67966483125 0.9382566640625001 0.6826105546875 0.9393469124999999 0.683797959375 0.9369518625 0.6899246984375 0.936557721875 0.6954047515624999 0.934674584375 0.696605421875 0.9326897703125001 0.7018910875000001 0.9322756234374999 0.73255708125 0.9220170812499999 0.7399424156250001 0.92054799375 0.751054240625 0.9162221703125001 0.8326279078125 0.8890936625 0.843213315625 0.885080828125
0 0.7529800171875001 0.962617215625 0.7472947828125001 0.9638636249999999 0.7430234109375 0.9658711015625 0.7425872421874999 0.9674911937499999 0.7442598484375 0.9699517125 0.7471783546874999 0.96990105625 0.7494451625 0.9690312203125 0.7530041578125 0.9677349156249999 0.754421853125 0.9643918499999999 0.7529800171875001 0.962617215625
0 0.7671025328125001 0.9654408546875001 0.76952398125 0.9667448875 0.7752934687499999 0.9648800328125 0.7850926 0.96292315 0.7838942296875 0.9601614093749999 0.7932824546874999 0.9567614484375 0.7913017875 0.961953175 0.812814765625 0.9566896843749999 0.8085153078125 0.9557841390625 0.8137206593749999 0.9532904343749999 0.8160228187499999 0.9486462265625001 0.81845383125 0.9484268515625001 0.8217816046875001 0.9493104078125001 0.8279432171875 0.9487099296875 0.8321081937500001 0.946138609375 0.8363256234374999 0.9423473109374999 0.819230634375 0.94575759375 0.8011900046875 0.9499616968750001 0.7924397734374999 0.9529143953125001 0.780992746875 0.9554561093749999 0.7743930078125 0.9571348531250001 0.7684730765625 0.9582111125000001 0.7671730390625 0.96019223125 0.7671025328125001 0.9654408546875001
0 0.8625806921875 0.9358328484375 0.860265446875 0.9373629265625001 0.8599863750000001 0.939580809375 0.8617971000000001 0.9426678234375 0.8642554265625 0.9445320078125 0.86675883125 0.94319268125 0.8684020890624999 0.9414127265625 0.8683472218749999 0.9392613624999999 0.865877875 0.935184646875 0.8625806921875 0.9358328484375
0 0.7215523421875 0.9771538109375 0.7233190828125 0.9775352875 0.7254066875 0.9762160968750001 0.7251427296874999 0.9738541859375 0.7219564078125 0.9711175687500001 0.720392878125 0.971413875 0.7185080593750001 0.9729882671875 0.7193991328125 0.9754272359374999 0.7215523421875 0.9771538109375
0 0.8077174656249999 0.4663567140625 0.8055610359375001 0.46534690312500004 0.806003396875 0.468554171875 0.8066110468750001 0.47019495625 0.8081796109375 0.47064910937500004 0.810113628125 0.4698268203125 0.8100190046875 0.46669926562499997 0.8077174656249999 0.4663567140625
0 0.8963228234375 0.430507925 0.8981952484375 0.4385767171875 0.891534778125 0.441591 0.8924922499999999 0.45034198124999997 0.9044610750000001 0.44564956875000006 0.9035319953125001 0.447228771875 0.9118328671875 0.44396194843750003 0.90865851875 0.44725869375 0.907111375 0.450491246875 0.913435 0.44678337343749996 0.916672665625 0.4413087046875 0.9212700406250001 0.4382174640625 0.9253595109375 0.43941216718750004 0.9257049859375 0.4335957546875 0.9291918156250001 0.43041699375000003 0.9314427015625 0.423655609375 0.9361271515625 0.421766540625 0.9268426859375 0.42117598437500003 0.9272573625 0.4168401359375 0.9190956578125 0.42238771875000003 0.91321703125 0.4276089296875 0.9095341546875 0.42928118125000003 0.9043819328125 0.427795975 0.9045932765625 0.4350087078125 0.904075334375 0.44072384218750005 0.90144846875 0.44236837187500005 0.901434509375 0.42815446562500004 0.8963228234375 0.430507925
0 0.8779339609375001 0.42373045625000005 0.8751273234375001 0.4264748015625 0.8746263687500001 0.42921247500000004 0.8743411796875 0.4360060640625 0.8760446078124999 0.43905879218750005 0.8786014140624999 0.43982699218750004 0.8803675375 0.43633104375 0.8803318578124999 0.4302216171875 0.879218265625 0.42454441875000004 0.8779339609375001 0.42373045625000005