0 1 0.2896482609375 0.9863093078125 0.2842358078125 0.94082516875 0.269307753125 0.9080089750000001 0.25775735312500003 0.8766504015625 0.2507211421875 0.8290659937499999 0.23959659531250002 0.7866334734375 0.23166053125000002 0.759903528125 0.22455147812499998 0.7380343421875 0.22255445 0.70819006875 0.2161213875 0.6796759640625 0.2118283265625 0.63989350625 0.20389325 0.596578759375 0.1944279390625 0.5762065390625 0.1910760265625 0.5295037296875 0.18923876875 0.47309931250000004 0.1864102671875 0.45617132343750005 0.1860406515625 0.4460861359375 0.18834935 0.4352687171875 0.1737482765625 0.4128181578125 0.142281690625 0.3989464734375 0.1281868234375 0.39457348593749997 0.12017235625 0.3863593234375 0.110628103125 0.3793759234375 0.10858303437500001 0.37221232031249996 0.11503150625 0.36840854218749997 0.1519687265625 0.378008340625 0.2517986734375 0.38090684218750004 0.2595456296875 0.383812140625 0.25178076250000003 0.3814440171875 0.23218289687500002 0.37707177812500003 0.174229175 0.3848293859375 0.17063715 0.3937721140625 0.17641688125 0.41296159218749995 0.193722928125 0.4247114234375 0.198794009375 0.42481325937500003 0.22996902656249998 0.4284742640625 0.2308780296875 0.43172325625 0.2390082796875 0.4342284546875 0.23749441875000002 0.43730278437500003 0.23554203281250002 0.44114721875 0.22912009531250002 0.44743584375 0.22191578281250002 0.4521605484375 0.21915405937500002 0.45917755312499997 0.215515171875 0.4684724125 0.21167121562500002 0.47318963125 0.2146064828125 0.48488760781250007 0.2202882640625 0.488817496875 0.2206001015625 0.4938184578125 0.2186035859375 0.4963643484375 0.217871221875 0.505949290625 0.2241466625 0.50934415 0.227235559375 0.513351353125 0.22388231093750002 0.5215197953125 0.2188563953125 0.5623757953124999 0.22380710937499998 0.563795721875 0.230586984375 0.5664269265625 0.23084057656249998 0.573025675 0.22783030625 0.57779428125 0.22604648906249997 0.5825210984375 0.22089914843749997 0.589267840625 0.227289840625 0.5977033375 0.2361703828125 0.6047219375 0.23560228125 0.6120245734374999 0.2341789140625 0.6272980953125 0.234658296875 0.64049286875 0.24314598437499998 0.6437527656250001 0.24570087968749998 0.6508143453125 0.243617834375 0.65623014375 0.2456860921875 0.6592420625 0.2514001515625 0.6653417671875 0.24954876406249998 0.671126525 0.242668321875 0.6731115812499999 0.241471984375 0.67718959375 0.242258303125 0.67980019375 0.24414101875 0.6905029734375 0.2492759875 0.6972294031249999 0.2468699328125 0.7048777015625001 0.2524712703125 0.7104561953124999 0.25708451875 0.7124377 0.25772436249999997 0.7220460937500001 0.2553627796875 0.72924604375 0.25518011406249996 0.731498896875 0.257150875 0.735369640625 0.26074771874999997 0.7447186859375 0.2602362671875 0.7508999765625 0.254886165625 0.76189430625 0.25874233125 0.7769881265625 0.26067029062499997 0.7840436015625001 0.2604611328125 0.7896694109375 0.2592625671875 0.79441924375 0.262562315625 0.7997000171875001 0.2630651109375 0.8090209828124999 0.259741953125 0.8238291125 0.262672890625 0.8430542453125 0.2598884984375 0.85612265 0.2690344796875 0.8705807890624999 0.27139121093749996 0.89063618125 0.2792800890625 0.8972123562500001 0.2825767 0.9124969453125 0.2828926921875 0.919711915625 0.29205807968749997 0.9217905937499999 0.295309765625 0.9281903437500001 0.290350721875 0.9341882859374999 0.28951418906250004 0.9377186906249999 0.2943214578125 0.9400331328125 0.30082315312499996 0.9449607984374999 0.2972301953125 0.950197496875 0.297402890625 0.9674104874999999 0.30564973906250004 0.9747142015625 0.30924057656250004 0.9734381031250001 0.31341439531250004 0.975884890625 0.316737634375 0.9798948078124999 0.3117899859375 0.98109205 0.312525696875 0.9858152140625001 0.3144640953125 0.994443859375 0.3119757390625 0.9950038734375 0.3163663875 0.9982565171875001 0.313955221875 1 0.3137391625 1 0.2896482609375
0 0.34753197812500003 0.11571291875 0.34311139375 0.1151576671875 0.3379723140625 0.1151869984375 0.3321645765625 0.11628971562499998 0.3261352890625 0.11591997968750001 0.32217793437500003 0.11585589062499999 0.31347624218750003 0.1166237 0.3080673109375 0.11605142500000001 0.3035175671875 0.11716786718750001 0.2958217875 0.11814075625 0.2878486828125 0.11894354062500001 0.2802507953125 0.1182991421875 0.271565190625 0.11739556250000001 0.260624746875 0.116873434375 0.25185964375 0.116002153125 0.246405684375 0.11622655 0.24180794687499998 0.1177045390625 0.23771035000000001 0.1219650203125 0.234954378125 0.1324091703125 0.23643178437499998 0.1344631859375 0.2312902953125 0.15478042812499998 0.2336322703125 0.15662843906249999 0.2349242515625 0.16405834375 0.2381879390625 0.17830375 0.2403740921875 0.1750820078125 0.23927454531249998 0.16266596093750002 0.23968182656249998 0.15406056875000002 0.24478581875 0.15088708906249998 0.2489126484375 0.14466648437500002 0.248409040625 0.1367674515625 0.25008997499999996 0.1340730609375 0.261712140625 0.1304984359375 0.2810748265625 0.12952035312500002 0.2884536640625 0.13328974375 0.288891875 0.137766546875 0.2906104796875 0.139316703125 0.294589465625 0.1385079453125 0.296984315625 0.13489222343750001 0.310148159375 0.13720907031250001 0.31621470937499996 0.137272475 0.3206596046875 0.14515447812499999 0.3214674234375 0.1498097734375 0.33153060624999997 0.14921110625 0.33592430625 0.147005821875 0.34558183750000004 0.155200690625 0.3468809609375 0.155453215625 0.3556887921875 0.1590117078125 0.359445975 0.16229200625 0.3580470890625 0.1650666890625 0.35726204375 0.1704565484375 0.3572037453125 0.1757107078125 0.3586707734375 0.1787352609375 0.36136945468750004 0.1795097359375 0.3670638703125 0.1785314328125 0.370620925 0.180900553125 0.370250878125 0.1729367515625 0.365684465625 0.1718215125 0.3603835109375 0.169457228125 0.35987159687500003 0.161609109375 0.361024203125 0.16049449531249999 0.36427518281250004 0.1552831265625 0.365296765625 0.1539663609375 0.3655448171875 0.1526902453125 0.36417956875 0.14893735624999999 0.36489381249999997 0.14575421875 0.366538490625 0.1423619625 0.36686981875 0.1373900859375 0.36616645000000003 0.135219115625 0.36516305 0.128793984375 0.36446678593750004 0.126463628125 0.364025646875 0.12150236562500001 0.36473313125 0.117862675 0.3667854671875 0.11335585156250001 0.36419603437500003 0.11272358593750001 0.3594100296875 0.113556934375 0.355375565625 0.114249853125 0.34753197812500003 0.11571291875
0 0.3599767 0.19463436875 0.37076945 0.2016730421875 0.370962228125 0.196693334375 0.3678872703125 0.193318028125 0.36376754375 0.192467890625 0.35824958125 0.193209896875 0.3599767 0.19463436875
0 0.30377637968750004 0.160424496875 0.30193957656250003 0.15866354062500002 0.2972933296875 0.15627211875 0.29448019687500004 0.154563328125 0.29085741875000004 0.1531301125 0.2869196578125 0.151589509375 0.2819543828125 0.15123240468750002 0.27986871406249997 0.15274981875 0.278601203125 0.1552253234375 0.2793085796875 0.159496584375 0.2796654515625 0.1583403109375 0.285099190625 0.157040740625 0.29039559062500003 0.1594694 0.2930506578125 0.1673632296875 0.29536725937499997 0.16814620625 0.298273446875 0.1692698140625 0.3008117140625 0.1719996046875 0.3038024953125 0.1631562328125 0.30377637968750004 0.160424496875
0 0.3917802875 0.3003656734375 0.3894990140625 0.29903245312500004 0.3931024046875 0.32594255156249996 0.394707271875 0.3222719609375 0.39327968125 0.3052381671875 0.3917802875 0.3003656734375
0 0.41686616406250004 0.32831421562499996 0.41779686250000003 0.3261711765625 0.42004234687500003 0.31714950625 0.417357665625 0.31471438125 0.4099473578125 0.3173631546875 0.40777043749999997 0.32246176718749997 0.4039782625 0.3389409546875 0.406235921875 0.3511475703125 0.41324766718749995 0.34512004375 0.4157838140625 0.33975380781250003 0.41686616406250004 0.32831421562499996
0 0.42356338281249994 0.295129278125 0.42038463593750003 0.302704103125 0.41960868749999997 0.3111916734375 0.42268021093749997 0.310023471875 0.423559709375 0.3018711953125 0.42356338281249994 0.295129278125
0 0.43286568125 0.2675649953125 0.4354492203125 0.263822 0.4343065734375 0.25924328750000003 0.43189284531250005 0.257273090625 0.42976937968750006 0.2559387109375 0.42846352187500003 0.25766978281249997 0.42622081093749997 0.2584801796875 0.42282185468750005 0.256673434375 0.422018178125 0.26252764375000004 0.42675698906250004 0.263959725 0.4291947203125 0.26895094375 0.43286568125 0.2675649953125
0 0.3027620609375 0.31512957343750003 0.30185520625 0.31080362031250003 0.300277509375 0.308110921875 0.2974121265625 0.3088655453125 0.295433065625 0.3140026171875 0.29647820625 0.31817399218750003 0.297986325 0.32080700625 0.30072148125 0.323056159375 0.3024950734375 0.3229886484375 0.3059220171875 0.3219818546875 0.30816014375 0.31800140312499997 0.30862949375 0.314808865625 0.3084175984375 0.30894666718749997 0.30504974375 0.310566625 0.3045960203125 0.316364703125 0.3027620609375 0.31512957343750003
0 0.31900824375000003 0.34926445781250004 0.31841536718749996 0.34808911249999996 0.3170964859375 0.3479791890625 0.3157804265625 0.35150695 0.314768290625 0.35400344375000004 0.3140820078125 0.356010940625 0.31631 0.35763464375 0.3187526859375 0.356630721875 0.31916207343749997 0.3552124671875 0.31900824375000003 0.34926445781250004
0 0.3801293296875 0.3792290078125 0.3796703203125 0.3822373203125 0.38136061718750003 0.383482725 0.38277478593750003 0.3818904953125 0.38431223281250004 0.380654903125 0.38408885000000004 0.3791836859375 0.3832590734375 0.377720346875 0.3818000453125 0.377307809375 0.3801293296875 0.3792290078125
0 0.28980185 0.314598453125 0.2908663359375 0.32223245 0.2949804546875 0.3192135578125 0.291939784375 0.314982190625 0.28980185 0.314598453125
0 0.284942690625 0.298849109375 0.287210415625 0.3036258234375 0.28795926875 0.29930654218749997 0.2864171140625 0.29536645781250004 0.284942690625 0.298849109375
0 0.27711656093750003 0.3484053640625 0.28056943125 0.3470932203125 0.2853259640625 0.34228433125 0.2904621140625 0.33140350625 0.286824025 0.3317850875 0.285382425 0.33623712656250004 0.283550003125 0.33160392031249997 0.2812177234375 0.3301318546875 0.279664265625 0.332203184375 0.2766250953125 0.3343104375 0.2757180140625 0.33736376875 0.2752501140625 0.3405979734375 0.2756612 0.34391230625 0.275716453125 0.3479517515625 0.27711656093750003 0.3484053640625
0 0.27002451875 0.3153431296875 0.2677048296875 0.30662470625 0.266746628125 0.29943477343749997 0.2628616125 0.3006772421875 0.2647589859375 0.317374171875 0.267315171875 0.3218870171875 0.2757335875 0.327383371875 0.2773575921875 0.32521115 0.2719651390625 0.32105746874999996 0.27089331875 0.31812883593749997 0.27002451875 0.3153431296875
0 0.3226788703125 0.3231745640625 0.3238988984375 0.324497284375 0.3244361203125 0.32614729374999996 0.3253699375 0.3255440796875 0.326268465625 0.32266576874999997 0.3258988234375 0.3212345671875 0.32458966562499997 0.319919990625 0.3241173828125 0.32115411250000003 0.3226788703125 0.3231745640625
0 0.2524387375 0.23126949843750003 0.251603096875 0.23076165781250002 0.250871478125 0.23061944531249998 0.24943134687500002 0.231264315625 0.249283159375 0.23321405 0.252187596875 0.23497719843749998 0.2524310515625 0.2337574921875 0.2524387375 0.23126949843750003
0 0.2451001953125 0.212176253125 0.2457103234375 0.2133119765625 0.24710386093749998 0.21566644531249998 0.24697349375000002 0.2177947359375 0.247198496875 0.219282184375 0.2486962578125 0.2232295578125 0.25049546718750004 0.2199103171875 0.2511713265625 0.2174487375 0.2492074015625 0.21518713906250003 0.24856502812499998 0.21279244687499999 0.2482102125 0.2092869 0.24647627968750002 0.2044499953125 0.24577893125 0.20594120781249997 0.244773653125 0.2104987515625 0.2451001953125 0.212176253125
0 0.2440221203125 0.18594166875 0.24217580156250001 0.17981588906249998 0.2401849453125 0.18435854062499998 0.2396204515625 0.18605066875 0.24095058125 0.18891968125 0.2427405140625 0.1954419875 0.242306475 0.1971180890625 0.24445055937500001 0.20050823593749997 0.2451639828125 0.19853307343749999 0.2440797890625 0.1911642515625 0.2440221203125 0.18594166875
0 0.1327022671875 0.24554593906250002 0.12964143749999998 0.2501639375 0.126007696875 0.25333191718750003 0.1216646109375 0.26036206875 0.11740040781250001 0.2691154953125 0.11407575 0.28376273125 0.1132636078125 0.289128221875 0.11331889531249999 0.293740703125 0.11472223749999999 0.2899768203125 0.11630267187500001 0.2818461859375 0.11873888125000001 0.2739232828125 0.12020633437499999 0.2755535515625 0.121707815625 0.272824278125 0.123674378125 0.266056421875 0.127776071875 0.26328979375 0.1321880296875 0.25800166406249997 0.135918890625 0.2524506203125 0.1387001140625 0.2507532421875 0.14263361562500002 0.24816403125000003 0.14368006718749998 0.24940525781249998 0.144532921875 0.2520191390625 0.1460543046875 0.25143940625 0.1480581421875 0.2480501109375 0.1509389484375 0.241762396875 0.1608329703125 0.234647671875 0.1693809671875 0.23356506718749998 0.17622954062500001 0.23107929062500002 0.17993603125 0.231050046875 0.18441084375 0.2280344140625 0.1847326734375 0.23342931562499997 0.18917288593749998 0.2310420640625 0.19016865 0.22625505 0.1935372046875 0.22425480156250002 0.19918523593749998 0.2241620421875 0.20260018125 0.2234298796875 0.20888773125 0.21812271875000003 0.21340258906249998 0.21780810156250002 0.2160068484375 0.21568634687500002 0.2172909546875 0.2176948296875 0.22219882656249998 0.21576776562500002 0.22356246875000002 0.216957634375 0.2270418265625 0.2161233875 0.23564763593750002 0.2108864234375 0.23987411406249998 0.20733862812499998 0.24192368593750002 0.20634265468750002 0.24203401093750002 0.20322836249999998 0.2387766203125 0.201929840625 0.23391477656249998 0.2027357140625 0.2284882671875 0.20384249687499997 0.211624625 0.2091933859375 0.20845332187499999 0.2103835765625 0.2056160703125 0.2120334546875 0.20198343749999997 0.2138200140625 0.1971001953125 0.2144657359375 0.1899033015625 0.2165161125 0.1834796171875 0.21886322656249999 0.1765334765625 0.22132685468750002 0.170486465625 0.2237424109375 0.1644375625 0.22586471874999997 0.15543775937499998 0.229304421875 0.14978153593750002 0.23264115625 0.1475179890625 0.23481162968749997 0.1456292828125 0.2356351265625 0.1427418109375 0.2367818015625 0.14082777500000002 0.2400039109375 0.1375029375 0.24277828750000002 0.1327022671875 0.24554593906250002
0 0.0682838671875 0.32660135625 0.0723196453125 0.32649127187500004 0.076043496875 0.3261024859375 0.0809674078125 0.3251574625 0.084489603125 0.3246514828125 0.08658747343749999 0.32408671093749997 0.08881102656249999 0.324210128125 0.091035715625 0.324769903125 0.094203065625 0.3251149765625 0.0950122578125 0.324415909375 0.0976816046875 0.3234496796875 0.098654575 0.3235130578125 0.0982755671875 0.32635546249999997 0.099183421875 0.3268439140625 0.10096074687500001 0.3265033484375 0.1021556046875 0.32453263125 0.10135011406250001 0.32240388750000004 0.10406957343750001 0.3215811046875 0.10468372968749999 0.3244812640625 0.10627636250000001 0.322740671875 0.10692978906249999 0.3164720546875 0.099988353125 0.31578335156250004 0.0946267671875 0.314730021875 0.089050834375 0.3115530265625 0.07899062031250001 0.310547790625 0.0703676421875 0.30892895625 0.059731225 0.3076780109375 0.05590531875 0.310557140625 0.056286092187500004 0.313536090625 0.056465109375 0.3147933484375 0.05713964375 0.316392053125 0.054430003125 0.3285467828125 0.057524437500000004 0.334106565625 0.061507753124999995 0.3433887203125 0.0624755828125 0.340235775 0.06258750625000001 0.33747356875 0.060965659375 0.335966096875 0.060285415625000005 0.3329719125 0.0594902234375 0.331330653125 0.0579082125 0.330502640625 0.0585704171875 0.3277264265625 0.0598933859375 0.325022940625 0.0650330125 0.3269642953125 0.0682838671875 0.32660135625
0 0.0792284390625 0.37739795625 0.08059298125 0.374562478125 0.074559778125 0.36599131093750004 0.0744740484375 0.36101954531249997 0.0739215171875 0.3598249828125 0.0716892171875 0.3636362515625 0.0792284390625 0.37739795625
0 0.06963638125 0.354568578125 0.065893684375 0.3498871765625 0.071582984375 0.3619554125 0.07195920781250001 0.3595613375 0.0714728796875 0.35689613750000004 0.06963638125 0.354568578125
0 0.1033293921875 0.34007974375 0.1055230703125 0.332471025 0.1056950203125 0.3282863234375 0.1048249421875 0.32685016875 0.1015299578125 0.3404685390625 0.0993468171875 0.349005703125 0.10083604531249998 0.3485995875 0.1033293921875 0.34007974375
0 0.1017321671875 0.33711902031249996 0.1011242171875 0.336782778125 0.099569371875 0.33774757499999997 0.098957153125 0.3393412890625 0.09953329375 0.3406518640625 0.1008866265625 0.3411823375 0.1018633515625 0.3399571328125 0.1017321671875 0.33711902031249996
0 0.10026295156250001 0.349721790625 0.09943509843750001 0.3532027859375 0.099200628125 0.35914216875 0.10128835624999999 0.35579624062500004 0.1032933140625 0.3519344140625 0.1039060578125 0.3491915625 0.1041794515625 0.347785075 0.1050467375 0.343323271875 0.1058642734375 0.33974795156250004 0.10570402500000001 0.3374851765625 0.104007871875 0.3386692265625 0.10266508593749998 0.34195780625 0.101340409375 0.3459884765625 0.10026295156250001 0.349721790625
0 0.1124611046875 0.313270215625 0.1092136578125 0.3232702390625 0.11061790625000001 0.324545996875 0.1116781640625 0.3223915328125 0.1136466890625 0.3142869921875 0.1124611046875 0.313270215625
0 0.1191353078125 0.293051934375 0.12009734999999999 0.28724283281249996 0.1194551140625 0.2870829765625 0.118293878125 0.288471284375 0.1169574921875 0.2919234671875 0.1155306421875 0.2992721640625 0.117991640625 0.2974616046875 0.1191353078125 0.293051934375
0 0.120341934375 0.2829465046875 0.119965478125 0.280878871875 0.11762533281250001 0.2852040046875 0.11731323281249999 0.286932459375 0.116543453125 0.28840322500000004 0.11609306718750001 0.2930622625 0.11878819062499998 0.28796728125 0.120341934375 0.2829465046875
0 0.138848153125 0.28707061562499997 0.1396469078125 0.28500857812499997 0.14120434531249998 0.2832197609375 0.1435169453125 0.27924105 0.144554503125 0.2771951875 0.14485643125 0.274945846875 0.1447586875 0.273417871875 0.1443912390625 0.27165601562499997 0.145043075 0.269285271875 0.1455051046875 0.266212284375 0.1461319953125 0.2648952015625 0.1461432734375 0.263297690625 0.14364810156250002 0.2616236453125 0.1416308765625 0.2627643859375 0.1401255203125 0.2641542484375 0.13918110781249998 0.2663678421875 0.13809670000000002 0.2686465421875 0.13692609375 0.272154825 0.137395 0.275564759375 0.1369468140625 0.27859109375 0.136267475 0.281258921875 0.1358354671875 0.284103759375 0.1357275171875 0.2863541953125 0.138848153125 0.28707061562499997
0 0.12299528125 0.31816707499999997 0.12431229218749999 0.318327571875 0.125668978125 0.31726854531250004 0.12653916406250001 0.3162884515625 0.12718807031249998 0.3154722734375 0.12764035 0.3138824890625 0.1277722796875 0.310853575 0.128649409375 0.3091744640625 0.12972394062499998 0.3063160390625 0.1303899640625 0.3039623796875 0.130708165625 0.30098240781249996 0.1306143875 0.2988280578125 0.129199946875 0.2981042453125 0.12763055625 0.2994959875 0.12673398281249998 0.30092300625 0.1259748265625 0.302601171875 0.125342525 0.3039378953125 0.12478771875000001 0.3052116859375 0.12456617968749999 0.3066871484375 0.124114796875 0.30900930937500004 0.1235723859375 0.310931759375 0.122964478125 0.3126425078125 0.12252919531249999 0.3148818453125 0.1224563828125 0.316943328125 0.12299528125 0.31816707499999997
0 0.1353181 0.30175910625 0.13508021718750002 0.2993634515625 0.1345027203125 0.2988787296875 0.1335070015625 0.29885868125 0.1319998359375 0.29991392656250004 0.130557421875 0.30291254375 0.129937378125 0.305439090625 0.12891606718749998 0.3097515734375 0.12931386250000002 0.3117421734375 0.12961929218749998 0.31234910312499997 0.1308784 0.3124553671875 0.1317012359375 0.31121935 0.1322658375 0.31056665156249996 0.1329758984375 0.30932940625 0.1334375484375 0.30839565 0.133925603125 0.3058848328125 0.134349534375 0.3040396328125 0.1353181 0.30175910625
0 0.1387853328125 0.29845689062499997 0.13880065156250002 0.299532703125 0.137685128125 0.3001945109375 0.138194903125 0.30101943750000004 0.13815528593749998 0.301796465625 0.13825959062499998 0.302611021875 0.1388535703125 0.30302731875 0.1393857953125 0.3031307734375 0.1401349796875 0.30346104218750003 0.140943209375 0.30371683437499997 0.1405862 0.3047346015625 0.141127546875 0.3055608890625 0.14259200625 0.30561793125 0.14389845 0.3050712296875 0.1447042234375 0.3035135484375 0.1449363484375 0.30167245 0.143446853125 0.300499503125 0.14340916718750002 0.2994241171875 0.14336853125 0.29820012500000004 0.1432867390625 0.2976382578125 0.14324653437499998 0.2951345875 0.14321831093749998 0.2934291171875 0.14324957656249998 0.29195805625000004 0.14264989374999998 0.2909405625 0.14164090625 0.290620278125 0.1409133703125 0.2910630296875 0.1401472140625 0.2918436828125 0.140009175 0.2925538296875 0.1399223046875 0.2932627796875 0.13961721875 0.2947586109375 0.139367946875 0.295582434375 0.13914818906249998 0.2962544109375 0.1387277640625 0.296935134375 0.1385136109375 0.297963159375 0.1387853328125 0.29845689062499997
0 0.1474601109375 0.3082355265625 0.1477945765625 0.30508999062500003 0.1481553140625 0.30374186718749996 0.148280390625 0.302164884375 0.14754835156249999 0.3007555609375 0.147302025 0.30099101093749997 0.1460636609375 0.3014904578125 0.145691771875 0.3023063640625 0.1452519390625 0.30330803125 0.144804565625 0.3043321078125 0.1441503 0.3059701765625 0.14386315624999998 0.30687418437499997 0.1436886328125 0.30803406875 0.1442216375 0.309017909375 0.1443294546875 0.3108216203125 0.144732671875 0.312284815625 0.145329709375 0.311850125 0.1470431546875 0.3098974390625 0.14737344218749998 0.3094347734375 0.1474601109375 0.3082355265625
0 0.15715611093749998 0.31498779374999997 0.15657729843749998 0.3159592625 0.15589480625000002 0.3165715359375 0.1550930703125 0.3179692375 0.1543892265625 0.31916630625 0.15410195468750001 0.3200464125 0.154040284375 0.32178852812500003 0.1536458953125 0.32252365625 0.1527500046875 0.3239635421875 0.152077896875 0.3250792328125 0.151753515625 0.3259537171875 0.15173564374999998 0.3276916125 0.15103344375 0.3299857125 0.151036859375 0.3314667 0.1516812171875 0.3321888546875 0.1520657484375 0.3332568484375 0.1523322828125 0.33392466249999997 0.1532506390625 0.3354481984375 0.1538213109375 0.335804253125 0.1550674546875 0.3357233546875 0.156494259375 0.33454106875 0.15741224375 0.3335034140625 0.158006875 0.33273717187499996 0.15882735625 0.330612503125 0.15927736875 0.32888697968749997 0.1595841546875 0.32730870625 0.159851584375 0.32593289531249997 0.1611862953125 0.32432362812500004 0.1615583078125 0.32341701562499997 0.1620733515625 0.31989113593749996 0.1625259 0.3192007390625 0.162436696875 0.318005509375 0.16276305468750002 0.3167032296875 0.163149765625 0.315115025 0.16268048125 0.313844321875 0.1618417265625 0.3132706140625 0.1608554578125 0.3131282484375 0.1592850703125 0.3135424640625 0.15870620156249998 0.3135970765625 0.1577878828125 0.3140632296875 0.15715611093749998 0.31498779374999997
0 0.16232120625 0.32231738125 0.1614768765625 0.322525728125 0.160675934375 0.3236736796875 0.1601366671875 0.3247610734375 0.15996920312500001 0.32569630312500003 0.160405053125 0.3264511484375 0.1609066046875 0.3265486390625 0.1612133015625 0.3263137828125 0.16186933750000002 0.32573934375 0.162518171875 0.32513644531249997 0.162841840625 0.3237333625 0.16232120625 0.32231738125
0 0.1554455 0.339387815625 0.15574249375 0.3372457546875 0.1558852453125 0.3355942125 0.155256678125 0.33597820624999997 0.1537253875 0.3375588125 0.1537939265625 0.33804965781249996 0.1531523921875 0.3409651890625 0.15262413125000002 0.3422743828125 0.151691684375 0.3430179375 0.15141763125000002 0.3433960296875 0.1511463390625 0.3443413203125 0.1513848125 0.34593962500000003 0.1516234359375 0.347225978125 0.1510848578125 0.348440846875 0.151850159375 0.3482951328125 0.15275869375 0.347379796875 0.154031784375 0.3448592171875 0.1550469375 0.3429204203125 0.1554455 0.339387815625
0 0.1369336390625 0.3218712578125 0.1395416625 0.32067185625 0.140016934375 0.3202166796875 0.1401722890625 0.3198186984375 0.14077656875 0.31868345468750003 0.1410439421875 0.3170704625 0.140800128125 0.3165805640625 0.14004231250000002 0.3165239890625 0.13897945 0.317234234375 0.13816131250000002 0.31797931562500004 0.1375245625 0.3190031921875 0.137213890625 0.32042949374999996 0.1369336390625 0.3218712578125
0 0.1419217140625 0.333354315625 0.14246781875 0.33330447812499997 0.143048965625 0.33219816406249997 0.1430704328125 0.33208773125 0.1429956734375 0.33022040937499997 0.1428972609375 0.3289087828125 0.1428558890625 0.326812371875 0.14286179999999998 0.32524246875 0.14239966875 0.3252943046875 0.1421651515625 0.3263533890625 0.1415568296875 0.32827098593750004 0.141389075 0.32864268124999996 0.140484534375 0.3307494171875 0.1402859484375 0.33136979843750003 0.13996288125 0.3328271171875 0.1397413140625 0.3338441515625 0.14030193124999998 0.3342109859375 0.14091116718750002 0.3339919609375 0.1416318453125 0.3322251359375 0.1419217140625 0.333354315625
0 0.1500051234375 0.32705439375 0.1501498328125 0.3260478875 0.15015107187500001 0.3247476734375 0.149520996875 0.32417314375 0.148725159375 0.32450870625 0.147860128125 0.325478659375 0.147753925 0.32703224999999997 0.1478491234375 0.3280328625 0.14839448125000002 0.32829804375 0.1490411203125 0.3280258015625 0.1500051234375 0.32705439375
0 0.12376483437500001 0.34475235937500004 0.1236477109375 0.34677976093749996 0.12431138593749999 0.34710773437500003 0.125051775 0.3464350859375 0.1257920984375 0.34541065 0.1269140421875 0.3438396125 0.127410240625 0.3428345765625 0.12806601875 0.341532659375 0.12847499375 0.3403212515625 0.129152115625 0.3389996078125 0.12948740625 0.337479403125 0.130048665625 0.3358121140625 0.1303752703125 0.3343857265625 0.130385653125 0.332792815625 0.13037095625 0.330755709375 0.1292547859375 0.331298009375 0.127351390625 0.3322953359375 0.126526559375 0.332935653125 0.1258332796875 0.334102940625 0.1252683 0.3362151953125 0.1246577484375 0.3378904125 0.12422106562499999 0.33953098125 0.12400120625 0.341317159375 0.123976359375 0.34255866562500004 0.12376483437500001 0.34475235937500004
0 0.1261444421875 0.35095155624999996 0.126470571875 0.35079688125 0.1273035234375 0.34848521875 0.127466128125 0.34750129375 0.127489603125 0.346119446875 0.127125071875 0.34534981249999996 0.1263829359375 0.3453026515625 0.1254896453125 0.346770103125 0.125419171875 0.34807436875 0.1251716296875 0.3500111578125 0.1251495859375 0.3504111765625 0.1261444421875 0.35095155624999996
0 0.13024842187500002 0.3513831890625 0.1305756171875 0.3484797765625 0.13042780625 0.34755330156249997 0.1298288625 0.3481452046875 0.12799330625 0.3500136671875 0.12706879375 0.351600796875 0.126166125 0.3536569625 0.125762628125 0.354578146875 0.1253352265625 0.35612183124999996 0.1251306609375 0.35716604531249996 0.12448756718750001 0.3569041515625 0.12379818281249999 0.35697866718750004 0.123275071875 0.3575407421875 0.12256426093749999 0.3590357046875 0.12212952031249999 0.360412421875 0.1220396890625 0.3621602046875 0.1229940890625 0.36366209375 0.12324020937499999 0.3635587203125 0.12360501718750001 0.3625663453125 0.12479852656249998 0.358760084375 0.1247521203125 0.362757484375 0.12463594375 0.363543509375 0.1265068546875 0.3636222546875 0.1269907078125 0.362770809375 0.1280581171875 0.36120190625 0.1281741203125 0.35896736093750004 0.1286640828125 0.357715984375 0.129102759375 0.3572934875 0.1297740765625 0.3564848484375 0.1301120328125 0.35534399843750003 0.129919125 0.3540681234375 0.1298434046875 0.3532129625 0.13024842187500002 0.3513831890625
0 0.11480021562500001 0.3432533515625 0.11433557968750001 0.34414514218750003 0.1138477359375 0.3459015140625 0.11344833750000001 0.34763687499999996 0.11328660625 0.3482723796875 0.1127224734375 0.3503147625 0.11182595 0.35186435625 0.112197109375 0.3523296625 0.1122562265625 0.35340125625 0.111432359375 0.354503365625 0.11100660468750001 0.3551050578125 0.11016876718749999 0.35696689843749996 0.110080675 0.3579032296875 0.10979629531249999 0.3586947609375 0.109509475 0.3599983578125 0.1094088859375 0.361400234375 0.10914143437499998 0.362432225 0.1092976421875 0.364118003125 0.1092440828125 0.36611319062500003 0.110176528125 0.3660493109375 0.1110524265625 0.363745996875 0.11185386093750001 0.3588368484375 0.111968590625 0.3580664609375 0.1125806140625 0.35881575625 0.112929334375 0.3588150953125 0.1133402625 0.35751174531249996 0.11387825781250001 0.355849484375 0.11408471875 0.35441884375 0.1149503671875 0.3531099703125 0.11529345312499999 0.3522375296875 0.11569118125 0.35104303593749997 0.11566012031249999 0.3503429984375 0.1161281484375 0.3491717203125 0.1166582875 0.3486062359375 0.11747876093750001 0.347046634375 0.1177075734375 0.346066028125 0.1179257890625 0.3445994703125 0.11821486249999999 0.3432023984375 0.1180668046875 0.3417203546875 0.11669552187500001 0.3416670984375 0.1151994734375 0.3426815265625 0.11480021562500001 0.3432533515625
0 0.129187765625 0.36915577499999996 0.129181078125 0.3705822703125 0.129624815625 0.3706987671875 0.1302065828125 0.3706701859375 0.130669296875 0.36970639375 0.130873759375 0.368359728125 0.1301509234375 0.36763186875 0.12947919375 0.3679676796875 0.129187765625 0.36915577499999996
0 0.1225388140625 0.371949359375 0.12244719374999999 0.3709303421875 0.1218346078125 0.3700201703125 0.12114885312499998 0.370935834375 0.12044233124999999 0.3722040109375 0.11948904687499999 0.37425033750000003 0.119222040625 0.3749115375 0.1188663609375 0.3767413515625 0.11891606562499998 0.377206253125 0.11767835468750001 0.37997883906249996 0.1179626546875 0.38132500625 0.1181034859375 0.38237746562499997 0.11860988750000001 0.383088721875 0.119252775 0.3820660375 0.1198707828125 0.3810894546875 0.12002698281249999 0.379884621875 0.120168059375 0.37939632031250003 0.12068973593750001 0.37975876875000003 0.121481015625 0.3780709296875 0.121723884375 0.3770262015625 0.12229725 0.37618101406250004 0.122497453125 0.3741602125 0.1225388140625 0.371949359375
0 0.14552490625 0.36946147812499996 0.146184809375 0.3701118421875 0.14712472031249998 0.369501853125 0.1477100796875 0.36832473125 0.1477611828125 0.36587541875 0.1481339921875 0.3640966859375 0.1490102609375 0.361578559375 0.1494704359375 0.3595223359375 0.1490071125 0.35958030625 0.1482651296875 0.359958171875 0.14797800625 0.359109671875 0.14775672812500001 0.3579142375 0.1468212875 0.357084565625 0.1462095484375 0.358143546875 0.14579025 0.359146021875 0.145562928125 0.360118959375 0.1449906328125 0.3610487171875 0.144483196875 0.3622425796875 0.143689721875 0.3635814 0.14348817656249999 0.364560940625 0.143439159375 0.36626253750000004 0.1435267390625 0.3667045578125 0.14416143125 0.3675091953125 0.14552490625 0.36946147812499996
0 0.1326970109375 0.392824290625 0.1337761171875 0.3916046609375 0.13462905 0.3906641921875 0.1353265109375 0.3889103640625 0.1356148109375 0.3874271859375 0.1352673703125 0.38607829531250004 0.135072840625 0.3854658640625 0.135743009375 0.38399165156250004 0.1361600875 0.382239034375 0.1368907171875 0.380158978125 0.1368503578125 0.37926930625 0.1350193 0.3794768625 0.13429043125 0.3804096125 0.1335258328125 0.3822713625 0.13315515625000002 0.38342495468750004 0.1328583 0.384346175 0.1324466859375 0.38625902968750003 0.13213715937499998 0.387613925 0.1316717515625 0.3884196109375 0.1320153375 0.39013226093750003 0.13232766406250002 0.39065457812500004 0.1322002140625 0.39241574218749997 0.1326970109375 0.392824290625
0 0.1266396703125 0.4031870140625 0.1272498984375 0.4024715546875 0.1277242296875 0.400596359375 0.1283879609375 0.39838551093749996 0.1283797984375 0.3959135359375 0.1278822796875 0.39554145625000003 0.12634711406250002 0.39646232656249997 0.1255664515625 0.39762058749999996 0.1251441328125 0.39868773750000003 0.1244257 0.3995668046875 0.12401775468750001 0.3981361171875 0.1233214171875 0.40219341875000003 0.12414866718749999 0.4013768875 0.1243016109375 0.4026290765625 0.1253426484375 0.40383264218750003 0.1259991125 0.4039602453125 0.1266396703125 0.4031870140625
0 0.1129907625 0.3890351703125 0.1134457546875 0.387890009375 0.11388406874999998 0.3864375828125 0.1132302390625 0.38549392656250003 0.1126270421875 0.3855263 0.112187671875 0.3864436953125 0.11225571875 0.3872400609375 0.1117549140625 0.3888665734375 0.111814778125 0.390302821875 0.11233914062499999 0.39002909531249996 0.1129907625 0.3890351703125
0 0.13231076875 0.37234941093749996 0.1309525078125 0.3754965015625 0.1320436296875 0.37638508593750003 0.13323083125 0.37322543750000003 0.13231076875 0.37234941093749996
0 0.13543468281249998 0.3447811640625 0.13404905 0.34898621875 0.1355681671875 0.348950421875 0.13543468281249998 0.3447811640625
0 0.10955647500000001 0.40494245156249997 0.1103803484375 0.4046346234375 0.11118814375 0.405433115625 0.111472303125 0.4065834703125 0.1117374234375 0.407102978125 0.112548559375 0.40681973281249995 0.11297958125 0.40458593593750003 0.11325864062499999 0.40315030468749996 0.11359106562500002 0.40144012656249994 0.11401384375000001 0.3988720515625 0.11514358124999999 0.39585244999999997 0.11596152500000001 0.393372328125 0.11557181406249999 0.392593025 0.11339895156249999 0.390964121875 0.1125679296875 0.3921030421875 0.11236909843750001 0.393584509375 0.11186508749999999 0.395014615625 0.11119746875 0.3963938171875 0.1107911953125 0.3978779390625 0.1105544734375 0.3990957703125 0.11027031406250001 0.40072141875 0.109860378125 0.40152833593750004 0.10933218125 0.40250964375000003 0.108486959375 0.4041392453125 0.108751309375 0.4053096265625 0.1092335234375 0.40551478124999996 0.10955647500000001 0.40494245156249997
0 0.1133684390625 0.413591209375 0.1123210921875 0.4164899375 0.1130279578125 0.418004196875 0.11371643125 0.41974409375 0.11404917187500001 0.4189985734375 0.11496294375 0.418031728125 0.1157081453125 0.41598315625 0.115993321875 0.41426220156250004 0.1163508703125 0.4116448359375 0.11660161250000001 0.409110175 0.1160137171875 0.40925217031249994 0.11500648124999999 0.4103886734375 0.11402634062499999 0.4121719171875 0.1133684390625 0.413591209375
0 0.1211561921875 0.41936768906250005 0.1207213921875 0.4197702453125 0.1202823671875 0.4214310515625 0.11959992500000001 0.42352524999999996 0.11900016718749999 0.425439734375 0.11825142656250001 0.4274573765625 0.11849769375000001 0.4283440953125 0.11968179375000002 0.42806649375 0.120022065625 0.42718395625000005 0.120542953125 0.425814434375 0.12102554218749999 0.42450272968749997 0.1216667015625 0.4224243828125 0.12224656406250001 0.42051398906250004 0.12183035 0.41970725 0.1211561921875 0.41936768906250005
0 0.11772398749999999 0.3993481015625 0.1168776546875 0.3981664671875 0.1158778921875 0.4023271453125 0.11682933437500001 0.4028861484375 0.117608090625 0.40120542343750004 0.11772398749999999 0.3993481015625
0 0.1149204703125 0.40224928125000003 0.1148004609375 0.4030632109375 0.11554684687500001 0.402932921875 0.115840078125 0.4019648375 0.11589903593749999 0.40045777187500003 0.11513379531250001 0.4008979703125 0.1149204703125 0.40224928125000003
0 0.1319531953125 0.4117838296875 0.13235582343750002 0.41268502500000004 0.13291316250000001 0.41238905625 0.1332984140625 0.411324253125 0.1333853484375 0.41028741718750006 0.13299489375 0.4098804359375 0.13241529531250001 0.4098569125 0.13180800937499998 0.41060636875 0.1319531953125 0.4117838296875
0 0.10281040625 0.40048904375000005 0.101641134375 0.40560365625 0.1023454 0.4057310015625 0.1024084875 0.4055538453125 0.1027947671875 0.4045656453125 0.103143915625 0.403228003125 0.1033144515625 0.40235067343750003 0.103528634375 0.4011014015625 0.10281040625 0.40048904375000005
0 0.0979340515625 0.3960632140625 0.09757881562500001 0.396785259375 0.09787615468750001 0.3974829390625 0.098279434375 0.39788126875 0.098431625 0.397294846875 0.0988043515625 0.3962371578125 0.0988470765625 0.3947317140625 0.0984077875 0.3948707609375 0.0979340515625 0.3960632140625
0 0.0943050078125 0.3980032796875 0.09365165156250001 0.4012826140625 0.09448684375000001 0.40142426562500005 0.095189225 0.39865426875 0.0943050078125 0.3980032796875
0 0.085002446875 0.44200386875 0.083440409375 0.4472474703125 0.084914725 0.44686074062500003 0.0852092390625 0.44595975781249997 0.08550605 0.4449732671875 0.08615974843749999 0.44311701875000004 0.085002446875 0.44200386875
0 0.105591375 0.43256366562500004 0.10700825624999999 0.43419206250000003 0.10805663437499999 0.42938821718750003 0.10674487343750001 0.4279887734375 0.105591375 0.43256366562500004
0 0.1780519140625 0.5495023437500001 0.17824155625 0.5482483015625 0.17800104218749999 0.5439499999999999 0.1766499 0.543711240625 0.1758686453125 0.544929871875 0.1739501546875 0.54846150625 0.17384408125 0.5500389984375 0.1732248296875 0.5522584937499999 0.173321559375 0.554618753125 0.1747518734375 0.5550479937499999 0.175670490625 0.55390063125 0.1780519140625 0.5495023437500001
0 0.18357964531249998 0.3552410828125 0.18258853125000002 0.35459955781249997 0.1814622953125 0.356340078125 0.18205628125 0.3582303328125 0.182386703125 0.362721203125 0.1833388625 0.362449453125 0.18403444375 0.36131126406249997 0.18457155 0.3590312328125 0.1846476703125 0.3567316328125 0.18357964531249998 0.3552410828125
0 0.50368325 0.27004188125 0.5028460296875 0.27292415000000003 0.5010870734374999 0.2740546078125 0.5000775125 0.276177540625 0.49969023281249997 0.279586590625 0.50032555 0.28294291718750003 0.49946714375 0.28700691875 0.50389368125 0.2901355859375 0.5048608328124999 0.28980308125 0.5065577609374999 0.2887624390625 0.50894744375 0.2883833203125 0.51035839375 0.28778212187499996 0.51209579375 0.286009184375 0.5137121609374999 0.285030878125 0.5154555203125 0.2845293109375 0.5165219375000001 0.28345683906249997 0.51775958125 0.28163451093749997 0.518754046875 0.280006859375 0.5205310328125 0.27830051093749997 0.5215696953125 0.2755529046875 0.5219085812500001 0.272204484375 0.5211663734374999 0.270331578125 0.518420790625 0.26825071562499997 0.5168110296874999 0.2679012 0.51475064375 0.2683140828125 0.5131872625 0.26906074375 0.511398015625 0.2688402890625 0.5085368421875 0.268787125 0.506136915625 0.2688586359375 0.50431495 0.269330596875 0.50368325 0.27004188125
0 0.613130940625 0.30733726875 0.612339259375 0.308724190625 0.6115879359374999 0.30964143437499997 0.6109696109375 0.311692384375 0.610904975 0.3129993765625 0.6109782515625 0.3143093 0.6110471953125 0.3158380421875 0.6108450640624999 0.3169925609375 0.6111225578124999 0.3178169046875 0.611762903125 0.319100165625 0.6117504484375 0.3202533515625 0.6118988984375 0.32118472656249997 0.6132519734375 0.3209877234375 0.614087415625 0.32106257031249996 0.614220915625 0.32206266875 0.61484608125 0.3224659265625 0.6158441859375 0.32247370468750003 0.6165633984375 0.3217953484375 0.617769565625 0.32287820312500004 0.6187602984375 0.32288295625 0.6201735187499999 0.3224748 0.6216497640624999 0.3215950046875 0.624150921875 0.3195041453125 0.6255050984375 0.316451765625 0.6257466828125 0.3132436078125 0.62508101875 0.311754865625 0.6247591 0.309742403125 0.6239731640625 0.306923459375 0.62337379375 0.305453971875 0.619922221875 0.30502340625 0.6177080140625 0.3051548953125 0.6154683890625 0.30489305624999996 0.6138386890625 0.30589901406250003 0.613130940625 0.30733726875
0 0.63932195 0.2953711484375 0.6390872015625 0.29406485625 0.6384996125 0.29364025 0.637379103125 0.2936070875 0.6365039328125001 0.293892209375 0.63523878125 0.29527464531250003 0.6348091140625 0.29600291562500003 0.6346364921875 0.29689098125 0.63473930625 0.29771320625 0.6352340796875 0.2991639546875 0.63479513125 0.299309434375 0.6359180109375 0.2997807875 0.6371750453125 0.29944732812499997 0.6379756390625 0.2988580109375 0.6386948343750001 0.2978931375 0.6391570859375 0.2970136171875 0.63932195 0.2953711484375
0 0.6332175546875 0.3088747859375 0.632583675 0.308106915625 0.6317735812499999 0.308016303125 0.6310027359375 0.308100453125 0.6304773890625001 0.3089852171875 0.63028628125 0.309968378125 0.63072995 0.31035545781249996 0.6316658640624999 0.31059309218750003 0.631772490625 0.310363915625 0.63264913125 0.3097273015625 0.6332175546875 0.3088747859375
0 0.650813146875 0.29936527968750004 0.6504253656250001 0.3001892390625 0.65046540625 0.3007366234375 0.6507658015625 0.3012629875 0.6516945187500001 0.301529465625 0.6524595265625 0.301442590625 0.653291334375 0.3012986625 0.6542076921875 0.30013016718749996 0.6550445421875 0.30091839062500003 0.6549207109374999 0.3005727875 0.6533094328125 0.29773348906249997 0.6529286078125 0.296670990625 0.652611778125 0.296335625 0.6517743765625 0.2976547640625 0.6512568765625 0.2986874953125 0.650813146875 0.29936527968750004
0 0.652748178125 0.28427601875 0.652751265625 0.2853001109375 0.6529298203125 0.2866416421875 0.6533788765625 0.28734493437499997 0.6539505250000001 0.2869753453125 0.6547415671875 0.2869428734375 0.656151740625 0.28619826718749997 0.65659876875 0.28579012812500004 0.65688079375 0.2847896203125 0.656785925 0.28362353281249997 0.6557379859375 0.28312695312499997 0.653870440625 0.28304726874999997 0.65328993125 0.283421503125 0.652748178125 0.28427601875
0 0.659620909375 0.26387985 0.6601341421875 0.2627380515625 0.659495728125 0.262378378125 0.658990859375 0.2623470953125 0.6572659671875 0.263146725 0.6566195671874999 0.2638599265625 0.6561299421875 0.2650604328125 0.6587172546875 0.2665470546875 0.658945378125 0.2661186484375 0.6590986203125 0.2653302796875 0.659620909375 0.26387985
0 0.641318203125 0.2650878484375 0.6404282578125 0.2648511921875 0.6394039031250001 0.2654288484375 0.6389659812499999 0.26701028125000004 0.639072275 0.26762625624999997 0.6399467343749999 0.2682291875 0.6403507109375 0.2681899234375 0.641130575 0.26722410937499996 0.6413467265625 0.26611210937499996 0.641318203125 0.2650878484375
0 0.6448714140625 0.27835967500000003 0.64545166875 0.277994940625 0.6464954078125 0.276695215625 0.64680350625 0.275699778125 0.647005734375 0.2747331046875 0.645980646875 0.2744956453125 0.645133084375 0.274786134375 0.6438591125 0.275444203125 0.643522234375 0.27610455625 0.644095765625 0.2765359796875 0.6444850453125001 0.2779152875 0.6448714140625 0.27835967500000003
0 0.6698272000000001 0.2735916734375 0.6695951703125 0.2728446125 0.66735425 0.275062459375 0.66794264375 0.2754092265625 0.6682879421875 0.2751723234375 0.669179096875 0.2750096875 0.669607715625 0.27454066718750003 0.6698272000000001 0.2735916734375
0 0.600458275 0.24553211406250003 0.60199083125 0.2465080953125 0.60279396875 0.2457091625 0.6030717234375 0.24454228437499997 0.6032914421875 0.24256029375 0.6031131671875001 0.24093071250000003 0.6019665765625 0.24077787499999997 0.6011082453125 0.2412302203125 0.60052071875 0.24183707812500002 0.600152665625 0.2426823796875 0.599984903125 0.24361914218749997 0.600089996875 0.2448063203125 0.600458275 0.24553211406250003
0 0.59781716875 0.24429767343750003 0.5973470734374999 0.24508653125 0.5974945453125 0.2460638765625 0.5980224359374999 0.247008521875 0.59841706875 0.24745133125000002 0.599140890625 0.2462088015625 0.5992542953125 0.2453633453125 0.599216925 0.24457294218749998 0.598374671875 0.2439189671875 0.59781716875 0.24429767343750003
0 0.5751804140625 0.2478053234375 0.5757252609375 0.24876918125 0.5763844671875 0.24776081093750002 0.5768619875 0.24647518124999998 0.57710635 0.2454800875 0.577308675 0.2447012578125 0.5774671437500001 0.24368946875000003 0.576704871875 0.243205440625 0.57611376875 0.243830703125 0.5754039546875 0.24494384062500002 0.57488780625 0.24577309062500002 0.5748691953125 0.24658126249999998 0.5751804140625 0.2478053234375
0 0.5860383890625 0.23342223906249998 0.5870335734375 0.2337398390625 0.5874038421875001 0.2335873765625 0.587861128125 0.2330363828125 0.5880467046875 0.23148389374999997 0.5879698890625 0.23082271406250002 0.5878994468750001 0.2298667078125 0.5871113765625 0.22971193125 0.5864463843750001 0.2301604734375 0.585870615625 0.2307314140625 0.5852236671875 0.2321926296875 0.5854005828125 0.233231409375 0.5860383890625 0.23342223906249998
0 0.5565858234375 0.2683583625 0.5579496625 0.2693015484375 0.558520353125 0.2692644484375 0.5597856390625 0.268020521875 0.560941128125 0.2673824 0.561594415625 0.26782932656249997 0.561789584375 0.267766984375 0.5626657578125001 0.26715734062499996 0.5638440015625 0.2665904953125 0.564261075 0.2668195984375 0.5645206484374999 0.2672202375 0.565777 0.2682332609375 0.5664651234375 0.2684354625 0.5670568484375 0.2682082578125 0.5683868109375 0.26770433125 0.56920789375 0.2670505515625 0.569746759375 0.26634191406249996 0.5707431890625 0.2654739078125 0.5713907875 0.2655488515625 0.5723498578124999 0.2647420265625 0.5728494046875 0.2634495359375 0.57256735 0.2625749609375 0.5717803531250001 0.2618823828125 0.5714399125 0.26143100625 0.5710550859375 0.2597421734375 0.5708631296875 0.25869887812500003 0.5700857140625 0.2572282078125 0.569484146875 0.257448725 0.5694033671875001 0.25951025 0.5690712734375001 0.2603752765625 0.5684246921875 0.260205025 0.567529346875 0.25942294062500004 0.56639024375 0.25980479375 0.5663002671874999 0.26124215781250004 0.5661097125000001 0.262214284375 0.5655816234375 0.262875671875 0.5650472421875 0.2637332125 0.56457884375 0.2630229765625 0.5624715859375 0.2619655265625 0.5619180796875 0.26155391250000004 0.56096106875 0.2612118984375 0.5593743265625 0.2610387640625 0.5572152890625001 0.2617953890625 0.5565478390624999 0.26314915625 0.5559799390625 0.264891559375 0.5558161421875 0.2658816203125 0.55596208125 0.26685866874999997 0.5559876921875 0.267627684375 0.5565858234375 0.2683583625
0 0.55331595 0.2897907140625 0.55332740625 0.288339678125 0.5531565234375 0.2877366171875 0.552344184375 0.28717441093749996 0.5502501625 0.287260815625 0.5486123546874999 0.2880710046875 0.548730753125 0.2894517765625 0.5490732375 0.290564125 0.5493886703124999 0.29171737656249996 0.5496971046875 0.2933897671875 0.5497003828125 0.2947322453125 0.5490759125 0.2959304171875 0.5487983015625 0.2966707359375 0.5501903640625 0.2965433890625 0.5509867234375 0.2956810609375 0.5522633156250001 0.2932980515625 0.5530696859375 0.2910576265625 0.55331595 0.2897907140625
0 0.59098404375 0.28855702031249997 0.5916764171875 0.2872224234375 0.591428259375 0.286099759375 0.590093134375 0.28649922031249997 0.5894390125 0.287031053125 0.5890279015625 0.28813062500000003 0.5888746359375 0.2892548484375 0.5890917984375 0.2900292625 0.5896025500000001 0.2901285421875 0.5901923390625 0.290279796875 0.5905131640625 0.2890878640625 0.59098404375 0.28855702031249997
0 0.58578656875 0.2888376390625 0.5862489125 0.2880886609375 0.5866599765625 0.28828316875 0.58701119375 0.288007621875 0.5873423921875001 0.28850654531250003 0.5879629921875 0.2888022703125 0.587763596875 0.28734685937500004 0.586915884375 0.2865899515625 0.5855943328125 0.2867230453125 0.58496329375 0.287103375 0.5845529046875 0.2881664765625 0.58512501875 0.2891292671875 0.58528245 0.2892283140625 0.58578656875 0.2888376390625
0 0.5627417984374999 0.253230028125 0.5638979484375 0.2563963046875 0.5646496171875001 0.2548631234375 0.565327871875 0.252561184375 0.5651672109375 0.251921909375 0.56331459375 0.2521093578125 0.5627417984374999 0.253230028125
0 0.5867743265625001 0.253113509375 0.588113259375 0.25296469374999997 0.5876429515625 0.250995015625 0.5868688671875 0.25104669999999996 0.5867743265625001 0.253113509375
0 0.601615621875 0.26115561875000004 0.6025106015625 0.26288949375000004 0.602973228125 0.2625894421875 0.60349174375 0.2614614046875 0.603505646875 0.2602925828125 0.6024355406249999 0.2602867265625 0.601615621875 0.26115561875000004
0 0.5829198437499999 0.24583812031250002 0.5829051828125 0.2450537234375 0.5823895515624999 0.244619228125 0.582006878125 0.24536777656250003 0.5819027234374999 0.24628029375 0.5821214671875 0.24644060156249997 0.582501584375 0.24640943437499999 0.5829198437499999 0.24583812031250002
0 0.61930614375 0.276559453125 0.6198089984374999 0.27502884375000003 0.6198146859375 0.273984171875 0.6183449890625 0.2739786390625 0.617366321875 0.274788021875 0.6174174453125 0.2761382078125 0.617689690625 0.2768421515625 0.6184573531249999 0.2769627171875 0.61930614375 0.276559453125
0 0.6238742140625 0.2355510796875 0.6225981828125 0.2366783125 0.621693421875 0.23936758593750002 0.62199218125 0.2395912 0.6246477890625 0.241070403125 0.62483901875 0.24067621250000001 0.6259618703125 0.2393297875 0.6259796203125 0.2376825984375 0.625412078125 0.2362622734375 0.6238742140625 0.2355510796875
0 0.525429825 0.29627804375 0.52586111875 0.2956806109375 0.5259541375000001 0.29520206875 0.52575426875 0.29433869375 0.5251753031249999 0.2942054609375 0.5246724234375 0.294655271875 0.5245233140625001 0.2961511796875 0.525429825 0.29627804375
0 0.527053853125 0.2827805609375 0.5265880562499999 0.2841942171875 0.527056509375 0.28440465625 0.5279660484375001 0.284581453125 0.5284032015625 0.28433056875 0.52900698125 0.28338623749999997 0.528969403125 0.2826706078125 0.5280210671875001 0.282062865625 0.527053853125 0.2827805609375
0 0.533284321875 0.25763075468749996 0.5332283984374999 0.25652635625000003 0.533171528125 0.25456700468750004 0.5325098234375 0.25375393281249997 0.5296322 0.252925575 0.52906796875 0.253363459375 0.5281183484375 0.2547276390625 0.52833365625 0.25651881875 0.5287114421875 0.25803914843750003 0.529128471875 0.25893995937500003 0.529340275 0.259176915625 0.530728065625 0.260242546875 0.5318178078125 0.2615558578125 0.5325398671875 0.262140309375 0.5331091953125 0.26213477812499997 0.53393525625 0.2613816875 0.534038046875 0.2597637625 0.5339536203125 0.259338271875 0.533284321875 0.25763075468749996
0 0.5221032421875 0.25222135625000003 0.523777334375 0.253926809375 0.5244702140624999 0.2538752578125 0.525463721875 0.255356096875 0.5261397125 0.2550147484375 0.5270013640625 0.25381651875 0.5273758265625 0.2518900765625 0.5273637 0.25078145625000003 0.5265161968750001 0.24927010156249998 0.525675434375 0.2486084578125 0.5231525765625 0.24838706875 0.5223603796875 0.2497356890625 0.5221356578125 0.25141586718750003 0.5221032421875 0.25222135625000003
0 0.5029330328125 0.2626663484375 0.5027582265625 0.26337730625 0.5030322109375 0.26462914843749996 0.5041002359375 0.26544002187500004 0.5056484265625001 0.26432112343749997 0.50568411875 0.262761784375 0.5053592359375 0.261051178125 0.5043484171875 0.2607321296875 0.5034133734374999 0.2615054234375 0.5029330328125 0.2626663484375
0 0.528683303125 0.2722113515625 0.5282120046875 0.27351410781249996 0.5284055125 0.27416454375 0.5294598171875 0.274251690625 0.5304890984374999 0.27271516875 0.530302353125 0.2725785890625 0.5303278390624999 0.2713419828125 0.5292632390625001 0.2715043296875 0.528683303125 0.2722113515625
0 0.5448985359375 0.26742842499999997 0.5454043875 0.266111690625 0.5452930421875 0.265128634375 0.5446362062500001 0.264478865625 0.5440121859375 0.26400420156250004 0.54419753125 0.26490136249999996 0.54313643125 0.2672403046875 0.5424455984375001 0.2686898078125 0.5432025015625 0.26846446562500004 0.5435359234375 0.2684114875 0.5448985359375 0.26742842499999997
0 0.5415740234374999 0.2444309234375 0.5407705140625 0.2474836953125 0.541384784375 0.2480822125 0.5420479078125 0.24842122031249997 0.5429001343750001 0.2457074109375 0.5415740234374999 0.2444309234375
0 0.5479259921875 0.23018590312499998 0.54852114375 0.2302522453125 0.549571475 0.2301714859375 0.5506313046875 0.2293540046875 0.5517566890625 0.228305728125 0.5524470015625 0.2267033171875 0.5511347453125001 0.22555208750000003 0.549983915625 0.225748609375 0.5492275281250001 0.22606955625 0.5470684968749999 0.2276204640625 0.546874515625 0.2296583921875 0.5479259921875 0.23018590312499998
0 0.553787546875 0.22713580156250002 0.5548431515625001 0.22757656874999999 0.55534490625 0.228221659375 0.5567320359375 0.22893857031249998 0.55740018125 0.22918623437500002 0.5580573234374999 0.2285897265625 0.5581343984375 0.22725968281250003 0.5580586015625 0.225823521875 0.557799765625 0.22425627656249997 0.55612653125 0.22333253593750002 0.5547312343749999 0.22422170000000002 0.5540920984375 0.225257846875 0.55369829375 0.22649767187499997 0.553787546875 0.22713580156250002
0 0.5239068265625 0.2307331984375 0.524152215625 0.23049438281249998 0.5249080671875 0.2297913140625 0.524968165625 0.2288352140625 0.5245135578125 0.22721877343750002 0.52383436875 0.2261189703125 0.5234012859375 0.22604593125 0.5232628984375001 0.2266350359375 0.522802496875 0.2284795125 0.522603421875 0.23014239218750002 0.5230768078125 0.2308679234375 0.5239068265625 0.2307331984375
0 0.520437528125 0.241301328125 0.52053705 0.2405518609375 0.5204576421875 0.2399777234375 0.5206135 0.2387664578125 0.5211643046875001 0.23754600781250002 0.5208379953125 0.236874534375 0.5196218140625 0.23643279687500002 0.5189917328125 0.2371603125 0.5189460890625 0.2382959046875 0.5192245265625 0.239238221875 0.5197929296875 0.24149756406249998 0.520437528125 0.241301328125
0 0.555849534375 0.24435339531250003 0.5569574484375 0.243247603125 0.5572704640625 0.24253804375 0.5557450640625 0.24152524999999997 0.5548506609375 0.24222048906250002 0.55443676875 0.24382569375 0.5551851578125 0.2444057125 0.555849534375 0.24435339531250003
0 0.47555975312500004 0.2320813484375 0.47499150312499994 0.2309267078125 0.47361111093749997 0.231681878125 0.473513746875 0.2335666796875 0.473278465625 0.2346542671875 0.4729977984375 0.236245575 0.473709265625 0.23640137968750002 0.474939996875 0.2351141265625 0.47547245781249997 0.23350490937499999 0.47555975312500004 0.2320813484375
0 0.447057578125 0.320178659375 0.44719619218749995 0.321217953125 0.4478105109375 0.3218817421875 0.4493400328125 0.322013509375 0.44989761406250006 0.3215361296875 0.4507902625 0.32000647656250003 0.45091364531250006 0.319306215625 0.45085809218749995 0.317307328125 0.4507210296875 0.315875175 0.44910376875 0.31549873281249996 0.448594575 0.31648054999999997 0.44795772500000003 0.3179962578125 0.44754945625 0.318884678125 0.447057578125 0.320178659375
0 0.49285602500000003 0.34908125 0.49256455 0.35020407656249997 0.49242054843750005 0.3509448984375 0.4930250625 0.35223233593750003 0.4934896828125 0.35247068125 0.4946560265625 0.3523663125 0.4952073125 0.3513481078125 0.49498570468749997 0.349638475 0.49372084374999997 0.348808440625 0.49285602500000003 0.34908125
0 0.47865588125 0.3726086875 0.47795828125 0.3741667046875 0.477765884375 0.37496815625 0.47776840624999994 0.37577406875 0.47791897499999997 0.3765307640625 0.478517340625 0.37758779531250003 0.47919407343750003 0.37755379843750003 0.47993088281249996 0.3775792296875 0.48072901718749994 0.37647848437500003 0.48162058593749996 0.37474965312499997 0.48177996875 0.3733401046875 0.481328909375 0.3726061796875 0.4809261859375 0.37225411875000003 0.47923037187500006 0.3720279484375 0.47865588125 0.3726086875
0 0.48021803125 0.3836438828125 0.48065567812500004 0.38382445781249996 0.48149669375000004 0.383739621875 0.48208755156249994 0.3832957703125 0.4823156828125 0.382302296875 0.4820853203125 0.3809570640625 0.4814478765625 0.3804368125 0.48115335625 0.38054351406250003 0.4809221484375 0.38068480625 0.4803710921875 0.381972059375 0.480185946875 0.3829245453125 0.48021803125 0.3836438828125
0 0.5044915375000001 0.399467778125 0.504730265625 0.4003769078125 0.5045487125 0.4015402015625 0.50392851875 0.4016026984375 0.5041656859375 0.40069375156250003 0.5043500578125 0.3996551625 0.503663078125 0.3986445765625 0.5030811703125 0.3984773453125 0.5024778109375 0.3993294375 0.5022009078125 0.40116342187500004 0.502146796875 0.40181029375 0.50115716875 0.403822496875 0.50073103125 0.404467090625 0.5005887234374999 0.405010865625 0.5008642328125 0.4061483984375 0.50058315625 0.40732418125000003 0.500127465625 0.4081699578125 0.5004953453125001 0.40865213593750005 0.5004126671875 0.40894645625 0.5003425796875 0.409585446875 0.500523340625 0.41008855625 0.50087063125 0.41039005 0.5016377109375 0.4100632234375 0.502697040625 0.40943665312500005 0.5037063046875 0.41009125625 0.5040061484375 0.40994898125 0.5046127453125 0.40907204999999996 0.5052093281250001 0.40679721406249997 0.505209346875 0.40572438125000004 0.505423278125 0.4038622390625 0.5058748671875 0.40282465468749995 0.5062276765625 0.4014272375 0.50643075 0.4003333890625 0.5069826468749999 0.39886165625 0.507791865625 0.3972043625 0.5079975812499999 0.3961460453125 0.5080484234375 0.39500828125 0.5073991015625 0.39461465156250003 0.5062032421875 0.394870865625 0.5056977546875 0.3958581796875 0.5054206875 0.39709522812500003 0.5054071078125 0.397983965625 0.5048604984375 0.3988470875 0.5044915375000001 0.399467778125
0 0.470520696875 0.3952823765625 0.4689450921875 0.3954122484375 0.4676142671875 0.39575683281249996 0.46600846406249996 0.3967053578125 0.46488604218749996 0.3981314546875 0.46420886718750004 0.3992732203125 0.4636826453125 0.40050640625 0.46346923437500004 0.4018417828125 0.46354775156250005 0.4031575015625 0.46375283749999996 0.4043052203125 0.464261075 0.40575221875 0.4651700109375 0.4058174765625 0.46510970625 0.40690565 0.4650599953125 0.4084224703125 0.46516545625 0.40865785624999995 0.466803178125 0.40851140625 0.4670665984375 0.4084336796875 0.467928665625 0.4084452578125 0.46864047031249995 0.4085501921875 0.46888290312500003 0.4094075140625 0.4689955546875 0.4094994484375 0.46952130781249996 0.4096525796875 0.470701459375 0.4096081984375 0.47123515937500005 0.409417465625 0.47232040781249995 0.40973028906250003 0.47314311875000004 0.4085276734375 0.4735184921875 0.40756282187500004 0.47409601874999996 0.40714662187500006 0.47457459375 0.40707569687499995 0.4755733953125 0.40732555625 0.475937475 0.40767169843750006 0.47672434218750004 0.4076607 0.47742407499999995 0.40683689218749997 0.47732158281250003 0.4049976046875 0.47671561718750005 0.404348175 0.4761231921875 0.40359632031250003 0.4763921390625 0.4026139640625 0.47727615312499994 0.40203767968750004 0.4781205296875 0.40121492812500004 0.4782018703125 0.399256975 0.47758988437500005 0.3984010390625 0.47612777343749996 0.397758690625 0.4750026390625 0.397323509375 0.4734634328125 0.39630803281250004 0.471963909375 0.395546990625 0.470520696875 0.3952823765625
0 0.47019065781249997 0.415618025 0.46944685937499997 0.41486699062500004 0.468343971875 0.41525906562500003 0.4677182125 0.41559585312499997 0.466808609375 0.41642661875 0.4668737 0.41695977031250003 0.46716576249999997 0.4177582953125 0.46760991875 0.418462228125 0.468106303125 0.4190776234375 0.46866381874999996 0.42028748125000004 0.46919323906250004 0.42049544531249994 0.4694606125 0.42024180156249996 0.46996803906249995 0.419613009375 0.46999567343750004 0.41933982500000005 0.4699473828125 0.41766388125000004 0.4701454046875 0.41688262500000006 0.47019065781249997 0.415618025
0 0.49011904843750004 0.43044928281250006 0.49013205624999995 0.4299647375 0.4895388703125 0.42929869062500003 0.4887967015625 0.42873579843750004 0.4881534 0.42854867499999993 0.48672934687499997 0.4287669 0.48560568281250005 0.42939688125000003 0.48569341718750003 0.43026392812500003 0.4852492234375 0.43170565937500005 0.4849858734375 0.43292945781250003 0.48487276718750005 0.43309370625000004 0.4858737265625 0.4337992234375 0.4863790265625 0.4339101765625 0.48774261250000006 0.433503515625 0.4888069640625 0.4327856 0.48949391093749994 0.4318638015625 0.49011904843750004 0.43044928281250006
0 0.5198127343750001 0.4013396546875 0.52225265625 0.3990315578125 0.5215851234375 0.397650690625 0.5207463031249999 0.39808454531250004 0.5199373828125 0.3990606296875 0.51854774375 0.40048571875 0.519258759375 0.40157738125 0.5198127343750001 0.4013396546875
0 0.47246541718749996 0.4397660484375 0.47248864218750003 0.440547334375 0.4726478796875 0.440923696875 0.473585253125 0.4413176046875 0.4742183578125 0.4412623921875 0.47508051093750003 0.44061022968749997 0.47529369531250004 0.43906310781249996 0.4754684046875 0.4381643046875 0.4754080375 0.437541340625 0.47498714375000006 0.4368323796875 0.4742191046875 0.4368120203125 0.473906846875 0.4373784703125 0.4733342953125 0.4383177296875 0.47284186874999995 0.439000375 0.47246541718749996 0.4397660484375
0 0.48801064375000003 0.47563179843750003 0.48857722812500004 0.47534558593750004 0.4894204375 0.47493009375 0.4900942828125 0.4736826265625 0.4898887515625 0.472905696875 0.48901523750000003 0.47242073749999997 0.4888829078125 0.47243003281249996 0.488026459375 0.4723240421875 0.486322175 0.47223152500000004 0.48552532812500004 0.4727770015625 0.48518508281250006 0.47343829218750005 0.48510065625000004 0.47437215312500003 0.48520210468749997 0.47448896874999996 0.48524506250000005 0.47466922812499995 0.4857542203125 0.47515340000000006 0.48664843125 0.47549912499999997 0.48713174062500003 0.4755103 0.48801064375000003 0.47563179843750003
0 0.46501434843749995 0.5053508578125 0.46574841093749997 0.50367895625 0.46560244375000004 0.50292315625 0.4652420015625 0.50285309375 0.4648169765625 0.502853246875 0.46379083593750003 0.5028177359375 0.462944034375 0.5037020937500001 0.46253120625 0.5045975874999999 0.46260710937500005 0.5049768515624999 0.4627203 0.5055082125 0.46382941562499996 0.5059275453125001 0.4644399375 0.505832925 0.46501434843749995 0.5053508578125
0 0.4797664421875 0.5212054203125 0.477981290625 0.521062165625 0.47563984843749996 0.522994653125 0.475118803125 0.5245615203125 0.47517031562499995 0.5259834109375 0.47537734531250003 0.526187603125 0.47773485156250006 0.527054934375 0.4786359359375 0.526914921875 0.47982562812499996 0.525462109375 0.4805097625 0.5238505390625 0.48085980937499995 0.5225655984375 0.48079106562499996 0.5215271515625 0.4797664421875 0.5212054203125
0 0.4408217453125 0.59908656875 0.4413081640625 0.597689653125 0.441077221875 0.5966340046874999 0.4393659625 0.596724775 0.43870654218749994 0.5976933078125 0.438138771875 0.5987799375 0.43823246875 0.59961630625 0.43830769218750004 0.60139935625 0.43929483593749996 0.6012506046875 0.440189175 0.600203578125 0.4408217453125 0.59908656875
0 0.41730066718750003 0.5947294203125 0.41744115937500004 0.5937364203125 0.4164504875 0.5933464765625 0.4153768609375 0.5935962078125 0.414786375 0.5945622234375 0.414735325 0.595774759375 0.41504367656249996 0.5968088453125 0.415420209375 0.5973611515624999 0.4159926140625 0.5967911484374999 0.4167810046875 0.5959288625 0.41730066718750003 0.5947294203125
0 0.4448303875 0.6665837546875 0.444431625 0.6682667125 0.44417999531249996 0.6695612328125 0.44424117343749997 0.670900640625 0.4437130546875 0.673142625 0.44380185625 0.6740369375 0.44476510312500006 0.67462529375 0.44707472499999995 0.6741749031250001 0.448653053125 0.6733022156249999 0.45018463437499995 0.6716054687499999 0.4503094328125 0.670373840625 0.45043809687499997 0.6689503625000001 0.4504770390625 0.6669157234374999 0.4493460265625 0.6644308234375 0.44774463593749997 0.6637025078125001 0.44607224062500006 0.6639536390624999 0.4448303875 0.6665837546875
0 0.4830148296875 0.6898232265625001 0.48098300624999996 0.691890709375 0.4819419546875 0.69463026875 0.4821948515625 0.6938533109375 0.483496840625 0.692936459375 0.4830148296875 0.6898232265625001
0 0.45972285625 0.7457199515624999 0.46198243281250007 0.7475742296875 0.46462935312500003 0.747730596875 0.4665810671875 0.747508290625 0.4682829953125 0.7467121578125 0.46893459843749996 0.7467910640625 0.47087196093749994 0.7480510671875 0.47307245 0.74793283125 0.474299978125 0.7458267984375 0.47470703593749997 0.743241340625 0.4761189578125 0.7411202140625 0.4787694671875 0.7400707359375 0.47852112656249995 0.7394239671875 0.4756023546875 0.73807029375 0.4730505421875 0.7374246484375 0.470483015625 0.7369335296874999 0.468471384375 0.736899059375 0.46703149843749997 0.73600316875 0.4641720875 0.7327636734375 0.46241091562500003 0.7332012921875 0.46090594687499997 0.7353425328125 0.460720278125 0.73744415625 0.45990657187500006 0.7395749171875 0.4588741734375 0.74098826875 0.45886790624999996 0.7443615484375 0.45972285625 0.7457199515624999
0 0.4400258015625 0.7390420078125 0.44099421406249995 0.739112459375 0.44211621093750003 0.738400975 0.4426886875 0.7369380171875 0.442723315625 0.7354087140625001 0.4424305265625 0.73526903125 0.44052879218749996 0.735553578125 0.43923886406249996 0.7365475859374999 0.43896964531249993 0.7372529265625001 0.4389003140625 0.7384284828125 0.4400258015625 0.7390420078125
0 0.38576799375 0.7928671125 0.386364065625 0.7919706265625 0.3867096046875 0.7901356578125001 0.3861856359375 0.7878196921875 0.38498001406250004 0.78729086875 0.3844135015625 0.7887231515625001 0.3839242546875 0.7912401046875 0.3840351859375 0.7924300078125001 0.38405273906250004 0.7931258296875 0.38481593593749996 0.793384009375 0.38576799375 0.7928671125
0 0.393540534375 0.804101909375 0.3927528640625 0.8056074000000001 0.39259937968749997 0.8079938343749999 0.3939677890625 0.8098388375000001 0.394551784375 0.8093156562500001 0.395247559375 0.8092328328124999 0.3969894078125 0.8070357640625 0.39752520625 0.80428750625 0.3972824234375 0.8025721656249999 0.39681089375 0.7994705203125 0.39649180156249997 0.79905671875 0.395440084375 0.8008642515625001 0.3946272234375 0.8028678359375 0.393540534375 0.804101909375
0 0.397919034375 0.7806757125 0.3981089828125 0.7788550671875 0.39804986875 0.778520453125 0.3963713921875 0.7754945906249999 0.39523434062499996 0.7759723468749999 0.39460696562500003 0.7770298796875 0.3948203875 0.7786424171874999 0.3957052359375 0.781222725 0.3965221875 0.7812780609375001 0.39729738124999997 0.781261609375 0.397919034375 0.7806757125
0 0.3518602171875 0.78674408125 0.35083279843750004 0.7873784453125 0.350481871875 0.7882175265625 0.350457025 0.7887793578125 0.35105586875 0.7893016562499999 0.3527613265625 0.7897811953125 0.3537034921875 0.7898147109375 0.3544028140625 0.7878383999999999 0.353530909375 0.7871977609374999 0.3518602171875 0.78674408125
0 0.3515610078125 0.77646691875 0.35220397187499997 0.7767049125 0.352982784375 0.77594104375 0.353084525 0.7745823703125 0.35229099062499997 0.77358768125 0.35083283125000003 0.7741287671875 0.35035502812499997 0.7749654703125 0.35083435625 0.7760534828125001 0.3515610078125 0.77646691875
0 0.3628600875 0.8271430093750001 0.36320625 0.827802425 0.36418849375 0.8283339875 0.36499565 0.82776823125 0.3659413984375 0.8258016187500001 0.364965796875 0.8245152687499999 0.3639544734375 0.8243298296875 0.3629916640625 0.8252951015625 0.362825946875 0.8255334859374999 0.362933059375 0.8263008359375 0.3628600875 0.8271430093750001
0 0.381995734375 0.868940321875 0.378981725 0.8714504015625 0.3788445625 0.8732287796874999 0.3799297640625 0.8748356812500001 0.382807340625 0.87695811875 0.3840706859375 0.8773946984375 0.3868401546875 0.8778295640625 0.388987346875 0.87771529375 0.3909466515625 0.8769134765625 0.39192292812499996 0.875322084375 0.3928341421875 0.873655965625 0.39192873125 0.872033075 0.3912581625 0.87116734375 0.38876037812500003 0.86923651875 0.3867783765625 0.868844890625 0.3840811359375 0.8686198484375 0.381995734375 0.868940321875
0 0.353726446875 0.8572216078125001 0.3546730328125 0.858468890625 0.3552338484375 0.8572296937500001 0.35566419531250004 0.8557773109375001 0.3555945328125 0.8550220171875 0.3550577703125 0.8539101062500001 0.354442909375 0.8547886140625 0.3538185859375 0.8562972046875 0.353726446875 0.8572216078125001
0 0.32901961874999996 0.8891485984375 0.329761615625 0.8883202718750001 0.33014040625 0.8874770562500001 0.33047235937499997 0.88641621875 0.33029768125 0.8836953984375 0.3297903078125 0.8817280671875001 0.32921242500000003 0.8798122906250001 0.32915804843749996 0.8761614 0.3288576828125 0.87683044375 0.327551021875 0.8793763328124999 0.32649695625 0.8817691703125 0.3254290921875 0.8842739328125001 0.325231875 0.8856570250000001 0.325276471875 0.8875566875 0.32575980000000004 0.8878543796875 0.326295940625 0.8878885578125001 0.3272318015625 0.888625990625 0.32791419843749997 0.889242525 0.32901961874999996 0.8891485984375
0 0.444222003125 0.8418916953125001 0.4489015828125 0.8452335 0.45277263437500004 0.8469043921875 0.4560739625 0.8483945046875 0.4592732796875 0.8503439046875 0.46278407968749996 0.8509037703125 0.46404524374999995 0.8498038921875001 0.4628509 0.8449588578125 0.46147619375 0.8418933546874999 0.46085505 0.8396842484375 0.459936134375 0.8366977906249999 0.45772616250000003 0.8350632656249999 0.4498474234375 0.836486071875 0.4460632453125 0.8396582359375 0.444222003125 0.8418916953125001
0 0.451302634375 0.8606084984375 0.45508933906250004 0.8610755546875 0.4561390828125 0.8597531203125 0.45613401875 0.8577974734374999 0.45530546875000005 0.8554843812499999 0.45470954218750004 0.8539152812499999 0.4529180859375 0.851020265625 0.4513769296875 0.8501540343749999 0.44923145781249996 0.8518890359375 0.44960006249999995 0.8537513984375 0.45041569687500005 0.8552629250000001 0.4510388109375 0.8576093046875 0.451302634375 0.8606084984375
0 0.561366971875 0.8038847765625 0.5601240859375001 0.8008289796874999 0.5585103171875 0.8004181984375001 0.5557892421874999 0.8019617265625 0.5542429125 0.8056341453125 0.5544632171874999 0.8076125296875001 0.5551977734375 0.8090907875 0.5563584765625 0.8094166859374999 0.5573893437499999 0.8087400140625001 0.5598393984375 0.8076818140625001 0.5612175640625 0.8060618937499999 0.561366971875 0.8038847765625
0 0.5917475578125 0.8061912296875 0.5945162328125 0.8068758453125 0.5962077046875 0.8057895734375 0.5957003671875001 0.8030359265625 0.59518246875 0.800369365625 0.59421018125 0.798279828125 0.591174703125 0.7973873593749999 0.5896587609374999 0.7998225328124999 0.5888259015624999 0.8015850609375 0.5880851171875 0.8041104234375 0.5895171609375 0.8056526296875001 0.5917475578125 0.8061912296875
0 0.5979045765625 0.817597484375 0.5996323078125 0.8186257296875 0.60054435625 0.8159808515625 0.6013014140624999 0.8134045328124999 0.60110130625 0.8121575015625 0.600255809375 0.8127731078125 0.5981015859375 0.8156094875000001 0.5979045765625 0.817597484375
0 0.59744223125 0.87556173125 0.5961132921875001 0.8788609609375 0.596042078125 0.8826338796875 0.5969095531249999 0.883985165625 0.5986959671875 0.8852683562499999 0.6000787812499999 0.8837146 0.600662853125 0.8816760921875 0.6011613140625001 0.8779734890625001 0.599621090625 0.875636665625 0.59744223125 0.87556173125
0 0.5211351859375 0.8294115640624999 0.518185725 0.8326377421875 0.517805453125 0.8343402125000001 0.5192612921875 0.835522534375 0.5198852359374999 0.8354735 0.5217700375 0.8355708640625 0.5226070984375 0.834245290625 0.5231924734375 0.83193803125 0.5211351859375 0.8294115640624999
0 0.5146726562499999 0.77608621875 0.5166450218749999 0.774300059375 0.5169771484375 0.7725914140625 0.5166614765624999 0.7709972046875 0.5138607734375 0.7718694546875 0.5119087453125 0.7745827796875 0.5107258265625 0.776721359375 0.50983844375 0.7806969578125 0.5103796125 0.782113746875 0.5123357140625 0.7825894796874999 0.5129561328125 0.7820017499999999 0.5135335765625 0.7802675703124999 0.513560740625 0.7786047015625 0.5132244499999999 0.7770510515625 0.51381903125 0.7761622359375 0.5146726562499999 0.77608621875
0 0.5083937921875 0.8226530953125 0.5056938765625001 0.8218767890625 0.5050279796875 0.8221580218750001 0.5038478125 0.8240122140624999 0.5035692187499999 0.824683896875 0.5035516234374999 0.8260764375 0.5045741921875 0.8269246359375 0.505339615625 0.8266882171875001 0.5059702859375 0.8258430265625 0.5076655890625 0.826088196875 0.5094283390625 0.82497916875 0.5092771625 0.82405363125 0.5089555765625 0.8232923453125001 0.5083937921875 0.8226530953125
0 0.48141145781250005 0.7452640171875 0.48105633125 0.747082796875 0.4819687 0.7482358828125 0.48263436562499995 0.748365275 0.48399069531250005 0.7477502765625 0.48447489375 0.74628289375 0.4841729109375 0.744896678125 0.48268654062499994 0.7439615093749999 0.48141145781250005 0.7452640171875
0 0.602490346875 0.805183471875 0.60520473125 0.8035924828125 0.604464975 0.7993403953125 0.602525809375 0.802675409375 0.602490346875 0.805183471875
0 0.5391679296875 0.6583151 0.5374140046875 0.6615651484375 0.5358046843750001 0.6635062390625001 0.5334831953125 0.666351490625 0.534043165625 0.66727849375 0.5359573734375 0.66890328125 0.5386590671875 0.67017815 0.5397346703125 0.6715969515625 0.54090313125 0.670580925 0.5413723796875 0.6685025890625 0.5416182234375 0.666648240625 0.54235373125 0.6628643750000001 0.5425721609374999 0.660700675 0.5422145015625001 0.6587656281250001 0.5414973375 0.657443559375 0.5391679296875 0.6583151
0 0.5234874421875 0.589513734375 0.5250291296875 0.5900251109375 0.526148875 0.5887274265625 0.5272313421875 0.5874495546875 0.5281179953125 0.5854348453125 0.5272259499999999 0.5836203609374999 0.52674001875 0.5825581234375 0.5259952718750001 0.5823114875 0.524676384375 0.584183284375 0.523811121875 0.5862435374999999 0.5232268875 0.5897814375 0.5234874421875 0.589513734375
0 0.6754069703125001 0.43399878750000004 0.6736327125 0.4343399484375 0.6718111906249999 0.43648014375 0.67036583125 0.43938745937499996 0.6700131328125 0.4412019359375 0.6696798125 0.442916715625 0.6693518843749999 0.44432533750000003 0.6684836453125 0.4457785578125 0.6683015359375 0.44757525625000005 0.66897646875 0.4487379015625 0.6697093640625 0.4502492625 0.6702776265625 0.4502164640625 0.671237109375 0.44988246875 0.6735067406249999 0.4510462921875 0.6769308390625 0.4529693484375 0.6791856609375 0.45439770625 0.6810063515625 0.45465292343749997 0.682576628125 0.4551809984375 0.6851967578125 0.4561630484375 0.6867646109375001 0.45607305625 0.688754828125 0.45498118437499996 0.6905891703125 0.453454709375 0.6932372671875 0.4512793984375 0.69439205625 0.44966221875 0.6952460703125001 0.4455225515625 0.6962011046875001 0.44215700937499997 0.6947201781250001 0.43967890625 0.6965277453125001 0.4413036578125 0.6991682375 0.43947864374999995 0.700556384375 0.43732424375 0.6993368249999999 0.436031859375 0.698277565625 0.4343488203125 0.6957563109375 0.435953475 0.6937340421875 0.43616206562500004 0.6951675046875 0.4330948546875 0.6935753124999999 0.4302146953125 0.6928453218749999 0.4288439734375 0.6914569375 0.42851838750000004 0.68857188125 0.42875187031250006 0.6876008765625 0.4301851140625 0.68567886875 0.431933309375 0.684309284375 0.4324772875 0.68116819375 0.4337577140625 0.6789205296875 0.4343888734375 0.6778796921875 0.4343552796875 0.6754069703125001 0.43399878750000004
0 0.6639492234375 0.46043417656249996 0.6622362500000001 0.46173752187500006 0.6623390765625 0.462788959375 0.6627541875 0.46435474687499995 0.663458884375 0.4645617625 0.664525559375 0.46557611874999993 0.665096575 0.46667558593749997 0.665936784375 0.46666858906249997 0.66776866875 0.46604734062500003 0.6687510859375 0.46525142031250005 0.6689606968749999 0.4637800078125 0.669195734375 0.46219415625 0.6689592625 0.4605691796875 0.6685962828124999 0.4600863609375 0.6658083046875001 0.45934546562499995 0.664999525 0.45983768593749996 0.6639492234375 0.46043417656249996
0 0.6794263359375 0.5116358796875 0.6793321109375 0.5105319953125 0.678116209375 0.5098022062500001 0.6771012875 0.5099710265625 0.67587581875 0.5116078953125001 0.6759572953124999 0.5132441296875 0.6760919609375 0.5151963171875 0.6772732312499999 0.5167184296875 0.67877834375 0.51828598125 0.6792612421875 0.517824328125 0.6800766171875 0.5165120484375 0.680308271875 0.5153202921875 0.6811748796875 0.5136789296875001 0.6806053484375 0.5124571859375 0.6796547140625 0.5118776484375 0.6794263359375 0.5116358796875
0 0.6620557828125 0.5466586390625 0.6634763796875001 0.5470477890625001 0.6644835921875 0.5476064890625 0.6656768015625001 0.5465204609375001 0.666657278125 0.54394936875 0.666248615625 0.5419327796875 0.6648928453125 0.5398753484375 0.6644051796875 0.5396818671875 0.66382930625 0.53995035625 0.662675375 0.541669575 0.661894875 0.54336746875 0.6616852828125 0.544445725 0.6620557828125 0.5466586390625
0 0.57452738125 0.5162041484375 0.5732728671875 0.515984171875 0.5730203203124999 0.51552281875 0.5737552703125 0.514411384375 0.57401070625 0.5133675078125 0.5731759249999999 0.5129617046875 0.5718558890625001 0.5134882546874999 0.5707787578125 0.5142227859374999 0.5696802265625001 0.5154768421875 0.568776875 0.516840465625 0.5684795515625 0.5184683296875 0.56845308125 0.5196362999999999 0.569841778125 0.519509890625 0.5712870609375 0.5208939046875 0.5722133109375 0.5212140234375 0.5728825718749999 0.520931853125 0.5737396515625 0.5195114828125 0.5743442625 0.5175310875 0.57452738125 0.5162041484375
0 0.5923172343750001 0.5209100734375001 0.5913239453125 0.520206046875 0.589734028125 0.5196725625 0.588964734375 0.520723203125 0.5885502140625001 0.5218157437500001 0.589283046875 0.5222956421875 0.589888115625 0.5228923703125 0.5906281843750001 0.5246534390625001 0.5927358828125 0.523186465625 0.5925124671875001 0.52187919375 0.5923172343750001 0.5209100734375001
0 0.5758258328125 0.493899925 0.5761768453125 0.49375645312499994 0.5768573140625 0.4935067046875 0.5771716687499999 0.49168477499999996 0.577194525 0.4906418484375 0.5783397734375 0.48907375000000003 0.5793509359375 0.48871955624999996 0.579974359375 0.48783793906249995 0.579289625 0.48661926875 0.5791326265625 0.48524054375 0.57892534375 0.483006828125 0.5763882234375 0.482981634375 0.5747754953124999 0.4835563453125 0.5728663765625 0.48428832968749996 0.5718351562499999 0.4847866578125 0.570732415625 0.48616882656250004 0.5714321796874999 0.487899775 0.57191931875 0.488505415625 0.5713304140625 0.491633328125 0.57213535625 0.492471059375 0.5745062515625 0.49349061718750004 0.5758258328125 0.493899925
0 0.551416834375 0.45586077031250005 0.5515259859375 0.4579114625 0.5527867921875 0.458614959375 0.5531784734375 0.45817218593750003 0.5541955953125 0.4563706640625 0.5540426984375 0.45518374531249994 0.553353875 0.4546821578125 0.55221894375 0.45498523437499994 0.551416834375 0.45586077031250005
0 0.5532525328125 0.4438783875 0.5546909999999999 0.4438889921875 0.5554315859375001 0.4436493375 0.5558369562500001 0.443414559375 0.5565180468750001 0.44220351718749995 0.556578375 0.44151646875 0.5564923578125 0.44085349999999995 0.5557715546875001 0.4406147015625 0.554709025 0.4404797953125 0.5532772703125 0.44086047187500005 0.5525320687499999 0.44154969375 0.5526029171875 0.442863921875 0.5532525328125 0.4438783875
0 0.6837061890625 0.42726010625 0.68477710625 0.42662305624999997 0.68522951875 0.42579415000000004 0.6847305390625 0.42384914218749997 0.6851878124999999 0.42102990937499996 0.685376496875 0.41806933125 0.6851118828125 0.415377190625 0.68280964375 0.413283815625 0.6811792328124999 0.41381847968749996 0.6792504890625 0.414151896875 0.6776219734375 0.4150371125 0.6754189828125 0.4160526078125 0.6744537375 0.41758724999999997 0.6741679953124999 0.4184103515625 0.673657015625 0.419458675 0.6735210687500001 0.422311715625 0.6737379359375 0.4238246421875 0.6738836328125 0.4263997546875 0.6744447203124999 0.426796925 0.6758208515625 0.42463064062500006 0.67799569375 0.42520937812500004 0.6776168515625 0.42796904375 0.678124159375 0.42816793437499995 0.6793588734375 0.427900171875 0.680727584375 0.42770461718749997 0.6826782203125 0.427283134375 0.6837061890625 0.42726010625
0 0.57786004375 0.3656632515625 0.5813112921875 0.36501455 0.583504078125 0.3650014640625 0.5843329328125 0.3646516265625 0.58619013125 0.3627619015625 0.58761921875 0.3612648921875 0.58725399375 0.3589511328125 0.586901625 0.357824128125 0.5859500703125 0.3547517390625 0.5842115375 0.35268994375 0.583328396875 0.35155845625 0.5817849421875 0.3514001046875 0.5805312875 0.351282165625 0.5780987671875 0.35133301562499997 0.57669016875 0.3527655625 0.5750780796875 0.3553841984375 0.5752977734375 0.3571364359375 0.5757718640625 0.35963530781249997 0.5763875515625 0.36247846093749997 0.577792184375 0.36444829375 0.57753986875 0.3656726453125 0.57786004375 0.3656632515625
0 0.621747075 0.35470947812500003 0.6211289359375 0.3535658328125 0.620082509375 0.3527257296875 0.6188283953125 0.3527493671875 0.6178433828125 0.353632328125 0.617208384375 0.3547536421875 0.6164357859375 0.35609970468749996 0.6158797703125 0.3570931125 0.6153716953125 0.35828207500000003 0.6156385671875 0.35957869374999996 0.6164634953125 0.360485571875 0.6182289046875 0.36173761875 0.6195908218749999 0.361249453125 0.6215587515625 0.3593796609375 0.622650775 0.3576022484375 0.6230167484375 0.3562026140625 0.621844709375 0.35514071875000003 0.621747075 0.35470947812500003
0 0.6575953390625 0.34992423125 0.6564369578125 0.34719525 0.65413486875 0.3426935953125 0.6513576828125001 0.3428716421875 0.648872215625 0.3451438265625 0.6476334375 0.3465297953125 0.646717865625 0.3493729578125 0.6464387015625 0.3511858109375 0.6464593843750001 0.35217671250000004 0.6493432546875 0.353423321875 0.6504109140625001 0.3538266390625 0.6515296640625 0.3564237609375 0.652186925 0.35703859375 0.6529629703125 0.35632989843749996 0.6546196140625 0.3556029578125 0.6566258640625 0.35333949531250003 0.6573164390625 0.351842190625 0.6575953390625 0.34992423125
0 0.6510356765624999 0.3711500671875 0.6523372265625 0.3720779625 0.6536976296875 0.3718760171875 0.655707503125 0.37033909375 0.6563028234375 0.36902065 0.6563367078125 0.367863671875 0.6563969875 0.3663743734375 0.655759246875 0.36585565625 0.654927496875 0.364877415625 0.6537184093749999 0.3641043828125 0.6519643 0.3643746484375 0.651104440625 0.365620978125 0.6506551843749999 0.36720339218750003 0.6509215359375 0.3690267765625 0.6510356765624999 0.3711500671875
0 0.6720581609375 0.3866826609375 0.6726840109375 0.38919511406249996 0.6728648640625 0.390508440625 0.6734460875 0.39134247968749997 0.6752321171875 0.39051494062500003 0.6769858109375 0.3890348671875 0.6777708375 0.3874938453125 0.67771223125 0.385723575 0.6774554359375 0.384759996875 0.6765534484375 0.3833733515625 0.6745251453125001 0.383146221875 0.6725422703125 0.384462365625 0.6720581609375 0.3866826609375
0 0.6566224546874999 0.378144584375 0.6564073875 0.3767943640625 0.6551724453125 0.37543372812500003 0.65426373125 0.3762025875 0.653461409375 0.3777752671875 0.6530590875 0.37908347343750004 0.653080778125 0.3805441359375 0.6539028874999999 0.38132631093749997 0.6549880296875 0.381279378125 0.6562391171875 0.3798464578125 0.6566224546874999 0.378144584375
0 0.6576342578125 0.3792119421875 0.6588068296875 0.3799189828125 0.6597243609375 0.3804968609375 0.6602522046875 0.380016884375 0.6612190703125 0.3778187984375 0.6611735140625 0.376251625 0.660369875 0.3758248171875 0.6590643625 0.3769399515625 0.6576342578125 0.3792119421875
0 0.7022595203125 0.3829916 0.70234030625 0.385180034375 0.7040972125 0.3867296765625 0.7057867546875001 0.38681614531249997 0.7073102828125 0.38510350781249997 0.7086255859375 0.382455834375 0.7089734546875001 0.3796917390625 0.7078028421875 0.3782703859375 0.7055727109375 0.3778941953125 0.7035796234375 0.37873878906249997 0.7028556328125 0.380006753125 0.7022595203125 0.3829916
0 0.7081857328125001 0.296271265625 0.7095533046875 0.297621071875 0.7102833703125 0.29883581875 0.710316171875 0.3001410578125 0.7113009984375 0.30177301875 0.71295783125 0.3034034875 0.7153554468750001 0.3038679453125 0.7168401265625 0.3022814625 0.717490846875 0.30253688125 0.719699109375 0.30204291250000004 0.7209603078125 0.30083639375 0.72250866875 0.299012384375 0.7235694859375 0.2976411671875 0.7233987546875 0.29395015 0.7229468796875 0.2910831296875 0.7229255125 0.29070173125 0.722609978125 0.2872070046875 0.7219836671875 0.2855158015625 0.7205447484375 0.2844020296875 0.719265828125 0.2835788125 0.7163970859375001 0.28240995625 0.7130923515625 0.2830091421875 0.7112783140625 0.285626725 0.7101642609375001 0.2880333703125 0.7091232859375001 0.28990029375000004 0.7080633171875 0.2926182921875 0.7080142765625 0.2946557421875 0.7081857328125001 0.296271265625
0 0.701183721875 0.2881230125 0.7006395296875 0.2901692703125 0.70070825 0.2915435703125 0.7027464796875 0.292472996875 0.7039275 0.2927025640625 0.7028148953125 0.2944138984375 0.7025156859374999 0.2965427953125 0.7031719046875 0.297531484375 0.7040972046875 0.29835600156250003 0.7063070031249999 0.292367628125 0.7077941812499999 0.289146909375 0.7085089375 0.2866817484375 0.7076531875 0.2840991390625 0.7044846 0.2823355796875 0.70294775 0.2828884296875 0.7015665328125 0.286153621875 0.701183721875 0.2881230125
0 0.710173825 0.342824678125 0.7109536859375 0.341801559375 0.7119048718750001 0.340273734375 0.712262596875 0.3384252171875 0.7121337015625 0.3368036421875 0.7112284375 0.33617084531249997 0.7092133031250001 0.33667847812499996 0.7080375437499999 0.3381578765625 0.7071997328124999 0.3397411671875 0.707505028125 0.34094656562500003 0.7090352875 0.34268773124999996 0.710173825 0.342824678125
0 0.6923817359375 0.25369535625 0.693628840625 0.25260229375 0.6940206515625 0.251503746875 0.6929952562499999 0.25041623749999997 0.6916936734375 0.250331959375 0.6910291609375 0.24956609375 0.6898661125000001 0.2485234546875 0.6888598171875 0.249720628125 0.688802846875 0.2516514828125 0.6901940125 0.2535677609375 0.690885353125 0.2541382828125 0.6923817359375 0.25369535625
0 0.6960146453125 0.26946420312499997 0.7002624859375 0.2689592015625 0.701189434375 0.2668027 0.697574403125 0.2624962984375 0.6960146453125 0.26946420312499997
0 0.7263704671875 0.2833378265625 0.7277633015625 0.283296584375 0.729055021875 0.28303035312499997 0.7291876937499999 0.2823478140625 0.729703078125 0.2801877171875 0.7302079390625 0.27732839062500003 0.729769303125 0.2735661984375 0.7289097375 0.2712980125 0.7257704734375 0.271103246875 0.7246970390625 0.27376769218749997 0.723326225 0.27714314375 0.7227822609375 0.279458453125 0.7248711578125 0.2832962953125 0.7263704671875 0.2833378265625
0 0.72153904375 0.2641620734375 0.7188771671875 0.263959821875 0.7180961015625 0.2661765140625 0.717250840625 0.26785545312500003 0.7164690499999999 0.2686919625 0.7149859859375 0.2702373734375 0.7150749984375 0.27179389375 0.7162436515625 0.2731925796875 0.7179125171875 0.27444177812500004 0.7202289375 0.27575795468750003 0.7213706078125 0.2748879359375 0.7222295125 0.27335172343749997 0.722250434375 0.27064823125 0.722067628125 0.26874717187499997 0.7218424234375 0.26744910312500003 0.72164824375 0.2649186859375 0.72153904375 0.2641620734375
0 0.720142353125 0.263150421875 0.721223365625 0.2617735796875 0.7215054046875 0.2603226125 0.7205586640625 0.258650303125 0.7190125218750001 0.25844845156249996 0.7181362625000001 0.2590421625 0.7169394 0.260982246875 0.7175394921875 0.262415265625 0.7183091109374999 0.26386054531249997 0.71906150625 0.2637648515625 0.720142353125 0.263150421875
0 0.7006833359375 0.2599728359375 0.701059446875 0.258521053125 0.70004515 0.25778588281250003 0.6982033624999999 0.258785634375 0.69867586875 0.26048195937499996 0.6994559437500001 0.2615377015625 0.70030914375 0.2607596421875 0.7006833359375 0.2599728359375
0 0.685668575 0.3322546546875 0.685992434375 0.3332662859375 0.6874167812499999 0.3336689 0.6877581203124999 0.3334933046875 0.688117571875 0.33202077343749997 0.6879161140625001 0.3309772234375 0.6871151734375001 0.33008614999999997 0.6858365281250001 0.330956603125 0.685668575 0.3322546546875
0 0.719590315625 0.3616357921875 0.7198974890625001 0.3601292234375 0.7194677875 0.357565759375 0.7183046390625 0.3569576484375 0.7165123437500001 0.3563434390625 0.714308346875 0.3569464765625 0.7133503546875 0.357952478125 0.712661528125 0.3608492671875 0.7128642203125 0.36257432343749996 0.713689253125 0.363103978125 0.7179333015625 0.362577546875 0.719590315625 0.3616357921875
0 0.7164917421875 0.353214840625 0.7163977218750001 0.35265855468749996 0.7150658375 0.3503717796875 0.712889559375 0.3527565921875 0.71281323125 0.3544512890625 0.713205334375 0.3566922796875 0.7141857078125 0.3565947390625 0.7144108671875 0.3564681890625 0.716528678125 0.35454794375 0.7164917421875 0.353214840625
0 0.6782328718749999 0.3989805484375 0.67957254375 0.3997614546875 0.6821642578125 0.4007586734375 0.6830505890625 0.40180005156250004 0.6842855078125 0.4007205390625 0.6848274875 0.40007776875 0.6851007359375 0.39977751562499997 0.6859875765625 0.40012021718749996 0.6872204703125 0.3993459265625 0.687903421875 0.3979124015625 0.6880727609374999 0.396983903125 0.68679154375 0.3955092171875 0.6872745890624999 0.39399863281249997 0.68767336875 0.3926021921875 0.6878752609375 0.3903270390625 0.6859713968750001 0.3899346796875 0.684952590625 0.3913681828125 0.684533803125 0.39167198124999997 0.68353966875 0.39177480625 0.682023578125 0.39180323125 0.6812724703125 0.3934399859375 0.6831530609375001 0.3943451359375 0.6832478578125001 0.3950448296875 0.6821502109375001 0.3961223734375 0.681350828125 0.3949530484375 0.6798989140625 0.3938160578125 0.677890265625 0.395182903125 0.6768118453125 0.39715237812500004 0.6782328718749999 0.3989805484375
0 0.7212961625000001 0.39391051093749996 0.721637425 0.395929915625 0.722379890625 0.3971709484375 0.7228791671875 0.3970180953125 0.7257523406249999 0.39753360625 0.72617988125 0.3975450828125 0.72748004375 0.3960070953125 0.727522384375 0.39448725156250003 0.7270304359375 0.3925961375 0.725765534375 0.3897191125 0.724050503125 0.388772921875 0.722431728125 0.390779028125 0.7218206640625 0.39241594375 0.7212961625000001 0.39391051093749996
0 0.7527009609374999 0.373350075 0.75206711875 0.37111621562499997 0.749402171875 0.368817040625 0.7485173515625 0.3701508390625 0.747962921875 0.3713244234375 0.7463877984375 0.37233621562499997 0.7458133515625 0.37360459687500003 0.746162440625 0.374748471875 0.7466586656249999 0.37624088906250003 0.74680845 0.376682265625 0.7479523718750001 0.376398446875 0.74933040625 0.3774733234375 0.7502328140625 0.37808805625 0.7508077671875 0.37810271875 0.751589715625 0.3777485390625 0.75241155625 0.3755923 0.7527009609374999 0.373350075
0 0.7515779421875 0.41681244531250006 0.7530022093750001 0.41731372968749997 0.75584211875 0.41660827500000003 0.7568901203125 0.4153603140625 0.7586512984375 0.41226130000000005 0.757758978125 0.4101124953125 0.7567538125 0.4089127203125 0.755993446875 0.408951153125 0.7541645015625 0.4081897484375 0.7538989093749999 0.407582603125 0.752988175 0.40531561250000003 0.752564928125 0.4051346546875 0.75002499375 0.40436238593749996 0.7480337234375 0.4042968546875 0.74640465625 0.40451342968750004 0.7445885296875 0.405725096875 0.7442917078125 0.40789902656250004 0.7435397484374999 0.4109076984375 0.7451182828125 0.4119992640625 0.7481877703125 0.4144200515625 0.750160078125 0.4158523890625 0.7515779421875 0.41681244531250006
0 0.7577489265625 0.3226011859375 0.7591770453125 0.3226814078125 0.761141478125 0.3221480015625 0.7624958140625 0.32099460468749996 0.7631628 0.319725109375 0.7642132671875 0.31700685625 0.764467090625 0.3119260015625 0.76423826875 0.30859934375 0.7625755859375001 0.305377584375 0.7617174171875 0.3043305390625 0.75949429375 0.3049664671875 0.7575300578124999 0.3052531921875 0.7557706640624999 0.305509696875 0.7539434593750001 0.3067128421875 0.7537542484374999 0.30804655468750003 0.7518372906249999 0.3101618328125 0.7510091531249999 0.311097571875 0.7518803546874999 0.31483720000000004 0.7518624453125 0.317361409375 0.7538759140625 0.3202279515625 0.755006584375 0.3219694390625 0.75653159375 0.322853225 0.7577489265625 0.3226011859375
0 0.7700437640625 0.3043063359375 0.7714308984375 0.303041525 0.7708042749999999 0.3018023171875 0.7706800890625 0.3005413921875 0.7703906593750001 0.2996064890625 0.769360946875 0.2996466875 0.768133659375 0.3001546546875 0.7672045578125 0.3012331265625 0.766858846875 0.3023565515625 0.7670168859375 0.30404109375 0.768198234375 0.30404788125 0.7688295390625 0.3045096359375 0.7700437640625 0.3043063359375
0 0.7623371234375 0.3694371640625 0.7609303187500001 0.3702381359375 0.7604299921875 0.371329915625 0.7604877218749999 0.3727116296875 0.761550240625 0.37335430000000003 0.7618244015625 0.37333596406249997 0.7632427703125 0.372123384375 0.763692875 0.3712080765625 0.763637559375 0.369592846875 0.7623371234375 0.3694371640625
0 0.7689433234374999 0.3773779546875 0.7698594171875001 0.3781433796875 0.7708163671875 0.3781909109375 0.7717391359375 0.377357928125 0.77196740625 0.3765602671875 0.7713725218749999 0.3752969859375 0.77052065625 0.374905371875 0.7698623390625 0.3751148578125 0.7689433234374999 0.3773779546875
0 0.7418453703125001 0.2856964109375 0.7434498640625 0.28631868437499997 0.7442573515625 0.28558745 0.7447405828125 0.28433794843750004 0.7446495953125 0.2832092234375 0.7422732437499999 0.2835033859375 0.7418453703125001 0.2856964109375
0 0.7505939109375 0.3039558765625 0.75141614375 0.30260832031249996 0.75090366875 0.30292733437499997 0.7501739 0.3023907296875 0.7488594296875 0.3019633140625 0.748635578125 0.302558090625 0.749334509375 0.30390845 0.749906921875 0.3041900328125 0.7505939109375 0.3039558765625
0 0.7791418609375 0.26578776406250004 0.7802236828125 0.267166390625 0.7808338203125 0.26637769375000003 0.7819000046875 0.26497886875 0.7819016875 0.2639302359375 0.7810027500000001 0.26225766875 0.77988375 0.26182367968750003 0.779012928125 0.26353585156250003 0.7791418609375 0.26578776406250004
0 0.8074924187500001 0.2730431078125 0.8062916046874999 0.2710237546875 0.8050083765625 0.27014080625000003 0.8039988609375 0.274368034375 0.8032449546875 0.27758325625 0.8034057062500001 0.280392096875 0.8043131499999999 0.2818243734375 0.8062953765625 0.2831074234375 0.8069104265625 0.2832269765625 0.8096966312499999 0.2835266140625 0.8103793703125 0.2827902328125 0.811079903125 0.2797349546875 0.8110539140625 0.2776494921875 0.8098955171875 0.27537097187500004 0.8074924187500001 0.2730431078125
0 0.8034663249999999 0.2726775515625 0.8039801750000001 0.27051715625 0.8043590734375 0.2693540203125 0.8025683390625 0.2698782125 0.801496421875 0.2708970890625 0.8006135703125 0.2723681609375 0.8008106421875001 0.2741303265625 0.8019088062499999 0.275924390625 0.802670334375 0.275364090625 0.803043265625 0.2748540015625 0.8034663249999999 0.2726775515625
0 0.812046496875 0.2779395265625 0.8114737078125 0.2798544796875 0.8118459265625001 0.28091212187500003 0.8127668187499999 0.28143175781249996 0.8144633984375 0.281629425 0.8154230625000001 0.2787232046875 0.8136820124999999 0.2772721484375 0.812046496875 0.2779395265625
0 0.8154493578125 0.27333070937500004 0.8169751015625 0.27299058593750003 0.8176675796874999 0.27127876562500003 0.8180491703125 0.268177409375 0.818026934375 0.2654830375 0.8178586687499999 0.26173838125 0.8164580656249999 0.260853309375 0.8148616546874999 0.262801684375 0.8140640375 0.2660370609375 0.8133396312500001 0.269550896875 0.8141116109375 0.2719994328125 0.8154493578125 0.27333070937500004
0 0.826886803125 0.3148031671875 0.8284465390625 0.3164418234375 0.8294975000000001 0.3155143796875 0.83103190625 0.313319965625 0.8311765734375 0.3109461421875 0.8301515625 0.3091933578125 0.8281901296875 0.30931826875 0.827280946875 0.311473446875 0.826886803125 0.3148031671875
0 0.8215559015625 0.30424035312500003 0.82296475 0.3034206765625 0.8236898343749999 0.301221753125 0.8246792078125 0.2944040234375 0.82430069375 0.29212588125 0.8241438203125 0.2907137546875 0.8203887156249999 0.2900268125 0.8192589703125 0.2915151546875 0.8169886296875 0.2912966890625 0.8158812953125001 0.292112896875 0.815526665625 0.293003784375 0.814235625 0.2973609328125 0.8143880843750001 0.2976739 0.8150746812499999 0.2986700859375 0.814232178125 0.30085891875000004 0.8142492125 0.30213880937500004 0.81440535 0.30335819218750004 0.8146788171875 0.30451442812499996 0.8164820359375 0.30471213124999996 0.818480940625 0.30562277187500003 0.819223853125 0.3058133390625 0.8215559015625 0.30424035312500003
0 0.829560490625 0.3392818234375 0.8300002624999999 0.337985671875 0.8298192562500001 0.3362473203125 0.8286508828124999 0.33524025625 0.8278472890625 0.33691774375 0.8275596406249999 0.33721838125 0.8274474359375 0.3381723109375 0.8279846171875 0.33987165625000004 0.82874345625 0.33994753125 0.829560490625 0.3392818234375
0 0.8363736312500001 0.3584002796875 0.8348682515625001 0.3593890171875 0.8334917546874999 0.3611477453125 0.833743934375 0.3632405640625 0.8340099171875 0.365336065625 0.8334720750000001 0.368103028125 0.833867125 0.3690759703125 0.8342892265625 0.369328334375 0.8353012046874999 0.370484865625 0.83666583125 0.3703840203125 0.8389103671875 0.37013745625 0.8396287421874999 0.3697008828125 0.8413404874999999 0.365734309375 0.842241965625 0.3630046046875 0.840047225 0.36101330468750004 0.8392531796875 0.36071729218750004 0.8381763187500001 0.3589528375 0.8363736312500001 0.3584002796875
0 0.8281130328125 0.36684008281249997 0.8286774687499999 0.3669497984375 0.8296660578124999 0.36604843125 0.83053546875 0.36424525625 0.8313081046875 0.3607535296875 0.8309484296875 0.3599752890625 0.8301147640625001 0.361078678125 0.8295020718749999 0.3612254046875 0.8280476640625001 0.361100278125 0.8272011421875 0.36237626093749997 0.8283770609375001 0.3634755203125 0.8272313562500001 0.3645628234375 0.8273131656249999 0.36609088437500004 0.8281130328125 0.36684008281249997
0 0.8250420500000001 0.3898614546875 0.8244793296875 0.391994840625 0.82684415 0.39398736562500003 0.8278824078125 0.3915612125 0.8283170140625 0.39010329062500004 0.8284359968749999 0.38921275624999996 0.8277655796875001 0.38871474687499996 0.8262197359375 0.38851136249999996 0.8250420500000001 0.3898614546875
0 0.7914069796875001 0.399482853125 0.7926038734375 0.4000975234375 0.7943110843750001 0.401354175 0.7956428640625 0.40197914843750004 0.796243428125 0.40344250312499996 0.7986252203124999 0.4036444296875 0.8003858796875001 0.40248883593749996 0.8014136390625 0.3990849015625 0.8025098187499999 0.39496047343749996 0.8019314874999999 0.3933581828125 0.8003746406250001 0.3888549484375 0.8008582234375 0.3863671375 0.7992522234375 0.3868826703125 0.7971936515625 0.386328125 0.7955240015625 0.3855005859375 0.795379259375 0.38389503125 0.79347641875 0.3835219734375 0.7923322578125 0.3854611609375 0.7899994828125 0.3870133140625 0.7897039953125 0.3886972453125 0.7910938125 0.38945765625 0.7916216109375 0.3916884125 0.7912934734375 0.3938514796875 0.7907884187499999 0.3963351171875 0.79149011875 0.3976876078125 0.7916630453125 0.3982719640625 0.7914069796875001 0.399482853125
0 0.8003750125 0.404501871875 0.8042329828125 0.415141296875 0.8053743750000001 0.4131999796875 0.8028670984374999 0.4038497796875 0.8003750125 0.404501871875
0 0.8358174109375 0.394025240625 0.8367130453125 0.39463388125 0.83727915 0.3955620765625 0.8385568687499999 0.39486016875 0.8393571328125 0.3930769796875 0.8388920921875 0.3922511984375 0.8380739640625 0.39175153749999997 0.836256484375 0.3924297046875 0.8358174109375 0.394025240625
0 0.8407545953125 0.40448446562499996 0.840642453125 0.4064698578125 0.8412140046875001 0.40795144843750003 0.8423154890625 0.40899962968750003 0.8430020109375 0.4087924421875 0.8451942828125001 0.40806137812500004 0.8464157218749999 0.40947510156250005 0.8468289812500001 0.408659278125 0.847057215625 0.40796825625000005 0.8476234796875 0.40456375468749994 0.8486321765625 0.404320503125 0.8496475374999999 0.40366628593750004 0.850164803125 0.402307203125 0.8496255156249999 0.401691425 0.8492484843750001 0.40065035781249997 0.8493976828124999 0.3992276875 0.8482901171874999 0.398358190625 0.8473003796875 0.397914309375 0.8456240046874999 0.397882928125 0.84319721875 0.397634053125 0.8412651515625 0.399335725 0.8406845453124999 0.40297779218749996 0.8407545953125 0.40448446562499996
0 0.851868840625 0.393573446875 0.8516253171875 0.39160805781249997 0.8510269859375 0.3897074078125 0.8491780656250001 0.3890487671875 0.8485299484375 0.39023756718749997 0.8478796953125001 0.3919942046875 0.8478001546874999 0.393435190625 0.8483382531249999 0.39479408125000004 0.8503199421875 0.3949580296875 0.8512066140625001 0.394646490625 0.851868840625 0.393573446875
0 0.862819153125 0.3249393640625 0.8631932687500001 0.3270272328125 0.863415021875 0.32695095625000004 0.8640721734374999 0.327885709375 0.8651688249999999 0.3279269671875 0.8659403125 0.327225346875 0.866067475 0.3256376265625 0.8659804515625 0.3245622015625 0.8664339062499999 0.3233594390625 0.86593970625 0.322241475 0.8640075843749999 0.321666940625 0.8632601453125 0.3226788515625 0.862819153125 0.3249393640625
0 0.8621079578125 0.394681903125 0.8624600421874999 0.3967193296875 0.8621678671874999 0.398222446875 0.8625094984375 0.3993473640625 0.8634171046875 0.39995992187499996 0.865256121875 0.400317390625 0.8664042296875 0.398824659375 0.8673350796875001 0.39636966875 0.8667692765625 0.3948175671875 0.8669505453124999 0.39388502187499996 0.8658353890624999 0.3929153609375 0.8649606625 0.3935093703125 0.8642968984375001 0.3924284828125 0.86257501875 0.39304883125 0.8621079578125 0.394681903125
0 0.87126775625 0.35907230156250003 0.8714257703125 0.3582593921875 0.8714731499999999 0.35761439375 0.8708461453125 0.3570977640625 0.8701037968750001 0.356388396875 0.8693992484375 0.3564918 0.8684995859375 0.3568947265625 0.867723090625 0.35791690625 0.867736571875 0.35887935 0.8683282234374999 0.35954509843750004 0.869537446875 0.36045663906250003 0.8701664609374999 0.36038153125 0.87126775625 0.35907230156250003
0 0.8739918578125 0.3733831390625 0.8727981078125 0.3726130890625 0.8718790453124999 0.372771890625 0.8710646421874999 0.3753402453125 0.8717597328125001 0.3766039046875 0.8722833234375 0.37692375 0.8730984546875 0.37647255625 0.8743391140625001 0.3752079265625 0.8746046875 0.3741119 0.8739918578125 0.3733831390625
0 0.8464723218750001 0.424980146875 0.845292359375 0.42392626250000004 0.8439778234374999 0.4245064078125 0.8432814546875 0.42600895312500003 0.8431161812499999 0.42723589687499997 0.84201111875 0.428982125 0.8424009781249999 0.43007184687500005 0.8431710109375 0.43063060468750003 0.8441563796875 0.43139994374999996 0.8449751875 0.43253484374999995 0.8464969468750001 0.43253457968750003 0.8477457671874999 0.43164559531249996 0.848431434375 0.43071399843749997 0.84871019375 0.42927990156250007 0.8489003109375 0.42743382343749997 0.84872055625 0.42666349531250003 0.8474442718749999 0.4257612046875 0.8464723218750001 0.424980146875
0 0.8871213375 0.3470275734375 0.8872692499999999 0.3461601734375 0.886945296875 0.345697675 0.8864661359375001 0.3452639015625 0.8857386578125 0.3452641609375 0.885211796875 0.346492446875 0.8855410125000001 0.3473045609375 0.8862015375000001 0.3476733078125 0.8871213375 0.3470275734375
0 0.9320719875 0.3110880015625 0.9301451125 0.3154488953125 0.9270825765625 0.320714403125 0.926691721875 0.3255585125 0.92734829375 0.3281422 0.9303219703125001 0.331375253125 0.931459528125 0.3308211921875 0.9346976843749999 0.3297538265625 0.9378326609375 0.328816028125 0.9404925546875 0.32587578906250003 0.942334128125 0.320021175 0.9418710656249999 0.31536922500000003 0.9384364875 0.31207523125000003 0.93599943125 0.311117625 0.9320719875 0.3110880015625
0 0.9031701984374999 0.40637554375 0.9026936421875 0.4060266390625 0.9005988281249999 0.40642009687499997 0.8988318671875 0.4096962609375 0.899477753125 0.41240043593750003 0.9017105859375001 0.4123696640625 0.9029237703125 0.41118087187499996 0.90357015625 0.40955878125 0.9034597453125001 0.4078421109375 0.9031701984374999 0.40637554375
0 0.9085116203125001 0.41276525625 0.90928336875 0.413528090625 0.9108328468750001 0.41462992656250003 0.9116694078125 0.414174940625 0.91287289375 0.4125529 0.9114251546875 0.4093554109375 0.910974121875 0.4090799140625 0.9092165390625 0.4089913625 0.9085651140625 0.41109795625 0.9085116203125001 0.41276525625
0 0.9090719437500001 0.3435696015625 0.907024509375 0.34331806249999997 0.9047152515624999 0.346215034375 0.9038950078125 0.3487233609375 0.9051746671875 0.3504763 0.906397609375 0.3513745890625 0.9079254578124999 0.349950896875 0.9100508734374999 0.3470006796875 0.9104109062499999 0.3452958671875 0.9090719437500001 0.3435696015625
0 0.9129142343750001 0.3638296671875 0.9133984406250001 0.3617972171875 0.9112942984375 0.358766609375 0.91017638125 0.3600057546875 0.9095247328125 0.36195790625 0.910164359375 0.363334940625 0.9117366828125 0.3645812890625 0.9129142343750001 0.3638296671875
0 0.8764015875 0.32583974375 0.8813930859375001 0.328608665625 0.883116546875 0.3253351859375 0.8783398234375 0.322615971875 0.8764015875 0.32583974375
0 0.8867574765624999 0.5012032875 0.8884523359375001 0.504595253125 0.8908825515625001 0.505194978125 0.8969725109375 0.5000690703124999 0.8987786375000001 0.4990480609375 0.9002983171875 0.4950377875 0.900465990625 0.4933481125 0.899971196875 0.4895145171875 0.8979408 0.4857278390625 0.8964336453125 0.482819640625 0.895810778125 0.47825282500000005 0.8943909515625 0.47103842343749996 0.8928390921875 0.4706858359375 0.8909528437500001 0.4740597875 0.8902031156250001 0.47527181250000006 0.88883213125 0.47589669843750004 0.8858033484375 0.477884996875 0.88379606875 0.479334878125 0.8824363171874999 0.48248963749999996 0.8823535984375 0.4848723171875 0.8822356984375 0.4874359859375 0.8826205968749999 0.491687540625 0.8826297328124999 0.494735915625 0.8868309609375 0.49830308749999996 0.8867574765624999 0.5012032875
0 0.8900463296875 0.525596184375 0.8912883624999999 0.5237922187499999 0.8914896062500001 0.522756909375 0.89157343125 0.520352159375 0.8910997140625 0.518375453125 0.890278859375 0.516522278125 0.8895127515624999 0.5160088515625 0.8884146140625001 0.5181288937499999 0.8873964140625 0.5204109140625001 0.8874519015625 0.5227376890625 0.8879519703125001 0.525053784375 0.8900463296875 0.525596184375
0 0.834418328125 0.5259795296875 0.83578796875 0.5277117578125 0.8378456953125 0.529752828125 0.8390021031250001 0.5295112296875 0.841593715625 0.5274872984375001 0.8425046921874999 0.5261171984375 0.8436640578124999 0.5240997875 0.8443847984374999 0.5219477718750001 0.843722303125 0.51866575 0.8426100875 0.5163134359375 0.841095671875 0.5144989468750001 0.840644596875 0.510080128125 0.8367296156249999 0.5083322515625001 0.8347018546875 0.509281528125 0.833432059375 0.511334775 0.8339924203125 0.5130704625 0.8316511953125 0.512324084375 0.8285497109375 0.513335246875 0.827128459375 0.5147510078125 0.8266730640625 0.516274925 0.828512178125 0.5181795890625 0.8290950859375 0.5193816484375 0.8293966578124999 0.5230710375000001 0.83250838125 0.523669528125 0.8333985515625001 0.5247976078125001 0.8336734546875 0.525766296875 0.834418328125 0.5259795296875
0 0.8032395171875001 0.54050501875 0.8039973187499999 0.5403323796875 0.8059522609374999 0.5406503046875 0.806907271875 0.5368836375 0.8072504374999999 0.5345531734375 0.807305878125 0.53199965 0.8078777453124999 0.5296308703125 0.808952778125 0.5266388375 0.809965065625 0.5231507171875001 0.805962175 0.519766946875 0.8027629921875 0.51999508125 0.800857 0.5223814953125 0.8000577390625001 0.5224808140625 0.7971489421875 0.522574384375 0.7955790125 0.5242063734375 0.7954174265625 0.5271913203125 0.7959739781249999 0.5313950625 0.797541034375 0.53291416875 0.7990803750000001 0.5347478296875 0.8017476359375 0.5331126609375 0.8014932265624999 0.5342331406249999 0.8003293734374999 0.5367240203125 0.80071998125 0.538915375 0.8032395171875001 0.54050501875
0 0.7667033 0.511300128125 0.765011875 0.514548 0.7637175015625 0.5180624671875 0.7636782375 0.52179384375 0.762614340625 0.5236722296874999 0.7608928765625 0.5268617328125 0.7600398890625 0.528981675 0.759697890625 0.530904878125 0.7584936328125 0.5352168171875 0.75888774375 0.53822541875 0.7625029375000001 0.54380843125 0.76504715625 0.5463356359375 0.7657874078125 0.546883828125 0.770540521875 0.54744800625 0.7737120921875 0.549196228125 0.775693478125 0.5465284031250001 0.7778064703124999 0.545926778125 0.7805089765625 0.5465587390625 0.7804993515625 0.5480085390625 0.7819656421875 0.5487440203125 0.7839049859375 0.5475945078125 0.785094934375 0.54681186875 0.78629878125 0.5462197578125 0.7876740234375 0.5448523562500001 0.7894101453125 0.54374929375 0.790888659375 0.5416458875 0.79186720625 0.5395678609375001 0.792500259375 0.537293746875 0.79272269375 0.534454334375 0.7926207734374999 0.5308515046875 0.7926971593750001 0.5280346390624999 0.7911581203125 0.5262567484375 0.7912234921875 0.5223664968749999 0.791688290625 0.519975315625 0.7907398171875 0.5164530609375 0.7884091828125 0.514718678125 0.7871312078125 0.5133337578125 0.783919821875 0.5111925953124999 0.7824055515625 0.511047875 0.7776438171875 0.5088902765625 0.77369641875 0.5093072390625 0.77145025625 0.5094229640625 0.7689929421875 0.5087988703125 0.7667033 0.511300128125
0 0.7048976312499999 0.5101690828125001 0.70585868125 0.5083120921875001 0.7063574609375001 0.5063111250000001 0.7064161671875 0.5048708656249999 0.7058208484375 0.502790934375 0.703999059375 0.5019927171874999 0.7021233015624999 0.5020944890625 0.7004547750000001 0.5035704234375 0.7010333375 0.5047620875 0.6999491828125 0.5090703125 0.7030281734375 0.5129080078125 0.7048976312499999 0.5101690828125001
0 0.7129210078125 0.5244944625 0.7136925921875 0.5233010109375 0.7146672703125 0.52203720625 0.7154867203124999 0.51977863125 0.7153875640625 0.518159653125 0.7149384000000001 0.5177762796875001 0.7130505390625 0.517113253125 0.7118145625000001 0.5183374093750001 0.7109605265625001 0.5193572515625 0.709719478125 0.521229853125 0.711520803125 0.526629009375 0.7129210078125 0.5244944625
0 0.7631794265625 0.4798292203125 0.7645102015624999 0.4793620609375 0.764144959375 0.4781211328125 0.7644520421875 0.4765413265625 0.7650728203125 0.47488719843749994 0.7651619796875 0.4726187828125 0.764952103125 0.47115178437500005 0.763504290625 0.469526925 0.7626209687500001 0.4696083125 0.7617470421875 0.46933020000000003 0.7603467765625 0.4677145828125 0.7579588203125 0.4698290375 0.75701415 0.471994828125 0.7573915125 0.47355009375 0.7570131734375 0.4754964765625 0.7573751515625 0.476983490625 0.757984115625 0.47858377656249995 0.759171546875 0.47982853125 0.7601873859375 0.47863957968750004 0.7616648578125 0.47968603437499996 0.7631794265625 0.4798292203125
0 0.7847910671875 0.46877163125 0.7861715328125001 0.46780318125000003 0.7879865828125 0.469168340625 0.788738490625 0.4680761203125 0.7891378671875 0.46667661093749996 0.789696553125 0.46544018437499995 0.790917903125 0.46332499218749995 0.790023515625 0.4622104203125 0.7898569390625 0.46166709062500005 0.789899884375 0.459579109375 0.7898553234375 0.4582524828125 0.7879826000000001 0.45642246562500005 0.7873856 0.45539116718750006 0.7863461093749999 0.453737440625 0.7848525546875 0.45374000312499996 0.7836349890625 0.45434536562499994 0.7820141281249999 0.4556825328125 0.781788659375 0.45699805624999995 0.78177670625 0.4586973078125 0.7817735906250001 0.4606704671875 0.780202384375 0.4630296359375 0.7822382218749999 0.46935142812499997 0.7847910671875 0.46877163125
0 0.74775791875 0.5059223109375 0.74875795 0.5061166984375001 0.7494901406250001 0.50585471875 0.7511743640625 0.506034065625 0.7524555687500001 0.5059201890625 0.753024384375 0.50519668125 0.7531331781249999 0.50349874375 0.7516094921875001 0.5005937 0.7508521328125 0.5003382453125 0.7495300296875 0.501899028125 0.7484625703125001 0.5033453578125 0.74775791875 0.5059223109375
0 0.7326649093750001 0.4964400890625 0.7336357046875001 0.4950816171875 0.733494009375 0.49245316250000004 0.7315673046875 0.49197359374999994 0.72891094375 0.4914317828125 0.7266161734375001 0.49230528125 0.726132890625 0.49479155781250006 0.7268344109375 0.49667724843750005 0.7277333765625 0.49812856875 0.729482603125 0.5008641593750001 0.7301804781250001 0.5009998125 0.7301037515625 0.49831554218749996 0.7313781796875001 0.4974585953125 0.7326649093750001 0.4964400890625
0 0.7354327796875 0.5544178125 0.7369561703125 0.5546056921875 0.7383744906249999 0.5540075171875001 0.738774165625 0.5526064749999999 0.7388052546874999 0.5517259171875 0.7383854249999999 0.54962756875 0.73713668125 0.548321553125 0.7357505359375 0.547673278125 0.7352584953125 0.5497869765625001 0.734459309375 0.55176934375 0.7344439265625 0.5537974203125 0.7354327796875 0.5544178125
0 0.709407221875 0.49013013125000005 0.7100455265625001 0.49630442812500003 0.71410781875 0.4915786609375 0.713786915625 0.4908302421875 0.7130721890625 0.49035545625 0.711006609375 0.489468465625 0.709407221875 0.49013013125000005
0 0.7460981953125 0.5354242171875 0.7494739328125 0.5393402875 0.7508936390625001 0.5363356640625 0.750897446875 0.5359066328125001 0.75001014375 0.5349685296875 0.7490428390625 0.533516659375 0.7468265078125 0.5330858484375 0.7464491484375 0.5336269109375 0.7460981953125 0.5354242171875
0 0.7220391921875 0.5614635203125 0.7194426 0.564946115625 0.7204992 0.5656274296875 0.722078496875 0.5652738390625001 0.722696703125 0.5640505734375 0.722877971875 0.563118028125 0.7220391921875 0.5614635203125
0 0.6949824546875 0.5507047453125 0.6943745484375 0.5510561453125 0.693306184375 0.551655490625 0.6921201906250001 0.5529991921875 0.6943795484375 0.55475633125 0.6951678 0.555057584375 0.69647595625 0.5546576578125 0.6970385359375 0.553008134375 0.69705995 0.5513584734375 0.6949824546875 0.5507047453125
0 0.71950911875 0.5313573109374999 0.7197864984375 0.53034794375 0.719786490625 0.5281370078125 0.7188919203124999 0.52749833125 0.7175564765625 0.5289721578125001 0.717202815625 0.53038214375 0.7170418203125 0.5312103921875 0.7180012265625 0.5323917218750001 0.71950911875 0.5313573109374999
0 0.8661986140625 0.57590928125 0.8667874234375 0.57814553125 0.8685616328125001 0.5784187734375 0.869822371875 0.57667415625 0.8698545078125001 0.57479736875 0.869485878125 0.57389323125 0.8685206484375 0.5729383890624999 0.8676064015625 0.5730806171875 0.8661986140625 0.57590928125
0 0.8798556359375 0.6062332390625 0.882574328125 0.605438959375 0.8828764140625 0.605031296875 0.88307578125 0.6018929281250001 0.8812040421875 0.600811221875 0.88015479375 0.6018854390625 0.8796490140625 0.6036685687500001 0.879769303125 0.6046056109375 0.8798556359375 0.6062332390625
0 0.756505353125 0.46149387500000005 0.758286121875 0.46241305 0.7595539046875001 0.46089423749999997 0.7597754218749999 0.45975462968749997 0.7613052062500001 0.459311828125 0.7619194796875 0.4578713203125 0.76046029375 0.456296778125 0.7594512078125 0.455051671875 0.7583898687499999 0.4549106296875 0.75680873125 0.4571898734375 0.7558118875 0.45894440156250005 0.7559422625 0.460386396875 0.756505353125 0.46149387500000005
0 0.6530374250000001 0.43529650625 0.6538818984375 0.433981925 0.6540148343750001 0.43204514375 0.653629059375 0.43154038593750005 0.6518784484375 0.43121124375 0.6509105671875 0.4321452859375 0.64957031875 0.43375029375 0.6492374843750001 0.435044946875 0.651523653125 0.4363202234375 0.6519382296875 0.43614453906249995 0.6530374250000001 0.43529650625
0 0.662140271875 0.9038132593749999 0.664280296875 0.9035638890625 0.6654504828125 0.9042831984375 0.666838496875 0.9041439234374999 0.66764954375 0.903107765625 0.670712584375 0.9004846531249999 0.670299115625 0.8979195687500001 0.6703484937499999 0.895831246875 0.6709237953125 0.8918315984375 0.6706765984375 0.8896967703125 0.6701581812499999 0.888293953125 0.66904089375 0.8886864125 0.6660982171875001 0.8886349140625001 0.66347634375 0.8890866875000001 0.6625850609375 0.890642075 0.661661821875 0.891444721875 0.6609943984375 0.8925199390625 0.6606252734375 0.8939603453125 0.6594582890625 0.8960988390625 0.6592781765625 0.8978115656250001 0.6597622249999999 0.8994321375000001 0.660847653125 0.9005711109375 0.659980290625 0.9024128859375 0.662140271875 0.9038132593749999
0 0.6848929859374999 0.905654128125 0.6840990171875 0.903842790625 0.682551903125 0.9037442140625 0.680761040625 0.9070205078125 0.6798990546875 0.9090065859375001 0.679954740625 0.910407003125 0.680924853125 0.9118116671875001 0.68309319375 0.9133410046874999 0.683941771875 0.9101792046874999 0.6845562000000001 0.9078043734374999 0.6848929859374999 0.905654128125
0 0.68775490625 0.8978012421875 0.6874984609375 0.9011513609374999 0.6870549109375 0.902655296875 0.6887329890625 0.90475786875 0.6903063671874999 0.9037632468749999 0.6909592531250001 0.90322958125 0.6908330359375 0.9001202453125 0.691212021875 0.8969340203125 0.6891921109375 0.8966719124999999 0.68775490625 0.8978012421875
0 0.6491186203125 0.921834715625 0.650246640625 0.9213870406250001 0.6513128625 0.9192019 0.6512504671875 0.918147178125 0.650409890625 0.9177466171875001 0.6488100375 0.917755578125 0.6481915593750001 0.9187018265625 0.6480168203125001 0.9205015515625 0.6491186203125 0.921834715625
0 0.637157990625 0.82800039375 0.6389372796874999 0.8242841203125 0.6395167609375 0.8217369546875 0.6391417015624999 0.8202107875 0.63829979375 0.81962055 0.635522690625 0.8204369015624999 0.6347592734374999 0.8214409312500001 0.6343660640625 0.8226776890625 0.634655875 0.8249290390624999 0.633797196875 0.8266769984375 0.633132434375 0.8280742640625001 0.633137303125 0.8303338968749999 0.6347067484375 0.8318980359375001 0.6343664046875 0.8329938531250001 0.63454350625 0.835653065625 0.6359241124999999 0.83697675625 0.63732273125 0.8367583625 0.6381181265625 0.8354915437500001 0.6382739609375 0.834558828125 0.63718290625 0.8306236578125 0.6372085078125 0.8291817375000001 0.637157990625 0.82800039375
0 0.7818249609375 0.9306653984375 0.78130966875 0.9336357124999999 0.781960153125 0.9362834765624999 0.7833505734374999 0.9371554265625001 0.7847299624999999 0.9367247781250001 0.7853704875 0.9340191609374999 0.7868617312499999 0.935911915625 0.788642865625 0.9372386484374999 0.791405815625 0.936978246875 0.7946085468749999 0.9376326296874999 0.7971929203125 0.93982223125 0.8006967749999999 0.9389847859374999 0.803975128125 0.940306484375 0.80512764375 0.9397983078125 0.8054579828125 0.9374191906249999 0.80570196875 0.935164953125 0.8041771796875 0.9323392828125 0.8042806062500001 0.9313486281250001 0.804272090625 0.930057659375 0.8025491359375 0.9291194796875001 0.7984392109375 0.9290050421875 0.795825084375 0.9252242796875001 0.79220509375 0.9247593859375 0.786884975 0.9238939859374999 0.7832635546875 0.9265072484375001 0.7818249609375 0.9306653984375
0 0.7928591125 0.9466981953125 0.7925883578125 0.9501219359374999 0.794263546875 0.9509537343750001 0.795571484375 0.9497769937499999 0.79582738125 0.947911865625 0.795704421875 0.9458011875000001 0.7957344921875 0.94427895625 0.794036184375 0.944384978125 0.7928591125 0.9466981953125
0 0.7899689765625 0.8247642734375 0.7919264687500001 0.8256668640625 0.7931303609375 0.8250827203125001 0.7949517109375 0.8222309796875 0.79540309375 0.8199088187499999 0.7928013593750001 0.8187584359375 0.7915682890625 0.8201232296875001 0.7906961375 0.8217030281250001 0.790059109375 0.8230722593750001 0.7899689765625 0.8247642734375
0 0.7600893703125 0.7829653234375 0.7593560359375 0.7847153625 0.7594720890625 0.78673874375 0.7602619859375 0.7888740078125 0.7625860390625 0.7875223109375 0.76324131875 0.78573163125 0.76363899375 0.7823182359375 0.762976503125 0.779093515625 0.7613526671875 0.7812403031249999 0.7600893703125 0.7829653234375
0 0.8332428843749999 0.7972788390625001 0.83475708125 0.7948608359375 0.8358386484375 0.791433934375 0.83533746875 0.7904419546875 0.8349584171875 0.7898207140625 0.8322411015625001 0.7887736125 0.8308447390625 0.790315184375 0.8292509890625 0.793265284375 0.8298116468750001 0.7956791125 0.8311094828125001 0.7971665796875 0.8326707000000001 0.79726630625 0.8332428843749999 0.7972788390625001
0 0.6898447734375 0.7780975890625 0.6878185625000001 0.7772373515625 0.6864678671875 0.77940380625 0.685970878125 0.7807158953125 0.685866790625 0.7820375046875 0.6873352828125 0.7832366109375 0.6880680124999999 0.7827343828125 0.68944035 0.7812263421875 0.689856565625 0.7799940578125 0.6898447734375 0.7780975890625
0 0.9541126984374999 0.326156353125 0.951707790625 0.32626987343749997 0.9520148031250001 0.331814703125 0.9543458093750001 0.33129524843749997 0.9551219390625001 0.328506159375 0.9541126984374999 0.326156353125
0 0.9336714609375001 0.57516216875 0.9350063875 0.577048415625 0.9374121609375001 0.5764718656250001 0.9388059859375 0.5738378640625 0.9388207546875 0.5722060124999999 0.9383409703125001 0.5699575296875 0.9367393125 0.569746478125 0.934063453125 0.5721710718749999 0.9336714609375001 0.57516216875
0 0.9272162203125 0.5584197203125 0.9282224140625001 0.5611127515625001 0.9265682406250001 0.56184335625 0.92588531875 0.5665113125000001 0.9271638171875001 0.5687861187500001 0.9314975593750001 0.571188421875 0.9345386093749999 0.5684655296875001 0.9382421937500001 0.5655196453125 0.942251728125 0.56197425 0.9442604765624999 0.557396875 0.938027459375 0.555790546875 0.9336315265625 0.5535607953125 0.9281294843750001 0.5533938265625 0.9265617734375 0.556455634375 0.9272162203125 0.5584197203125
0 0.9162681296875 0.565151278125 0.91846133125 0.5656683234375001 0.9197752875 0.563961109375 0.919696946875 0.5620548890625 0.9185906625 0.5612524953125 0.9168557625 0.5621281734375 0.9162681296875 0.565151278125
0 0.7535878296875 0.5975175734375 0.7520232328125 0.5958302203125 0.7501503281249999 0.596572428125 0.7495814953125 0.59700941875 0.7475985625 0.5980883796875001 0.746695590625 0.597312771875 0.7442462375 0.59799068125 0.7428871421875 0.5993405296875001 0.7431185453125 0.6003119046875 0.743723103125 0.6016073109375 0.7428004578125 0.6044459140625 0.7421348109375 0.603243690625 0.7411944703125 0.6030943328125 0.7369154250000001 0.60400553125 0.7355294921875 0.6061157921875 0.7345766312500001 0.6081271828125 0.73346825 0.6106192921875 0.7325481203125 0.612110178125 0.7308254390625 0.61558436875 0.73018020625 0.6179293359375 0.730537409375 0.6200632609375 0.7317240296875 0.6240472515625 0.7317729875000001 0.6241474984375001 0.7332489765625 0.625316228125 0.7340895375 0.6261672500000001 0.7356596734374999 0.6278588625 0.7353873281250001 0.63036545 0.735237509375 0.632806715625 0.7368238984375 0.6355202046875 0.7375522265625001 0.636187053125 0.7398028531249999 0.6359337140625 0.7412060234375 0.634913965625 0.7421749765625 0.63270514375 0.7444345718750001 0.6286715625 0.745715190625 0.625956659375 0.7448981421875 0.6229374765625 0.7443301046874999 0.6217653671875001 0.7464924859375001 0.6192473296875 0.74791728125 0.615880778125 0.746695303125 0.6133479546875 0.747891946875 0.6154460828125 0.7516558046874999 0.61780765 0.7531274078125 0.6176559703125 0.7544541046875 0.6194371546874999 0.756388371875 0.6195584578125 0.758653803125 0.617566628125 0.7601742421875 0.61341324375 0.7609421390625 0.6111414640625 0.7641448625 0.6082255609375 0.7660491546875 0.6066012625 0.76477433125 0.6038162203125 0.7625474375 0.6027355156249999 0.7608969625 0.60126068125 0.7595832296875 0.598986984375 0.7575268562499999 0.5981590875 0.7540854718750001 0.5977989484374999 0.7535878296875 0.5975175734375
0 0.8220011875000001 0.70928589375 0.8226361703125 0.7099743921874999 0.8248762968750001 0.7101026218750001 0.8263317609374999 0.7086664500000001 0.8270147921875 0.705774903125 0.8256420468749999 0.703411740625 0.823507003125 0.703619103125 0.8221996390624999 0.7058083046875 0.8220011875000001 0.70928589375
0 0.8773225124999999 0.661216340625 0.8770033671874999 0.6585836375 0.8762012265625 0.6582637671875 0.87488876875 0.66007791875 0.8745041421874999 0.6630147359375 0.8737819437500001 0.6656901515625 0.8751369453125 0.6670391078125 0.8766255765625001 0.666636059375 0.8769780640624999 0.6634797 0.8773225124999999 0.661216340625
0 0.745271409375 0.6926775203125 0.744273878125 0.691585875 0.7427785375 0.6930142953125 0.7416956921875 0.695072046875 0.742240165625 0.696193415625 0.7436698390625 0.69729743125 0.7445484296875 0.6971912484375 0.7455439875 0.6959919890624999 0.7458200640625 0.694571696875 0.745271409375 0.6926775203125
0 0.6929639078125 0.6124986671875 0.691961203125 0.6159456734375001 0.696421934375 0.6174080640625 0.6990950687499999 0.6219006640625 0.700441228125 0.619405428125 0.7006340171875001 0.6166939593749999 0.7012359874999999 0.6154150109375001 0.7032722 0.614725240625 0.7045978609375 0.6142188843749999 0.7059192000000001 0.613423584375 0.7067864953125 0.6118523921875 0.7067034234375 0.61060105 0.70784004375 0.6100436234375 0.7087247375 0.6087432265625 0.707195484375 0.60605516875 0.70688533125 0.6055380515625 0.706314153125 0.601802621875 0.702842840625 0.6011215 0.70189578125 0.6018829078125 0.6998713000000001 0.6028153109375001 0.6968901453125 0.6033548296875 0.6950384265625 0.6035949796875 0.6930533796875 0.6028669015625 0.691408028125 0.6036421984375 0.6900248046875 0.605460103125 0.6895228109375 0.6078297296875 0.6898471171875 0.6105669 0.6918712796875 0.6120682125 0.6929639078125 0.6124986671875
0 0.8650136609375 0.8146905796875 0.86611441875 0.8129419234374999 0.8654781093749999 0.810761703125 0.86318360625 0.8090789125000001 0.8619380234375 0.8092633828125001 0.8581118703125 0.8095479203125 0.8566917203125 0.811563984375 0.8608579828125 0.8194873312500001 0.8624127328125001 0.8176550140625001 0.862456078125 0.8144512984375 0.8650136609375 0.8146905796875
0 0.9474726406249999 0.724473196875 0.947428778125 0.7282609828125 0.9479947234375 0.730745875 0.9497267953125 0.732349584375 0.9501000765625 0.7340568640625 0.9517040906249999 0.7331175421875 0.9534109921875 0.7293887890625 0.95400548125 0.72633040625 0.954009678125 0.7218377265625 0.9529273765624999 0.71889750625 0.9512221546875 0.7181219484375 0.9496058375 0.7192228296875001 0.9475536890624999 0.7219517109375 0.9474726406249999 0.724473196875
0 0.8799837015625 0.862621371875 0.8810664109375 0.8590657609375001 0.8783283578125 0.8582072296875 0.87798283125 0.857495409375 0.8754849953124999 0.8561216859374999 0.87436988125 0.8565193437499999 0.873231846875 0.860384140625 0.873474425 0.86223155625 0.8761454171875 0.8651383625 0.8775288968750001 0.8654072828125001 0.8794677296875 0.8656361218749999 0.8799837015625 0.862621371875
0 0.6911328015625 0.740157221875 0.692002425 0.7376569046875 0.6929885812500001 0.735285884375 0.6928275921875 0.7327730609375 0.6906195015625001 0.7332988984375 0.6893742328125 0.7351277031250001 0.688218028125 0.7365965765625 0.6875437203125 0.7393449703125 0.6874432484375 0.7398618578125 0.688487684375 0.7415802171875 0.68949691875 0.7417763921875 0.6911328015625 0.740157221875
0 0.45736043437499996 0.9645347359375 0.45712132656250004 0.9657648375000001 0.4570641328125 0.96754125 0.45774180312499996 0.9688699671875 0.4588878890625 0.9705157640625 0.46051560937499997 0.971919321875 0.464216675 0.97303985625 0.4658762375 0.9733624437499999 0.46707754843749993 0.9703185515625 0.4668071625 0.9679754734375001 0.46487937187500006 0.9665024453125 0.46263919062500003 0.9661943375 0.45960895468749996 0.966724315625 0.459611990625 0.9662091796875 0.45910777031250005 0.963578703125 0.45736043437499996 0.9645347359375
0 0.582497246875 0.3430434203125 0.5824033484375 0.341716753125 0.5803041140625 0.3415761171875 0.5795093609374999 0.34290513906250003 0.5790681984375 0.34445410781249997 0.5793199812500001 0.34494396250000003 0.58052114375 0.3457250046875 0.5809836171875 0.3456796015625 0.5821274468750001 0.3445855671875 0.582497246875 0.3430434203125
0 0.62093544375 0.40696150312499996 0.6216153921875 0.406558846875 0.6220426453125001 0.40606409218749995 0.622575703125 0.4044518078125 0.6229990609375 0.402273821875 0.6228845875 0.40099568437500005 0.6218681359375 0.39986215937499997 0.6212398703125 0.3996222484375 0.6201258593750001 0.3992608578125 0.6186016859375 0.3994946390625 0.6182250328125 0.4004496921875 0.617592884375 0.4014744640625 0.617280553125 0.40157451875000005 0.6162945296875 0.401930415625 0.615634825 0.40312969687500005 0.615675809375 0.4037950546875 0.61589540625 0.404679771875 0.6162558984375 0.405552084375 0.6167319234375 0.40557616875 0.6181369375 0.40614375 0.6189107843749999 0.40706775781250004 0.6193479140625 0.4071527265625 0.620125546875 0.407303884375 0.62093544375 0.40696150312499996
0 0.587188721875 0.43406720937500004 0.5862939093749999 0.434346921875 0.5848418171875001 0.43515978437499997 0.5844948624999999 0.43616677187499997 0.585165959375 0.43730001874999996 0.585462103125 0.437946528125 0.5862383015625 0.439022209375 0.5869122359375 0.43988700312500006 0.5881759843750001 0.439944825 0.5889489046875 0.43967802968749997 0.5895805796875 0.4385656203125 0.5898325859375 0.43717089218750005 0.5899885125 0.43636871875 0.5892719921875 0.43510885312500003 0.5887591859375 0.4341766921875 0.5880349421875 0.43341513281250005 0.587188721875 0.43406720937500004
0 0.6076955234375 0.437996025 0.607780628125 0.4390567515625 0.6081776796875 0.44000302343750003 0.6083709374999999 0.4400405890625 0.61072641875 0.4398537921875 0.6116634984375 0.4389471875 0.61186885625 0.4369162453125 0.611555453125 0.4355150765625 0.6111427390624999 0.43478860468749997 0.6104315796875001 0.4341235015625 0.6093239046875001 0.4342536 0.6086915546875 0.434788075 0.6078085843750001 0.43572748125 0.6075088796875 0.43674524375 0.6076955234375 0.437996025
0 0.6270534109375 0.4620758484375 0.627199796875 0.46132275624999997 0.6271647046875 0.460160328125 0.6268328125 0.459476625 0.626296859375 0.45902385468749995 0.625180128125 0.4594625828125 0.624792178125 0.4603119765625 0.625208746875 0.4613543640625 0.6254445234375 0.462057584375 0.6258146046874999 0.46300338906249994 0.6266910078125 0.46266279375 0.6270534109375 0.4620758484375
0 0.60266441875 0.432720365625 0.6024651953125 0.4319764984375 0.6022197609375 0.4314703671875 0.6003273453125 0.430192040625 0.5988456375 0.433007928125 0.599608215625 0.43360503125000005 0.6005560734375 0.43406783125 0.60113485 0.433882678125 0.6021185171875 0.43331780468750003 0.60266441875 0.432720365625
0 0.5975172468750001 0.4051950203125 0.598561759375 0.405398053125 0.598502628125 0.405456596875 0.59796573125 0.40698218124999996 0.5982973515625 0.40812584375 0.59916136875 0.408667853125 0.6007873046875 0.40741921718749996 0.60130586875 0.40635645 0.6015956546875 0.40548797499999994 0.6011936453125 0.404247859375 0.6007132546875 0.4039268609375 0.5996692703125001 0.40331166874999996 0.598681396875 0.4040619578125 0.598224890625 0.40413398906250003 0.597335175 0.40416638125000004 0.5975172468750001 0.4051950203125
0 0.6321408765625 0.4769208890625 0.6322506765625 0.4784114125 0.6325805859375 0.478728628125 0.6333113609375001 0.478318340625 0.6339060921875 0.47779724687499997 0.634596734375 0.47670903437499995 0.634518709375 0.47576747187499996 0.6326902234375 0.475544165625 0.6321408765625 0.4769208890625
0 0.3838735921875 0.17964050468749998 0.38266516093749997 0.178479215625 0.3818155609375 0.180262365625 0.3813658078125 0.18345234531250001 0.38155759843750003 0.18525805312500002 0.3828876421875 0.185335128125 0.38378317968750003 0.18507624843749998 0.3844416703125 0.18353928125000002 0.38426593124999997 0.1815854765625 0.3838735921875 0.17964050468749998
0 0.38841628125 0.258794384375 0.38943670468749997 0.2600958125 0.389014678125 0.261046821875 0.388496603125 0.261746765625 0.3880784265625 0.2636360609375 0.388447125 0.2642696140625 0.38950489843749997 0.26533795 0.3904081890625 0.2630001671875 0.3910092140625 0.2622829203125 0.39114535625 0.261222221875 0.3908992484375 0.2587788078125 0.3907314875 0.2576765453125 0.3897935828125 0.2569578171875 0.38850476875 0.2573646875 0.38841628125 0.258794384375
0 0.43111629687499997 0.24157398125 0.43264256406249996 0.24212374531249997 0.4338202015625 0.24138805625 0.43646491562499995 0.23756781562499998 0.4363177578125 0.236875453125 0.43259698750000003 0.234718046875 0.43177408437500003 0.2335059484375 0.42951581875 0.23217720000000003 0.428676984375 0.23374119062499998 0.4277567890625 0.2362396375 0.42803122031249996 0.23853734218749997 0.428799509375 0.23985024687499998 0.43111629687499997 0.24157398125
0 0.4184058890625 0.366700778125 0.416522690625 0.3663331296875 0.41563008281249997 0.36713377187499996 0.414533915625 0.3700707609375 0.414437846875 0.37293155312500004 0.4161219140625 0.37404522500000004 0.4169399375 0.37350545625 0.41886867812500006 0.3703960375 0.4192064703125 0.36865825 0.4184058890625 0.366700778125
0 0.40070881406250003 0.332127878125 0.398572075 0.3379696859375 0.40009771718750003 0.3380640890625 0.40170635624999995 0.3382064609375 0.40310678906249997 0.3377003140625 0.40341422343750005 0.3335228484375 0.40070881406250003 0.332127878125
0 0.383846434375 0.2868981359375 0.38475333906250003 0.29202633906250003 0.385547928125 0.2907800546875 0.385784965625 0.2898472078125 0.385764625 0.2888627390625 0.3852273140625 0.2878191671875 0.383846434375 0.2868981359375
0 0.3842182046875 0.40825180625 0.3854820671875 0.4053283125 0.38529474375 0.40202564062499996 0.384416909375 0.3992127109375 0.3846739203125 0.3967604453125 0.3868415375 0.3920945703125 0.3882062890625 0.38782497031249996 0.3872207109375 0.38367472343750003 0.38546524375 0.3840338640625 0.383501828125 0.386568290625 0.382058925 0.39060940624999996 0.379545540625 0.39548185 0.3778385203125 0.3973195875 0.37633594375 0.400242840625 0.3760534109375 0.40335867812500004 0.37617508437499997 0.406024625 0.3764707625 0.40879443281250005 0.3788443203125 0.4115526921875 0.3796665953125 0.41157245312499996 0.381896446875 0.4101976703125 0.3842182046875 0.40825180625
0 0.3480611953125 0.4304543984375 0.3511168359375 0.4315051859375 0.35233755625 0.430236678125 0.3525435171875 0.42899695 0.3513056765625 0.4262509328125 0.3496922453125 0.42578928125 0.34824765625 0.42668637187499997 0.347037621875 0.42919374218749995 0.3480611953125 0.4304543984375
0 0.9886919750000001 0.4502404140625 0.9892923781249999 0.4532604625 0.9899886734375001 0.45401022187500006 0.9916085546875 0.45407837500000003 0.9927798828125001 0.4525726484375 0.9935476796874999 0.4500557203125 0.992296346875 0.4468550234375 0.98962534375 0.44649500781249996 0.9886919750000001 0.4502404140625
0 0.9835622624999999 0.40260358281249997 0.98332658125 0.400671553125 0.9822982375 0.3994354375 0.9799747468750001 0.39953135781250004 0.9793050953125 0.40110117343749996 0.9789652953125 0.402751025 0.9795502109375 0.4054003703125 0.9800379734375 0.40646137031249996 0.9808233359375 0.4069085015625 0.98232166875 0.40699600468749997 0.9832704953125001 0.40520189999999995 0.9835622624999999 0.40260358281249997
0 0.9807175578124999 0.4849598421875 0.9815396515625 0.4868721515625 0.9827107875 0.48572771406250004 0.983457446875 0.484515090625 0.9840733593750001 0.481338309375 0.9835112593750001 0.48109374843749997 0.9816056515625 0.48145553906250005 0.9805938218750001 0.4833854296875 0.9807175578124999 0.4849598421875
0 1 0.367921346875 0.99982996875 0.3679235625 0.9984841984375 0.369810828125 0.99853766875 0.37051840468749997 0.9996251421875 0.371638675 1 0.37191571093750003 1 0.367921346875
0 0.9900723765624999 0.5234138328125 0.9910453515625001 0.523534515625 0.9915441296875 0.5222132234375 0.9917319578124999 0.5212469343749999 0.9914659218749999 0.5203882078125 0.9898597640625001 0.5204214109375 0.9886178624999999 0.521569603125 0.9891212828124999 0.522975871875 0.9900723765624999 0.5234138328125
0 0.9646116671874999 0.5169239640625001 0.9649620890625 0.5154815125 0.9647203140625 0.5142359328125 0.9630323593749999 0.514329640625 0.9625285078125 0.516299378125 0.962517753125 0.5180497984375 0.963647234375 0.5178157 0.9646116671874999 0.5169239640625001
0 0.9727252640625 0.5144485046875 0.9726575671875001 0.5130935046875 0.9723739453125001 0.512382575 0.9706271453124999 0.5123613812500001 0.970496071875 0.5133960046875 0.9707866078125 0.5149885140625 0.9720813843749999 0.5152306421875 0.9727252640625 0.5144485046875
0 0.9465876796874999 0.5711864671875 0.9462897968749999 0.5727107593749999 0.9474529593750001 0.5742277609374999 0.9485432921875001 0.574743721875 0.9499420953125 0.5747864109374999 0.9505200468749999 0.5729759265625 0.950535259375 0.5716529593749999 0.9496837359375 0.5705881046875 0.9479695781249999 0.5699731671875 0.9465876796874999 0.5711864671875
0 0.408250709375 0.614559121875 0.404697971875 0.617236671875 0.40363545156249997 0.621409028125 0.40324663125000004 0.6247031734374999 0.4059246328125 0.6252237234375 0.40873057968750004 0.6250942453125 0.4107038515625 0.6214363703125 0.41292282968749994 0.6178246640625 0.41135354843750005 0.6154981109375 0.408250709375 0.614559121875
0 0.22403509062500002 0.6121014703125 0.22178210625 0.6210962140625 0.2195903171875 0.6206701734375 0.21903254687499998 0.6222458203125 0.21937534531249997 0.6256821765625 0.2207540703125 0.62898085625 0.2223964421875 0.6296375515625 0.22472146093749998 0.6280679734375 0.2276154921875 0.6144814953125 0.23183493125000001 0.6031741671875 0.2303285578125 0.600523984375 0.22925585312500002 0.6060425703125001 0.22688493125 0.605244259375 0.2248109015625 0.6055144171875 0.223441303125 0.6099645328125 0.22403509062500002 0.6121014703125
0 0.30844281093750003 0.6210975046875 0.3074605 0.6222531796874999 0.30665855937500003 0.6237829546875 0.30634312812500003 0.6254057078125 0.30694710000000003 0.6261964156250001 0.3077949453125 0.627034528125 0.3087056984375 0.6275490109375 0.3102374265625 0.6261626828125 0.31021159374999996 0.621103871875 0.3097238484375 0.6210090640625 0.30844281093750003 0.6210975046875
0 0.3644962046875 0.66938645 0.3656224078125 0.6739842515625 0.3683735015625 0.6728349453125 0.3702206609375 0.6698258640625 0.3723665453125 0.667884015625 0.372412271875 0.6611550484375 0.3712845359375 0.6565569484375 0.3691559515625 0.65580574375 0.3643952703125 0.6569018765625 0.3615192984375 0.6587018109375 0.3603019453125 0.6675604109375 0.3644962046875 0.66938645
0 0.265851084375 0.8311151734375001 0.270611765625 0.830019040625 0.2744272109375 0.824696140625 0.275607490625 0.82121998125 0.2748413875 0.817365484375 0.271504859375 0.8150328625000001 0.2679059203125 0.8153440578125 0.2651203421875 0.81278108125 0.26097198593750004 0.8133229296875 0.2603324734375 0.8179149609374999 0.2615949734375 0.8205177406249999 0.26492285 0.8241968875 0.2634885125 0.8289718703125001 0.265851084375 0.8311151734375001
0 0.186107965625 0.8540187093749999 0.1851258328125 0.864271240625 0.18675831874999999 0.8662726296875001 0.1891290625 0.8579740828125001 0.1889037265625 0.8552354578125 0.18855074375 0.8531453296875 0.186107965625 0.8540187093749999
0 0.1648553890625 0.8697637453124999 0.1626295921875 0.8747207421875001 0.1678681328125 0.8750641109374999 0.1683092 0.8636972421875001 0.1648553890625 0.8697637453124999
0 0.17171396562500002 0.818879728125 0.17062378125 0.817994509375 0.16946915468749998 0.8174326234375 0.1677651109375 0.817101390625 0.167026375 0.8183060031249999 0.16658483125 0.8205775484375 0.166881725 0.8216460171875 0.168089371875 0.82322896875 0.1701634015625 0.8229588109374999 0.170723003125 0.821381928125 0.17171396562500002 0.818879728125
0 0.2909968265625 0.7888396109375 0.2920608796875 0.784667553125 0.2917180828125 0.7812311953125 0.2890314296875 0.782057171875 0.28663331875 0.7852966078125 0.2850284984375 0.78835279375 0.28440598906250003 0.79025330625 0.283846684375 0.7918286546875 0.2845049140625 0.793642259375 0.2873176796875 0.7921674890625 0.2890319078125 0.7911524937500001 0.2909968265625 0.7888396109375
0 0.2086329703125 0.925022790625 0.207951175 0.9306921734375001 0.2084416703125 0.93322129375 0.209494796875 0.9328641140625 0.2108020609375 0.9297500890625001 0.2086329703125 0.925022790625
0 0.23527280468749998 0.9258969718750001 0.23546208906250002 0.92780565625 0.23586339218750002 0.9286317828125 0.2383430046875 0.9274297046875001 0.2400619328125 0.9286997749999999 0.23958020625 0.9246761203125 0.23803296562499998 0.9232515953125 0.23722005625000003 0.9230935812500001 0.2353570875 0.9232933421875 0.23527280468749998 0.9258969718750001
0 0.19139429375 0.83895054375 0.19297303906250002 0.8358892890625 0.193744325 0.8319213671875 0.1928121953125 0.829494228125 0.1926265296875 0.8268381265625001 0.191613734375 0.8262671984375001 0.18963521875 0.8285026265625 0.1880386359375 0.8345544859375 0.1884238875 0.8376250359374999 0.1888497703125 0.8397659453124999 0.19139429375 0.83895054375
0 0.126045178125 0.80397626875 0.127117434375 0.8056825265625 0.1293167953125 0.8059222125 0.12996708437499999 0.8047386109374999 0.130387759375 0.8025744296875 0.1303331515625 0.8006935140625 0.13048234375 0.7984765625 0.129621809375 0.7956892796874999 0.128097615625 0.795579240625 0.1266307984375 0.7973522453124999 0.12621527500000002 0.7987693078125 0.12589439375 0.8011407140625 0.126045178125 0.80397626875
0 0.11664015781249999 0.8487496312499999 0.11772148125 0.8489598203125001 0.1186783765625 0.842595790625 0.1175567203125 0.843313709375 0.11652970625 0.8449859703125 0.1164842234375 0.8466611953125 0.1164402734375 0.84833671875 0.11664015781249999 0.8487496312499999
0 0.1619580109375 0.8257427343750001 0.16360687499999998 0.8273732468749999 0.1643481328125 0.8228391953124999 0.1619580109375 0.8257427343750001
0 0.21039110625 0.7672199125 0.2104262296875 0.761986715625 0.208251446875 0.7630618124999999 0.20664812187499998 0.764808284375 0.20614831718749999 0.7688289765625 0.20847205156249998 0.7705906703125 0.20832677500000002 0.772058671875 0.21039110625 0.7672199125
0 0.25677220312500004 0.7524675515625 0.256676028125 0.7515129109375 0.256241375 0.7508665359375 0.2552583109375 0.7508632734375 0.254537959375 0.7524073171875 0.2542819890625 0.7551654 0.2555753328125 0.7542930296875 0.25677220312500004 0.7524675515625
0 0.234223025 0.7370425 0.2363083734375 0.7393181515625 0.2373144265625 0.7355836906250001 0.2361123484375 0.733104078125 0.234223025 0.7370425
0 0.2506530453125 0.562252040625 0.24792806406249998 0.5647164296875 0.24680095781250003 0.5661830015625 0.24678158749999998 0.5691733078125 0.24840979062500002 0.5687400859375 0.250353125 0.566685646875 0.2517656890625 0.5680824015625 0.25318310781250003 0.5687335703125 0.2547621515625 0.5656707828124999 0.2540053265625 0.562341771875 0.2506530453125 0.562252040625
0 0.2506252875 0.5970581046875 0.2506462484375 0.5991203046875 0.2528104296875 0.5995409796875 0.2539463046875 0.5965798734375001 0.2527648890625 0.5961639953125 0.251452415625 0.59497293125 0.2506252875 0.5970581046875
0 0.289148021875 0.5115293734375 0.2883805953125 0.509696134375 0.2877848578125 0.5077084421875 0.28696803125 0.5082993796874999 0.2856413390625 0.509351503125 0.2853610890625 0.5107932671875 0.2854854609375 0.512315275 0.28642819375 0.51324664375 0.28736909375 0.5141792484375001 0.2886660546875 0.512559459375 0.289148021875 0.5115293734375
0 0.28762212656249997 0.5424882703125 0.2884984140625 0.5430326640625001 0.2898302578125 0.541233421875 0.2893291609375 0.540200071875 0.28868402187500003 0.5406365562500001 0.2877661671875 0.5410184375 0.28762212656249997 0.5424882703125
0 0.230820078125 0.5458571359375 0.23223387812500002 0.5472557234375001 0.23244798125 0.5454254484375001 0.2326581703125 0.5443441250000001 0.2324986171875 0.54300310625 0.23199236875 0.542716875 0.23124075156249999 0.5436929562499999 0.2303502453125 0.5453917500000001 0.230820078125 0.5458571359375
0 0.2755705578125 0.4145649734375 0.2752463015625 0.412630053125 0.274573515625 0.41175115624999997 0.2738619328125 0.41180066562500006 0.2729456125 0.41218284374999997 0.272093903125 0.41295323437500003 0.27225499062499997 0.41429455312499996 0.2723144515625 0.41542988281250004 0.2735219796875 0.4171608421875 0.27443983437499997 0.4167789609375 0.2755705578125 0.4145649734375
0 0.2589814515625 0.43492207812499994 0.25795443749999997 0.43659433906249995 0.257908953125 0.4382695640625 0.258005128125 0.4392242046875 0.2594228453125 0.43987384062499996 0.2609442140625 0.43492954062500006 0.26115469999999996 0.4338466828125 0.2589814515625 0.43492207812499994
0 0.3203392625 0.40305515312500007 0.320770296875 0.40444894375 0.321686915625 0.40406522968749997 0.322974809375 0.40394151093749997 0.323770675 0.4012883734375 0.32311002499999997 0.3989140046875 0.3221621421875 0.3987297546875 0.32134169687499997 0.4000681078125 0.3203392625 0.40305515312500007
0 0.23614589062500002 0.3913677578125 0.2360652265625 0.3932239703125 0.23758818593750003 0.3933321765625 0.238339803125 0.392356096875 0.238380134375 0.391427990625 0.23852026093749998 0.3907071078125 0.238084075 0.3900604359375 0.2373024296875 0.3904703859375 0.23614589062500002 0.3913677578125
0 0.27442770156249996 0.464500296875 0.27347080625000003 0.470864325 0.27656191093750004 0.4694070484375 0.27442770156249996 0.464500296875
0 0.2558020203125 0.4548900953125 0.25424388124999997 0.454962875 0.2534780453125 0.45818214375000005 0.254017940625 0.45828708906250004 0.25462943125000004 0.45803189062499994 0.2558020203125 0.4548900953125
0 0.29367510625 0.49257143281250004 0.29232230000000003 0.492308475 0.29140568125 0.4926921875 0.290618884375 0.49384925625 0.290443578125 0.49475112499999996 0.290499421875 0.496633871875 0.29195231875 0.4971025203125 0.293448865625 0.49589717968749997 0.294246265625 0.493244340625 0.29367510625 0.49257143281250004
0 0.288620075 0.4738090453125 0.28850423125 0.4758462453125 0.290097253125 0.4755940109375 0.2904181328125 0.47322260624999996 0.288620075 0.4738090453125
0 0.28067713125 0.359411975 0.280666828125 0.3609062125 0.28157953125 0.36127145 0.282340215625 0.3587993 0.2820441546875 0.357431746875 0.28067713125 0.359411975
0 0.2959399546875 0.18196245 0.3000126453125 0.185560346875 0.301279578125 0.183374428125 0.29861945156249997 0.18117328593749998 0.2959399546875 0.18196245
0 0.318839503125 0.200637503125 0.316570378125 0.2007567234375 0.3164403140625 0.2050371109375 0.3163544984375 0.2076404421875 0.31803854375 0.20908996875 0.318839503125 0.200637503125
0 0.2552416140625 0.1566457640625 0.256610171875 0.1546658328125 0.25668930156249997 0.15280932187500001 0.255777834375 0.1524459171875 0.25448994062499997 0.1525696359375 0.25366979375 0.1539064546875 0.2539955859375 0.15584167499999999 0.2552416140625 0.1566457640625
0 0.24103642656250002 0.1647386625 0.24237862968749999 0.16649739218749998 0.2428447875 0.1626579875 0.242177453125 0.16103043749999998 0.24103642656250002 0.1647386625
0 0.27507709375 0.20335912031249997 0.273855346875 0.20387134843750002 0.27276733750000004 0.20440798125 0.27380471093750003 0.2062936921875 0.2753222203125 0.2071505515625 0.2765103203125 0.20681960937500002 0.2776968875 0.20648836875 0.279359971875 0.20587569375 0.280046678125 0.20451293593750003 0.2779176765625 0.2039112734375 0.27507709375 0.20335912031249997
0 0.26026784375 0.6745419 0.2614714546875 0.677021809375 0.2627629671875 0.6761506734375 0.2627787203125 0.673907784375 0.2623516015625 0.67176504375 0.261440134375 0.6714016375 0.26026784375 0.6745419
0 0.1919401765625 0.6650041296875 0.188619215625 0.6705345703125001 0.19077309375 0.6724494828124999 0.1911340078125 0.6691515046875 0.1918104109375 0.669282984375 0.19249588125 0.6679183937500001 0.1919401765625 0.6650041296875
0 0.1480339640625 0.6179159750000001 0.149206553125 0.6147741796874999 0.1498025328125 0.611708128125 0.1511501296875 0.607665996875 0.1525820078125 0.6010202359375 0.1509995875 0.5997766984374999 0.1491211640625 0.602217815625 0.1478136015625 0.6053333750000001 0.14721762031250002 0.6083994265625 0.14764350312500002 0.6105403359375 0.146451784375 0.6116186953125 0.145605284375 0.6166941765625 0.1453247359375 0.6181374749999999 0.1451336765625 0.621282234375 0.14518981875 0.6231634484375 0.1463724703125 0.6235811578125 0.148114684375 0.621111971875 0.148596353125 0.62008341875 0.1480339640625 0.6179159750000001
0 0.188662540625 0.64359156875 0.1902449609375 0.64483510625 0.1912173671875 0.64128193125 0.1900695984375 0.6406847671875 0.188662540625 0.64359156875
0 0.123789715625 0.710148590625 0.12384941875 0.7062301765625 0.12359884218749999 0.7031873984375 0.1210349484375 0.70699310625 0.12125579375 0.7094682203125 0.12273297187500001 0.7112531859375 0.12307298124999999 0.7109452171874999 0.123789715625 0.710148590625
0 0.190843696875 0.5919177343750001 0.186540459375 0.5894895250000001 0.1872013828125 0.5983725921875 0.190843696875 0.5919177343750001
0 0.8074353546875 0.8263766390624999 0.8028339765625001 0.825482221875 0.8053268328125001 0.8331296359374999 0.8074353546875 0.8263766390624999
0 0.35005289375 0.5098509828125 0.34574965468749996 0.5074227734375001 0.346410578125 0.5163058406250001 0.35005289375 0.5098509828125