0 0 0.7691473359375001 0.008089396875 0.771602609375 0.0484519921875 0.781345565625 0.0955710671875 0.7897981703125 0.1296754 0.7966690328125 0.1617080453125 0.799272496875 0.21037760312499998 0.8036663109375001 0.253501659375 0.8056196765625 0.28096085937500004 0.8089394546875001 0.3028951484375 0.807873446875 0.33334429062500004 0.8100903828125 0.3621783765625 0.8103732671874999 0.402678021875 0.8126944734375 0.44688855 0.8160394203125 0.4675290046875 0.816523446875 0.514033003125 0.81184305 0.570282146875 0.8067940468750001 0.587096834375 0.8048041453125 0.596762565625 0.8011143281249999 0.6095067859375 0.8140678109374999 0.6361181609375001 0.8421036531249999 0.6518164734375 0.8541307843749999 0.6572623015625 0.8614586515625 0.666724828125 0.86976683125 0.6739248843750001 0.8708200968750001 0.68012131875 0.8634373999999999 0.6787474109375 0.826330265625 0.65534739375 0.728807890625 0.6513989312499999 0.7215397203125 0.64960256875 0.7296333609375 0.654675140625 0.7487109203125 0.667070428125 0.8054921437499999 0.65988823125 0.8101288625 0.6502281484375 0.8056499671875 0.6288168859375001 0.7911829984375001 0.6164756437500001 0.7877965296875 0.6120360765624999 0.756939078125 0.6082841921875 0.756548434375 0.60393530625 0.7489494796875 0.6016651765625001 0.7507972656249999 0.5988924859375 0.753158515625 0.5959792265625 0.7600529953125 0.5907544484375 0.768062403125 0.58646008125 0.7714548031249999 0.5800178015624999 0.7760348546875 0.5713483734375 0.781134996875 0.566268553125 0.7788848046875 0.55389366875 0.7748863609375001 0.549958625 0.77512449375 0.5452841953124999 0.777797578125 0.54286500625 0.778877134375 0.532499971875 0.7739967328125 0.528708259375 0.7714103703124999 0.5252067359375 0.7752886796875 0.5178172609375 0.7814025109375 0.4766698640625 0.782186034375 0.47432017968749995 0.7756697546875 0.47167928750000004 0.775784825 0.46556370625000004 0.779684165625 0.46108976718749994 0.7821142859375 0.457125321875 0.787869378125 0.44955482656249995 0.7824798453125 0.439965490625 0.774859721875 0.43309425937499996 0.77639909375 0.42606078593749996 0.7788249406250001 0.4108691875 0.7804758859375001 0.3966215671875 0.773907159375 0.3930378234375 0.7718308171875 0.38633487031249997 0.7748763734375 0.3806839328125 0.7735819765625 0.37690608281250004 0.7683427046875 0.3711234015625 0.7710249874999999 0.3663525140625 0.7786435515625 0.364553275 0.7801045140625 0.3604055140625 0.7798933984375 0.357558296875 0.7783923296874999 0.3462450265625 0.7747968734375 0.339918915625 0.7781156515625 0.3315654953125 0.7736332609375001 0.3253992515625 0.7698412859375 0.32334798125 0.769483440625 0.31416176406249996 0.7731592703125 0.3070573046875 0.7743421984375 0.3045521 0.7727041531250001 0.3002184421875 0.7696810171874999 0.2910315609375 0.771488628125 0.28565501718749997 0.77764693125 0.2742310078125 0.7753584078125 0.2590157609375 0.7755498656250001 0.2520580578125 0.7767389203125 0.24665380781250001 0.7787087828125 0.2414909625 0.7761021953125 0.23619160625000002 0.7763392359375 0.2274238453125 0.7809272796875 0.2123519203125 0.7800857609375 0.1937013984375 0.7855186749999999 0.1794872984375 0.7782804718749999 0.164841871875 0.7779588625 0.1438837375 0.7729379296875 0.1369127625 0.7705886265624999 0.12173294374999999 0.7724029125 0.11331261249999999 0.7643308515625 0.11080161718749999 0.7614001078125 0.105154315625 0.7672015640625001 0.09933116875 0.7688647078125 0.095166078125 0.7645955609375 0.0919693 0.758479246875 0.0875896328125 0.7627230375 0.0823798625 0.7632808296875 0.064186646875 0.757509825 0.056454265625 0.7549704125 0.0571370609375 0.7506596156249999 0.054251579687499996 0.7477092453124999 0.0509692671875 0.753166815625 0.0496812859375 0.7526048875 0.0447343140625 0.7513426921875 0.036535953125 0.7550077078124999 0.0353703296875 0.7507377265625 0.032484909374999996 0.7535781078125 0.028723646874999998 0.7545904593749999 0.025886746874999998 0.7485336859375 0.020352748437500002 0.7468589515625 0.0180561859375 0.7502261859375 0.013145720312500001 0.750625990625 0.008771564062499999 0.7504953234375 0.0047301515625 0.7528526671875 0 0.7482735515625001 0 0.7691473359375001
0 0.6930042390625 0.8631158859375001 0.6969030046875 0.8618682218749999 0.7044666390625001 0.859327778125 0.708921478125 0.8592624000000001 0.7140064609375 0.85851813125 0.7196042109375 0.8566178656250001 0.7256262796875 0.8561448890625 0.729554040625 0.855657596875 0.7380641890625 0.8536862187500001 0.743500128125 0.853500146875 0.747850215625 0.8517613671875001 0.7553357 0.8497269015625 0.763119484375 0.8478222875 0.7707331125 0.8474029921874999 0.7794599437499999 0.8470889765624999 0.79036658125 0.8460834078125 0.7991676421875 0.84572634375 0.8045372937499999 0.8447450859375 0.8088845906250001 0.8426415984375 0.812349365625 0.8378523046874999 0.8136249718749999 0.8271262406250001 0.8118760796875 0.8252978296875 0.8141399187499999 0.8044627562500001 0.8115635421875 0.8029586703125 0.8092500906250001 0.79578088125 0.8040355890625 0.782128328125 0.8023190921875001 0.7856229703125 0.8051359171874999 0.79776515625 0.8059302374999999 0.806343484375 0.80131758125 0.8101964203125 0.798096653125 0.8169308281250001 0.79969469375 0.8246829 0.7984051046875 0.8275850109375 0.7873935375000001 0.8327423406250001 0.768355409375 0.83640566875 0.7605237859375 0.8336998984375 0.7594667875 0.82932765 0.75754916875 0.8280317625 0.7537214640625 0.8293864187500001 0.7518531312500001 0.8333002515624999 0.738494953125 0.8328380046875001 0.7324786203125 0.8336195171874999 0.72698001875 0.82643283125 0.72553216875 0.8219352671875001 0.7156502390624999 0.82392863125 0.7116062140625 0.8267239406250001 0.7009021640624999 0.819952890625 0.699580540625 0.8198836281249999 0.6903631781249999 0.8175855796875 0.68618603125 0.8148601031249999 0.6871851421875 0.8119177359374999 0.6872124234375 0.8064710734375 0.68653891875 0.8012599343750001 0.6846652296875 0.7984689859375 0.6818850265624999 0.79807763125 0.6763821812499999 0.7998389234375 0.6725300265625 0.79798790625 0.6740048187500001 0.805822703125 0.678682003125 0.8062915671875001 0.6842604140625 0.8078950921875 0.6858595921874999 0.8155955890625 0.684873328125 0.8168597671875 0.68237926875 0.82247286875 0.6815508859375 0.823918996875 0.68148285 0.825217215625 0.6833571125 0.8287435765625 0.6830928265625 0.8319951390625 0.681936265625 0.8355832765625 0.6823001125 0.8405528796875 0.683298778125 0.8426048328125001 0.68518661875 0.8488277875 0.6862004296875 0.8510385640625 0.68732775 0.8558901499999999 0.6871336984374999 0.85959288125 0.6857285625 0.864341475 0.688380790625 0.8646072078125 0.6930042390625 0.8631158859375001
0 0.6777068484375001 0.785579334375 0.6830678421874999 0.7840765984375 0.6811592859375 0.7829063578125 0.669491975 0.77743824375 0.6699941140625 0.78239631875 0.6735088984375001 0.785310825 0.6777068484375001 0.785579334375
0 0.74289863125 0.7970866671875 0.741167715625 0.8062602125 0.7415737609375 0.808961728125 0.7436377671875001 0.8104499140625 0.74857161875 0.812171428125 0.7515951921874999 0.813472078125 0.755382178125 0.8143871515625 0.759496028125 0.8153647312500001 0.7644626796875 0.815027328125 0.7663168687499999 0.8132344125 0.7672275203125001 0.8106065953125 0.7659325828125 0.80647535 0.76574010625 0.8076700390625 0.7605401125 0.8097131921875 0.754957253125 0.8080452843750001 0.751229415625 0.8005977906249999 0.748826390625 0.8001448421875 0.745792109375 0.7994366328125 0.74289863125 0.7970866671875
0 0.6290029890625 0.6613444875 0.6327873312500001 0.6780138265625 0.6349502546875 0.6826302265625 0.637394875 0.6836329796875 0.630081390625 0.6574862640625 0.6290029890625 0.6613444875
0 0.6074631890625 0.641299084375 0.6056985593750001 0.646966059375 0.6062188265625 0.6584449578125 0.6055954390625 0.6606966671875 0.60462738125 0.66994305 0.6076248390625001 0.6719808421875 0.6145943921875 0.6683265296875 0.6160405375 0.6629745687499999 0.617502346875 0.6461279859375 0.6135678265625 0.634354371875 0.6074631890625 0.641299084375
0 0.603006940625 0.6773668546875 0.603270578125 0.6855621953125 0.604205234375 0.6922390125 0.606298834375 0.6842955093749999 0.605885990625 0.6757825484375 0.603006940625 0.6773668546875
0 0.605380671875 0.723549690625 0.6022720203125 0.7189463125 0.5988296734375 0.720829671875 0.5967922015625 0.7248958 0.5985609609375 0.7292709281249999 0.601225396875 0.730886025 0.60351390625 0.7319118890625 0.6045661390625 0.7300159234375 0.6066742374999999 0.7289012875 0.6102915656250001 0.73021740625 0.610272671875 0.7243083203125 0.605380671875 0.723549690625
0 0.71941704375 0.660457990625 0.7190594156250001 0.65465319375 0.7210474234375 0.6556210640625 0.722547509375 0.6597787078125 0.724484603125 0.6622256281250001 0.727217078125 0.6610795640625 0.7284619359375 0.655717053125 0.726846421875 0.6517317296875 0.7249865359375 0.6493342296875 0.7219649765625 0.6474876265625 0.720218040625 0.647801315625 0.7169645671875 0.64927525 0.71530219375 0.6535284515625001 0.715281725 0.656755240625 0.71630741875 0.6625308984375 0.71941704375 0.660457990625
0 0.6994365734375 0.6167492671875 0.699228553125 0.6182106953125001 0.7002086890625 0.624079409375 0.700959371875 0.6251608046875 0.7022807171875 0.62508610625 0.7030929984375 0.621409515625 0.703747840625 0.61879645625 0.7041480546875001 0.616712984375 0.70171576875 0.615415159375 0.6994365734375 0.6167492671875
0 0.63262285 0.6048424390625 0.63412509375 0.6050479046875 0.6355121703125 0.602912884375 0.6355480359375 0.5998699671875001 0.6337008625 0.598871925 0.6325220515625001 0.600645475 0.631171528125 0.6020830140625 0.6315974921875 0.6035088234375 0.63262285 0.6048424390625
0 0.72818491875 0.650493834375 0.7317848890625 0.6542608421875 0.7339554234375 0.654343303125 0.7318388515625001 0.6469317484375 0.72818491875 0.650493834375
0 0.7379082953125 0.6692299562499999 0.739983796875 0.6729170703125 0.7409591796874999 0.6692631109375 0.738048734375 0.6648484890625 0.7379082953125 0.6692299562499999
0 0.7438787578125 0.6233467328125 0.7432618609375 0.6193542875 0.7418122484375 0.619099946875 0.7385755953124999 0.62087986875 0.734534621875 0.6263039390625 0.730962775 0.6377936859375 0.7345123515624999 0.6369094953125 0.73532031875 0.6323001515625 0.737779725 0.6366332421875 0.7402941796875 0.6377663921875001 0.7415442453125001 0.6354990203125 0.744260565625 0.6329893046875 0.744733878125 0.6298394468749999 0.744747109375 0.6265715984375 0.7438787578125 0.6233467328125
0 0.7507196281249999 0.64546475625 0.7521886046875 0.6482157187500001 0.75343664375 0.6508534015625 0.7569471296875 0.659164140625 0.75889665 0.6661507453125 0.7625709390625001 0.664379678125 0.7583682671875 0.6481093046875 0.7552088921875 0.64399613125 0.746107459375 0.6397248828125 0.7448015734375 0.6421019828125 0.7507196281249999 0.64546475625
0 0.6987655453125 0.6539150828125 0.6990614765625 0.65262724375 0.700204796875 0.6504262515625 0.6988125546874999 0.6492861984375 0.698050925 0.6477270140625 0.6972101453125 0.6484543203124999 0.6967209453125001 0.6514296703125 0.697286175 0.6527954984375001 0.6987655453125 0.6539150828125
0 0.7822847546875 0.727954796875 0.7822134203125 0.729196515625 0.782552071875 0.7316613671875001 0.78345025625 0.732047965625 0.784194546875 0.7320869734375 0.785530915625 0.73124795 0.785406309375 0.7292965671875 0.7822847546875 0.727954796875
0 0.79267208125 0.7558162984375 0.7930332875 0.7511631999999999 0.7924764609375 0.74954746875 0.7917142078125 0.7485077125 0.7900065546875 0.7463701 0.7898394515625 0.744244378125 0.7894096265625 0.7428027203124999 0.7873770718750001 0.7391022109375001 0.786057321875 0.74263955 0.785730625 0.745171234375 0.787990190625 0.7471374984375 0.7889595890625001 0.749419484375 0.7897988312499999 0.752841534375 0.79218905625 0.7573900499999999 0.79267208125 0.7558162984375
0 0.79431205625 0.7630667515625 0.7964112421875 0.7702129703125 0.7971951921875 0.7753767015624999 0.7998760859375 0.7811859078125 0.801215353125 0.7764103921875 0.8015388546875 0.77465616875 0.79982238125 0.7720001953125 0.7971421375000001 0.765790475 0.797338684375 0.764070278125 0.7947436484375 0.7610115234375 0.79431205625 0.7630667515625
0 0.8918612484375 0.7074787125 0.8947676093749999 0.7042686078125 0.8991363765625 0.7008597671875 0.9015247171875 0.695860725 0.9046821968750001 0.6922178578125 0.9080046093749999 0.6846516828125 0.9110090718749999 0.67538998125 0.9122628718750001 0.6604225875 0.9123203796875 0.6549962859375 0.911623696875 0.6504363875 0.9107578437500001 0.6543589484375001 0.9103243546875 0.662630409375 0.909014509375 0.6708152625 0.9073344484374999 0.6694050890625001 0.9062274203125 0.6723167671875 0.9052218999999999 0.6792924515625 0.9015451640625001 0.6826030015625 0.8979121078125001 0.6884536921875 0.8949901125 0.69446995 0.892472184375 0.6965378796875 0.8889373109375001 0.6996493312500001 0.8877282984375 0.698565821875 0.8865199625000001 0.696096071875 0.88509406875 0.6968818984375 0.88358143125 0.700517090625 0.8816037421875 0.70714454375 0.8727961859375 0.7155670093750001 0.864482046875 0.71782873125 0.8580460765625 0.7212434531249999 0.8543797265625 0.7217882546875 0.8503681578125001 0.7253973140625 0.8492986359374999 0.7200997046875 0.8452338749999999 0.7230816828125 0.8449140265624999 0.7279606921874999 0.8418566343749999 0.7304102875 0.8362764781250001 0.7312881984375 0.8329966640625001 0.732488503125 0.8275089203125001 0.7386190734375 0.8230817874999999 0.7395589765625 0.8207981625 0.742022525 0.8192470265624999 0.7402123015625001 0.8146551125 0.7428036546875 0.81313914375 0.7418151484375 0.8098097531249999 0.743125509375 0.8020165374999999 0.7495092062500001 0.7983249484375 0.7536106859375 0.7964339359375 0.7548822109375 0.7967581109374999 0.75798155 0.8001645187499999 0.7588140921875 0.8048668921875001 0.757339425 0.8100865562499999 0.7554881890625 0.826041384375 0.747842409375 0.8290161812499999 0.746222440625 0.831596203125 0.7441937515625 0.8349448421875 0.7419190125 0.8396906921875 0.740599959375 0.8465321906250001 0.737567921875 0.8525667046875001 0.7343496468749999 0.859102375 0.730943278125 0.86475435625 0.7277096484375 0.8704490234375 0.72476615 0.8788825265625 0.7201073906250001 0.8840193218750001 0.7160159359375 0.8859587671875 0.7135515609375 0.8877144843749999 0.7124732203125 0.8904142703125 0.710935846875 0.8918612484375 0.7074787125
0 0.9601756265624999 0.6120231921875 0.954815834375 0.610816028125 0.9516471281250001 0.6116278671875001 0.9476659453125 0.6122985515625 0.94403244375 0.6132018140625 0.939287975 0.6148229171875 0.935870475 0.6158141671874999 0.9338716234375 0.616665409375 0.9316525312499999 0.616852653125 0.9293715875 0.6166079421874999 0.9261870375000001 0.6167070359375 0.9254830109375 0.61751191875 0.922974115625 0.6188402468749999 0.92200179375 0.6189128953125 0.9219815265625 0.6160454046875 0.921014528125 0.61568805625 0.919301896875 0.6162726640625 0.9183929375 0.6183904953125 0.919486853125 0.62038641875 0.9169083703125 0.62157966875 0.915896565625 0.6187932093749999 0.9145616765625 0.6207385125 0.9147870328125001 0.6270370640625 0.9217567640625 0.6267530046875 0.927212765625 0.62704989375 0.9331765859375001 0.6294199515625001 0.943278796875 0.62901529375 0.9520431546875001 0.6294182859374999 0.96275015625 0.6291767546875 0.9661381328124999 0.6257931796875 0.9653464749999999 0.622896215625 0.9649942234375001 0.6216761078124999 0.9641037578124999 0.6201868390625 0.9650954171875 0.6077732874999999 0.961257325 0.6026982750000001 0.9560209484375 0.594060825 0.9555013421874999 0.59731778125 0.9557749328125 0.6000686828124999 0.9575907953125 0.6013357671875 0.9586811281250001 0.6042061390625 0.9596970015625 0.60572075625 0.9613788546875 0.6063205375 0.9611094671875 0.6091618953125 0.9601756265624999 0.6120231921875
0 0.9414405078125 0.5795121796875 0.9431206578125 0.5754273265625 0.9337395468749999 0.56284880625 0.9327829062499999 0.5658465984375 0.939950271875 0.573494690625 0.940727103125 0.5784061390625 0.9414405078125 0.5795121796875
0 0.9434204125000001 0.5795001578125001 0.9442729328125001 0.5820717375 0.946415490625 0.5841210546875 0.950773290625 0.5882360125 0.943459784375 0.5770770234375 0.9434204125000001 0.5795001578125001
0 0.9177683968749999 0.593764684375 0.9163501843749999 0.594374109375 0.915066834375 0.6031580437499999 0.913953434375 0.6109980171875 0.9143655546874999 0.6151659234375 0.9154270406249999 0.6164670109375 0.9167946468749999 0.6025226 0.9177683968749999 0.593764684375
0 0.9173323765625 0.6017262140625 0.916535671875 0.6030754296875 0.91706056875 0.6058676640625 0.9177093968750001 0.6061160234375 0.9191148390625001 0.6049442234375 0.919499296875 0.6032808140625 0.9187463656249999 0.602063178125 0.9173323765625 0.6017262140625
0 0.9154633000000001 0.6012058062500001 0.9162141234375 0.597030003125 0.9167615203124999 0.5931830671875 0.9170968546875 0.5896207343750001 0.916502440625 0.5837065203125 0.9149006937499999 0.5873104437500001 0.9134527109375 0.591413721875 0.9132276609375 0.5942151578125 0.9131526734375001 0.5956460078125 0.9129147906249999 0.6001850906249999 0.9126027984375 0.6038393953125001 0.9130764062500001 0.606057846875 0.9145912640624999 0.6046492609375 0.9154633000000001 0.6012058062500001
0 0.9092610343749999 0.6218360390625 0.9084396031249999 0.6301356734375 0.9097551578124999 0.6309775531249999 0.9115792656249999 0.6206228921875 0.9100111312499999 0.6195549828125 0.9092610343749999 0.6218360390625
0 0.90866364375 0.6452665734374999 0.9064785765625001 0.6474020171875 0.905959746875 0.651927940625 0.9058155390625 0.6578143984375 0.9064737718749999 0.6578833171875 0.9074304921874999 0.6563469078125 0.9082734203125 0.6527423328124999 0.90866364375 0.6452665734374999
0 0.90897094375 0.651494315625 0.9070111328125 0.6569148 0.9061712671875 0.66210295625 0.90683181875 0.6640980734374999 0.908547246875 0.6594893484375 0.90861575625 0.657734278125 0.909173353125 0.6561706921875 0.90897094375 0.651494315625
0 0.8906674578124999 0.6631132453124999 0.8904611578124999 0.6608696875 0.8872711843750001 0.660594546875 0.8867671828124999 0.6627476828125001 0.8854738578125 0.6647358453125001 0.88373749375 0.6689976859375 0.8829947625000001 0.6711680390625 0.8830088203124999 0.6734375109374999 0.883318265625 0.6749370109374999 0.8839273406249999 0.6766305828125 0.8836117937499999 0.6790689734375001 0.8835819375 0.6821763562500001 0.8831444484375 0.6835678671875 0.8833556124999999 0.6851514015625 0.8860594828125 0.68646189375 0.887898315625 0.6850515109375 0.8891955906250001 0.68346566875 0.8898227390625 0.6811421828124999 0.890579459375 0.6787347375 0.891250415625 0.6750976796875 0.8903115015624999 0.671786190625 0.8903341421875 0.6687269328125 0.8906355796875 0.6659905203125 0.8906674578124999 0.6631132453124999
0 0.8995607531250001 0.630782815625 0.899345953125 0.6287312609375 0.8986419859374999 0.6275944234375 0.89731545625 0.62761878125 0.8961193625 0.628856315625 0.895394046875 0.6299479765625 0.8948650453125 0.6308465234375 0.8946384234375 0.63248378125 0.8949293203125 0.635501578125 0.8942944125000001 0.6372864218750001 0.8936281562499999 0.6402665734374999 0.8932961796875001 0.6426900203125 0.89339580625 0.645685278125 0.8937885 0.6478056109375 0.8952899109375 0.648325525 0.8966503343750001 0.6467289109375 0.8973395796875 0.6451910015625 0.8978577937500001 0.6434235125 0.8982979046875 0.6420117984375 0.898670034375 0.640673190625 0.8986840734375001 0.6391812546875 0.89880788125 0.636818871875 0.899077459375 0.63483964375 0.8994413609375 0.6330609390624999 0.8995607531250001 0.630782815625
0 0.889527396875 0.64127834375 0.8893643921875001 0.643164584375 0.8887226406250001 0.6455577156250001 0.8892916203125001 0.64789695 0.88993095625 0.6482965828125 0.8909197750000001 0.6481778578124999 0.8922654109374999 0.6469231265625 0.8932764609375001 0.6437529453125 0.8935388421875 0.6411646921874999 0.8939500328125 0.636752040625 0.8932790703125001 0.634836175 0.8928921453124999 0.634277659375 0.8916305031249999 0.6343476625 0.8909876953125 0.6356861687500001 0.8905194265624999 0.6364110921874999 0.8899884671875 0.63773511875 0.8896612625 0.6387240359375 0.889527396875 0.64127834375
0 0.8860175265624999 0.6508092750000001 0.886086521875 0.64976145 0.88574873125 0.649310340625 0.8855838359374999 0.648247128125 0.8865963984375 0.6474365109375 0.8859767765625 0.6466905609375 0.8859078671875 0.6459155796875 0.8856912140625001 0.6451234671875 0.8850450765625 0.6447938875 0.8845036328125 0.6447655109375 0.883715775 0.6445427234375 0.8828798125 0.644401903125 0.8830916999999999 0.64334435625 0.8824406249999999 0.6426014515625 0.8809824796875001 0.6427487765625 0.8797648359375 0.6434719796875 0.8791836906249999 0.6451266453125 0.87921005625 0.6469821296875 0.8808482984375001 0.6479363640625 0.8810352828125 0.6489960390625 0.8812458703124999 0.6502024640624999 0.8814050640625 0.6507474796875 0.88179331875 0.653221190625 0.882058625 0.654906134375 0.8822323953125 0.65636723125 0.88296785 0.6572913640625 0.88401159375 0.65746810625 0.8846704296875 0.6569284093750001 0.885320484375 0.656048725 0.8853583453124999 0.6553262796875 0.885345703125 0.6546121390625 0.885439640625 0.6530884046875001 0.8855718343750001 0.6522379078125 0.8856959312500001 0.6515418859375 0.8860175265624999 0.6508092750000001
0 0.8759790562499999 0.639130396875 0.875716375 0.639634528125 0.8757974515625 0.6408341640625 0.8759040140625001 0.6439956375 0.8757344109374999 0.645380846875 0.875830025 0.6469598890625 0.8767510796875 0.6482536171875 0.8769622406250001 0.6479861765625 0.8781190437499999 0.6473192421875 0.8783737609375001 0.6464595203125 0.878669909375 0.6454063890625 0.8789704031250001 0.644330015625 0.879390328125 0.64261683125 0.8795488640625001 0.641681659375 0.8795602625000001 0.6405087734375 0.8788955218750001 0.6396086890625 0.8785377265625 0.6378375359375 0.8779347953125001 0.636444696875 0.877404065625 0.6369582484375 0.8759790562499999 0.639130396875
0 0.8639146234374999 0.637089946875 0.8647591296874999 0.636500525 0.8652560796875 0.6354970328125 0.8656940562500001 0.6344544625 0.86628469375 0.6337531640625 0.8668841046875 0.632257484375 0.8674144984375 0.630974109375 0.8675764890625001 0.6300625875 0.8673951015625001 0.6283288437500001 0.8676833437499999 0.62754598125 0.8683701218750001 0.6259954249999999 0.8688804140625 0.6247970515625 0.869079934375 0.6238859328124999 0.8688557640625 0.6221624640625001 0.8692318531250001 0.6197929609374999 0.8690223578125 0.6183268640625 0.8682837671874999 0.6177014140625 0.8677543406250001 0.6166973296875 0.8673974578125 0.616073109375 0.8662760046875 0.6146922109374999 0.8656613343749999 0.6144190421875 0.8644385765625 0.6146725843749999 0.8631901984375 0.6160419375 0.8624255609375 0.617197253125 0.8619433578125 0.6180387953125 0.861426559375 0.620256975 0.861221071875 0.6220283359375001 0.8611369249999999 0.6236339453124999 0.8610635734375001 0.6250335859375 0.8599658187499999 0.6268129484375 0.8597236031250001 0.6277625109375 0.8597042781249999 0.6313257578125 0.85935221875 0.6320724171875 0.859606896875 0.6332436015625 0.8594649578125001 0.634578628125 0.8593030453124999 0.6362051953125001 0.8599446125 0.6373982203125 0.8608550484374999 0.6378496124999999 0.8618515312499999 0.63785333125 0.8633489890625 0.637224590625 0.8639146234374999 0.637089946875
0 0.85853378125 0.6261934015625 0.8584085343750001 0.6276278750000001 0.8591211671875 0.62895761875 0.859928284375 0.6286337921875 0.86056166875 0.6273855421875 0.8609443515624999 0.6262336796875 0.8609800265625 0.6252842453125 0.8604433640625 0.6245974046875 0.8599331265625001 0.6245706640625001 0.8596620984375001 0.62484591875 0.8590923937499999 0.6255060703125 0.85853378125 0.6261934015625
0 0.8641927015625 0.6054814937499999 0.8634572546875001 0.6075427046875 0.8635542140625001 0.6110963984375 0.863558228125 0.613258946875 0.863646715625 0.614914284375 0.864215725 0.6144465484375 0.8655121359375 0.612668209375 0.8653759515624999 0.6121916796875 0.8656054781250001 0.6092152375000001 0.86594639375 0.607845265625 0.8667662828125 0.606979175 0.8669850484375001 0.606566621875 0.8671221421875 0.6055927750000001 0.8666635484375 0.6040432124999999 0.8662482218750001 0.6028025875 0.86661248125 0.6015245874999999 0.86587490625 0.6017753921875 0.8651026046875 0.6028082640625 0.8641927015625 0.6054814937499999
0 0.8841377390625 0.6287885281250001 0.884246884375 0.6273328703125001 0.8843237531250001 0.625866134375 0.8819080343750001 0.6274168296875 0.8815007375 0.6279337218750001 0.8814022828124999 0.6283494515625 0.8809618796875001 0.629557746875 0.8809215921875 0.6311922531249999 0.881231215625 0.63164345 0.8819895296875 0.6315940078125 0.8829432015625001 0.6307427515625 0.88364968125 0.629891059375 0.8841377390625 0.6287885281250001
0 0.878698059375 0.6144169546875 0.8782302874999999 0.6162668828125 0.8777860890625 0.6151890343749999 0.877252234375 0.615314390625 0.8768307125 0.6164908171875 0.8768248249999999 0.6166031624999999 0.8771587375 0.618441909375 0.8774387359375 0.6197270734375 0.87777146875 0.621797325 0.877984103125 0.6233527734375001 0.8784345234375 0.623237125 0.8785193625 0.6221557078125 0.878854884375 0.6201721124999999 0.878969278125 0.6197806875 0.8795718140625001 0.617568565625 0.8796821265625001 0.6169265828125 0.87979923125 0.6154384859375 0.8798770984375001 0.6144005124999999 0.8792708828125001 0.6141152703125 0.878698059375 0.6144169546875
0 0.8720800109375 0.621096934375 0.871477553125 0.621456521875 0.8706581265625 0.6225526390625 0.8706549046875001 0.6235694890625 0.8708346312499999 0.6248572218749999 0.8715385343750001 0.6253384718749999 0.872279925 0.624895415625 0.8730015468750001 0.6238145140625 0.8728904984374999 0.6222612609375 0.87265696875 0.6212836359375 0.8720800109375 0.621096934375
0 0.8944239828124999 0.60480963125 0.894275803125 0.60357675 0.8941799671874999 0.601374965625 0.894013790625 0.5993509953125 0.8933109281249999 0.5991185796875 0.8926713609375 0.5998877234375 0.8920808156250001 0.6010052234375001 0.8911884359375 0.602717115625 0.890836940625 0.603781428125 0.8903687359375001 0.6051619421875001 0.8901323375000001 0.6064184796875 0.8896457421875 0.6078214984375 0.8895252859375 0.6093735703125 0.88920153125 0.611102746875 0.8890766187500001 0.6125607078125 0.889288028125 0.6141395609375 0.8895860921875001 0.616154796875 0.8906159265625 0.6154624328125 0.8923619953124999 0.6142099109375 0.8930896859375 0.6134610312500001 0.8936137640625 0.61220861875 0.8938792765624999 0.6100382890625 0.894250740625 0.608294403125 0.8944548515624999 0.6066090265625 0.8944239828124999 0.60480963125
0 0.8920549781249999 0.596363134375 0.8920211359374999 0.595963940625 0.8909607562499999 0.5955672765625 0.8906593265625 0.5957658359375 0.8901562015625 0.598170925 0.890132115625 0.59916790625 0.890301184375 0.600539571875 0.8907692812500001 0.6012509828125 0.8915107593749999 0.6011943984375 0.8921911250000001 0.59961690625 0.8920793937499999 0.5983155250000001 0.8920549781249999 0.596363134375
0 0.8867890656249999 0.5930063750000001 0.8869830625 0.593842675 0.88683664375 0.595711009375 0.8869167093750001 0.5986317015625 0.887192021875 0.5995285906250001 0.8877027609375 0.598859090625 0.8892604140625 0.59675335 0.8899550421875 0.5950529999999999 0.8905627640624999 0.5928912171875 0.8908341296875 0.5919228421875 0.8910425328124999 0.5903346984375 0.89109978125 0.589272175 0.891773065625 0.5894420203124999 0.8924453703124999 0.5892722859374999 0.8928851625 0.588642878125 0.8933809984375 0.5870635390625 0.89361990625 0.585639715625 0.89346561875 0.5838964390625 0.892311484375 0.5825419921874999 0.8920821453125001 0.5826786140625 0.8918590015625 0.583712103125 0.8912068359375 0.5876474265625 0.8906964593750001 0.58368246875 0.8907021125 0.5828879265625 0.8888384500000001 0.5830703265625 0.888477803125 0.583980825 0.8876391312499999 0.585683015625 0.8878352453125 0.587911959375 0.887524209375 0.589219346875 0.8871486015625001 0.589698784375 0.8865963593749999 0.5905929828125001 0.8864204671874999 0.5917697640624999 0.8867890656249999 0.5930063750000001
0 0.9016098671874999 0.6034463437500001 0.902950175 0.602233578125 0.9032659640625 0.601611753125 0.9036019640624999 0.6006639765624999 0.9038406218749999 0.598856803125 0.9039946171875 0.5970827437499999 0.9040663296875 0.596430915625 0.9043407265625 0.5943298968749999 0.9050128640624999 0.5926706125 0.9045805578125 0.5922614890625 0.9043728796874999 0.5912085515625 0.9050353453125 0.5900025078125 0.9053732171875 0.5893474171875 0.9059437828125001 0.5873870921875 0.9059007046875 0.5864476125 0.9060721578125 0.5856242078125 0.9061747609375 0.584293378125 0.9060792671875 0.582891146875 0.9062004921875 0.5818319765625 0.9058111890625 0.5801843437499999 0.90558655 0.57820111875 0.9046720687500001 0.5783941484375 0.9041252546875 0.5807969484375 0.9040148406249999 0.585769859375 0.9040084453125001 0.5865487171875 0.903298096875 0.5858918906249999 0.9029528625 0.5859410781250001 0.9027273234375001 0.5872889328124999 0.9024259046875001 0.5890098921875 0.9024205609375 0.59045534375 0.901745496875 0.5918719546875 0.9015271703125001 0.5927836531249999 0.9012995546875 0.5940218749999999 0.9014277390625001 0.594710778125 0.9011272765625 0.59593579375 0.900680996875 0.59656955625 0.9000855640625 0.5982281656249999 0.8999954515624999 0.599231075 0.8999834640625 0.6007137296875 0.8998916390625 0.6021374374999999 0.9002445171875 0.6035844515625 0.9016098671874999 0.6034463437500001
0 0.8846718140625001 0.579606890625 0.8852902703125001 0.5791808625 0.8854135125000001 0.57796376875 0.885221603125 0.576550225 0.8847659718750001 0.57649661875 0.88419384375 0.5766058875 0.8838697671875 0.5776246984375 0.8838547140624999 0.5789867140625 0.8846718140625001 0.579606890625
0 0.8912592453125001 0.570047925 0.89134223125 0.5720769234375 0.8916089640625 0.5742720171875 0.8918415140624999 0.575268365625 0.892574809375 0.5760844234375 0.8931264531249999 0.5750822343750001 0.8936496046875 0.5737280703125001 0.8943088171875001 0.5715689875 0.8944812046875 0.5708770609375 0.8945787609375 0.5690155531250001 0.8944648374999999 0.56856209375 0.895304634375 0.565644234375 0.8948357515625001 0.5643507343749999 0.8945498171875 0.56332811875 0.8939493546874999 0.5626942609375 0.8934550546875 0.5637964656250001 0.8929789749999999 0.5648495546875 0.8929919765625 0.5660643999999999 0.8929202296875 0.566567584375 0.8923531875 0.566281265625 0.8918045093750001 0.568062803125 0.891709403125 0.569131165625 0.8912592453125001 0.570047925
0 0.871555228125 0.58238673125 0.8708147296875 0.58167825625 0.8691928171875001 0.5799347312500001 0.8684488234375 0.5793825375 0.867602953125 0.5801174 0.8671871140625 0.5813645328125 0.8674773874999999 0.583797121875 0.8673557578125 0.5856104281250001 0.866838471875 0.5882260031250001 0.8666689453125 0.590326259375 0.8671196921875 0.5902043703125 0.867801865625 0.5897269171875 0.8682042828125001 0.5905272 0.8685897812500001 0.5916802062500001 0.8696315859375 0.5923716140625 0.8700899906249999 0.5912378015625 0.8703656890625 0.5901867281250001 0.8704553921875 0.589191621875 0.870892721875 0.5881912640625 0.8712290640625 0.5869383984375001 0.8718284890625 0.5855021765624999 0.8718917484375 0.5845041203125 0.8717034734375 0.5828122609374999 0.871555228125 0.58238673125
0 0.8793121156250001 0.55711118125 0.87919321875 0.55534941875 0.878644396875 0.5550139859375001 0.8777455328125001 0.5563719296875 0.8770317890625 0.5574219515625 0.8765852015625001 0.5592557796875 0.876506125 0.5607646468749999 0.8770379140625 0.5620520546875001 0.8773157843750001 0.5626314546875 0.8768573078124999 0.5641845875 0.8766882062500001 0.5659781953125 0.876254175 0.5681396921874999 0.8764179593750001 0.5690150890625 0.8782023109375 0.56855471875 0.8787942734374999 0.5675296078125001 0.879292325 0.5655795640625 0.8794988453125001 0.5643856109375001 0.879664603125 0.5634320421875 0.87980599375 0.5614805171875 0.8799239421875 0.5600957296875 0.8802726921874999 0.5592331125000001 0.8796940937500001 0.557584946875 0.8793121156250001 0.55711118125
0 0.884395121875 0.5430892390625 0.8837272875 0.5430542390624999 0.8832005765625001 0.54390909375 0.882695859375 0.5447025171875 0.8824871218749999 0.546625478125 0.8821375390625 0.548907184375 0.8824896546875 0.5513539656249999 0.883034115625 0.5516531828125 0.8844261812499999 0.5505276203125 0.885038046875 0.549271984375 0.8853077375 0.5481564453125001 0.8858968359375 0.547185946875 0.8864999250000001 0.5485459359375 0.88662481875 0.5444312078125 0.8859192578125 0.5453549234375 0.88559353125 0.5441362062499999 0.884395121875 0.5430892390625
0 0.8996743265625 0.5546046718750001 0.8991931624999999 0.5549487109375 0.898686209375 0.556023653125 0.898395021875 0.5572209906250001 0.8981631109375 0.558720284375 0.898941909375 0.5595637609375 0.8995347312499999 0.559447753125 0.8998421484374999 0.5584781390625 0.8996639312499999 0.55769899375 0.8999334953125 0.5560186109374999 0.8996743265625 0.5546046718750001
0 0.8815793140625001 0.5712022734375 0.8808434046875 0.5744963984375 0.8818764328125 0.5752358515625 0.8827834843750001 0.5719303546875001 0.8815793140625001 0.5712022734375
0 0.8834065953125 0.598613596875 0.8819072468750001 0.598860465625 0.882619678125 0.602970571875 0.8834065953125 0.598613596875
0 0.9006194375 0.5393175593749999 0.9001133640625 0.5391815125 0.899873209375 0.5397932187500001 0.8991001953125 0.5402127125 0.8981891328125 0.5395344140625 0.8977476390625 0.5384348015625 0.8974127984375 0.5379572484375 0.8966489765625001 0.5383506234375 0.8965330328125001 0.5406226703125 0.8964564921875 0.542083165625 0.8963653125000001 0.543822965625 0.8963040546875 0.5464248875 0.8956055609375 0.5495723328125 0.8951407421875001 0.5521421531249999 0.8956351203124999 0.5528596343750001 0.8980135359375 0.5541702828124999 0.8986779625000001 0.5529267890625 0.8986686781250001 0.5514320671874999 0.898968753125 0.5499457343749999 0.899437925 0.548487040625 0.8996336953125 0.5469608203125 0.8996986234375 0.5457218953125 0.8997537718749999 0.5440725203125 0.9000474171875 0.543216403125 0.9004339015625 0.5421711359375 0.9010441015625 0.5404397609375 0.9006194375 0.5393175593749999
0 0.8937182734375 0.53515849375 0.894440696875 0.5332561953125 0.8948946687499999 0.531759153125 0.8955283968750001 0.5287428734375 0.8946176671874999 0.5273417265625 0.8936937468749999 0.5257145796875 0.893468 0.526499153125 0.8926976812499999 0.5275837609375 0.8922448375 0.5297161078125 0.892201946875 0.5314600031250001 0.8922121453124999 0.5341016578125 0.8923165984375 0.53664655 0.8928790109375001 0.5364241171875 0.8937182734375 0.53515849375
0 0.8851394796875001 0.526139340625 0.8856639203125001 0.526880303125 0.8863787750000001 0.5271227359374999 0.8867533171875 0.5266635843749999 0.88695693125 0.5249578406250001 0.8873412765625 0.5227890453125 0.887668753125 0.520809721875 0.8881294046875 0.5187075109375 0.8877621265625001 0.5178636953125 0.886628184375 0.5183033906250001 0.8864140484374999 0.5192246953125 0.88608883125 0.5206533828125 0.8857934937499999 0.5220194859375 0.8854478234375 0.5241668374999999 0.8851394796875001 0.526139340625
0 0.8929573109375 0.542841696875 0.8924200453125 0.5446144453125 0.8925637656250001 0.5464698234375 0.8935663125 0.5475221718750001 0.8939772921875001 0.54326284375 0.8929573109375 0.542841696875
0 0.8942165203125001 0.5451169671875 0.8949130500000001 0.544574553125 0.8949362328125 0.543206703125 0.894941796875 0.5423839921875 0.8942208078125 0.542616890625 0.8940651609374999 0.5436163640625 0.8942165203125001 0.5451169671875
0 0.8765528890625 0.53810791875 0.877049959375 0.5372812375 0.8767423171875001 0.5361354421875 0.876218184375 0.5352990515625 0.8757074609375 0.53566970625 0.87547415 0.5367777640625 0.8755323609375001 0.537816609375 0.8759756578125 0.5381652875 0.8765528890625 0.53810791875
0 0.9064151921875 0.5414910515625 0.9063769578124999 0.542757975 0.9071734203125 0.543264415625 0.907619496875 0.5380368468750001 0.9069043609375 0.53800875625 0.90686654375 0.5381929671875 0.9066215546875 0.539225309375 0.9064619671875 0.5405985265625 0.9064151921875 0.5414910515625
0 0.91189944375 0.5484141265625 0.9123151078125 0.5482152953125 0.912618275 0.5469685156249999 0.9128695656250001 0.5462040578125 0.9124780203125 0.5455545500000001 0.9120232296875 0.545216221875 0.9119541343750001 0.54581811875 0.9117322359375001 0.5469173859375001 0.91189944375 0.5484141265625
0 0.915285821875 0.541179878125 0.9149757828125 0.5440206703125 0.9159419968750001 0.544542265625 0.9161325984375001 0.5412039156249999 0.915285821875 0.541179878125
0 0.918118365625 0.4968048078125 0.9177293671875001 0.49873396875 0.9190303265624999 0.4996752203125 0.9198473953124999 0.49426525625 0.9184412484375001 0.49485340781250003 0.9182749937500001 0.49578660937499996 0.918118365625 0.4968048078125
0 0.897956259375 0.5153766203125 0.8994500203125 0.5165798828125 0.8999555921875 0.5118889765625 0.8983258703124999 0.5104736187500001 0.897956259375 0.5153766203125
0 0.8144216343749999 0.40022193906250003 0.8136716390625001 0.40148598281250003 0.8119255140625 0.4061728953125 0.811912246875 0.4074411265625 0.812748628125 0.411664125 0.81411985 0.4117125171875 0.8147239015625001 0.410397015625 0.8161322125 0.40663275 0.8160177093750001 0.405055846875 0.816322040625 0.40277176875 0.8158977671875001 0.40044794218749996 0.8144216343749999 0.40022193906250003
0 0.8319777828125 0.5956977125 0.8322224453124999 0.5979855281249999 0.8334875203125 0.59931293125 0.834558271875 0.5998102765625 0.8354313140625 0.597929953125 0.8345800359375 0.5961407609375 0.833627821875 0.5917395812499999 0.83272275 0.5921412015625 0.8321923421875 0.5933651203125 0.8319777828125 0.5956977125
0 0.52609146875 0.72974600625 0.52783001875 0.7290250687500001 0.5283565796875 0.728232790625 0.52878451875 0.7252620546874999 0.5303690265625 0.7238977984375 0.5310733078125 0.721655021875 0.5309823703125 0.7182252499999999 0.529886125 0.7149900046875 0.530170578125 0.7108460890625 0.52535169375 0.7083639234375 0.5244402296875 0.70882779375 0.5229046453125 0.7100944765625 0.5205909828124999 0.710802484375 0.519277434375 0.7115941984374999 0.5178036875 0.7135916796874999 0.5163392046874999 0.714785421875 0.5146826156250001 0.7155247359375 0.5137758359375 0.7167351875 0.5128038562499999 0.7187120265625 0.51204559375 0.7204622406250001 0.5105233796875 0.7223992921875 0.5098772171875 0.7252647140625 0.510007640625 0.7286277109375 0.51100328125 0.73037909375 0.514011746875 0.7320575953125 0.5156544843749999 0.7321796734375 0.5176373562500001 0.7314840593749999 0.5190816078125 0.7305270828125 0.520884121875 0.730496378125 0.52372485 0.7301508265625001 0.52609146875 0.72974600625
0 0.41280897968749997 0.7092782703125 0.41428281718750004 0.7080552921875001 0.41478351093750004 0.706532534375 0.4153744671875 0.7050489296875 0.415990821875 0.7040360484375 0.41631769218750003 0.7019190046875 0.41619980156249997 0.7006157359375 0.41594493125 0.6993287578125 0.4156638984375 0.6978244890624999 0.4157033859375 0.6966530750000001 0.41531386562500006 0.6958753734374999 0.41450115781249997 0.6946937203125 0.4143529984375 0.6935500234374999 0.4140763703125 0.6926483718750001 0.41276388124999996 0.6930317703125 0.4119261515625 0.693073921875 0.4116547640625 0.6921021374999999 0.410979559375 0.691789809375 0.40999008750000004 0.691921015625 0.40937228281250004 0.692692865625 0.40802715 0.6917884140624999 0.40704539687499997 0.691921590625 0.405702734375 0.6925224578125 0.4043633 0.6935991453125 0.4021774734375 0.69601775 0.401261284375 0.6992288890625 0.4014685421875 0.7024394484375 0.4023349203125 0.703821059375 0.40293378750000003 0.705769134375 0.40410439531250003 0.7084512625 0.40490244531249997 0.709823034375 0.40838035 0.7097690421875 0.41055470937500005 0.709330675 0.41280897968749997 0.7092782703125
0 0.3907827734375 0.7194425625 0.39044742656250003 0.7203778562500001 0.390512753125 0.7220272859375 0.39092701875 0.7232881953125 0.3915679828125 0.7236268921875 0.392682203125 0.7235037875 0.39350917500000004 0.7230996390625 0.394569615625 0.7215545828125001 0.3948937453125 0.7207736015624999 0.39494109375 0.719870153125 0.3947248484375 0.719070240625 0.394032984375 0.71770246875 0.3944474140625 0.7174973140625001 0.3932698625 0.7171868234375001 0.3920714703125 0.717691984375 0.391360684375 0.7183869875 0.3907827734375 0.7194425625
0 0.395902153125 0.7061297453125001 0.39512264375 0.70688216875 0.3946783984375 0.7078054953125 0.39541297656249996 0.7084776749999999 0.396227796875 0.7084546625 0.396979428125 0.7082640515625 0.397376528125 0.7073147828125 0.3974289453125 0.7063145921875 0.39693572499999996 0.7059930265625 0.3959758453125 0.705887959375 0.395902153125 0.7061297453125001
0 0.37786369531249997 0.7214989359375 0.37823242968750004 0.720404234375 0.3785775125 0.719671290625 0.37884684687500003 0.71880138125 0.378731015625 0.718264896875 0.37836028593750004 0.7177854609375001 0.377403521875 0.7176508296875 0.37665804999999997 0.7178433281250001 0.37585436875 0.7181016203125 0.3751095515625 0.719386275 0.3741711453125 0.718722190625 0.3743418703125 0.7190471953124999 0.37633262031250003 0.7216346171875 0.37685761093750003 0.722633775 0.37721803125000003 0.7229217828125 0.37786369531249997 0.7214989359375
0 0.377821 0.7362559890625 0.378343778125 0.7358046046875 0.3787613328125 0.7348830078125 0.3786157484375 0.7338693109375 0.3782522265625 0.7325656875 0.3777096609375 0.731931734375 0.3771950125 0.7323772859375001 0.3764161875 0.7325195328125 0.3751233671875 0.7334531515625 0.3747374921875 0.7339195328125 0.37459745624999996 0.734949553125 0.3748536890625 0.736091090625 0.3759605390625 0.7364369921875 0.377821 0.7362559890625
0 0.3751514609375 0.7537261546875 0.375109428125 0.7545281796875 0.374794084375 0.75603718125 0.37444475312500003 0.757239296875 0.3751270109375 0.75750661875 0.3756313203125 0.757467334375 0.37722813906249997 0.756435428125 0.3777689890625 0.7556392046875 0.378086771875 0.7543822390625 0.375317740625 0.7532701703125 0.3751514609375 0.7537261546875
0 0.392639040625 0.7501521109375 0.39257975312500004 0.7512833718749999 0.3927505484375 0.7522936953125 0.39366476875 0.7524041921875 0.3945987609375 0.7516895953125 0.394812328125 0.7500626046875001 0.394621340625 0.74946741875 0.39367148125 0.7489920546875 0.3932769 0.7490871593749999 0.392639040625 0.7501521109375
0 0.3884067453125 0.7413435374999999 0.387829290625 0.7400318312499999 0.3873848359375 0.739645540625 0.3868609890625 0.74008748125 0.3860082953125 0.7415198171874999 0.3858417328125 0.742548446875 0.3857760078125 0.7435338578125 0.3868241671875 0.743626340625 0.3876230515625 0.7432207203125001 0.38879304062500003 0.7423917546875 0.3890347375 0.74169094375 0.3884067453125 0.7413435374999999
0 0.3637799421875 0.7463459015625 0.3634207703125 0.746870009375 0.363335496875 0.7478403140625 0.3636692390625 0.7485478125 0.365579684375 0.7460396734375 0.36494875625 0.74577816875 0.36463979062499996 0.746060825 0.3637799421875 0.7463459015625
0 0.4366694625 0.7678009859375 0.4364001671875 0.7666399875 0.4359344625 0.7659725125 0.43428099062500003 0.76521931875 0.433596859375 0.7661222515625 0.43348420625 0.7673164296875 0.433542465625 0.7693097109375 0.4339457984375 0.770898621875 0.43510250156249997 0.7708903984375 0.43588952656249996 0.7703229984375 0.43638687656249997 0.7696402796874999 0.43663370468749996 0.7687519796875 0.4366694625 0.7678009859375
0 0.4372972234375 0.7667495859375 0.4382222953125 0.767279978125 0.43872166718749994 0.7668273671875 0.43907740000000006 0.7659807625 0.43879534218750005 0.7650334515625 0.4381411203125 0.7641714687500001 0.4376887 0.763787890625 0.43714485 0.7651190640625 0.4371502140625 0.7659720765625 0.4372972234375 0.7667495859375
0 0.46122254375000005 0.762175159375 0.4611284984375 0.7613722625 0.4606499515625 0.760203428125 0.45997626406250003 0.759324778125 0.4594638125 0.7604150765625 0.45916986406250004 0.7617546546875 0.4590663703125 0.762774071875 0.45897440625 0.7635734796875 0.45895829218750006 0.7645974765625 0.4597805109375 0.7649707078125 0.460278840625 0.7642692640625001 0.460826828125 0.7630681734375 0.46122254375000005 0.762175159375
0 0.45287730625 0.7770619296875 0.452557540625 0.7760578812500001 0.4518993828125 0.7759576734375 0.450869684375 0.7757816671875 0.4505242375 0.775984178125 0.450148084375 0.7765934515625 0.4501803796875 0.778156659375 0.450348465625 0.7788007140625 0.45055127187500005 0.7797376109374999 0.4513532140625 0.7797812046875 0.45194930937500005 0.7792444781250001 0.45244001562499997 0.7785989625 0.45287730625 0.7770619296875
0 0.4770295390625 0.7386608328125 0.4768971515625 0.737902865625 0.47620315 0.7372625421875 0.4747213171875 0.73651834375 0.4741613453125 0.736634509375 0.47308149374999997 0.7380424234375 0.472026059375 0.738835146875 0.4713169296875 0.738483490625 0.47113233593750004 0.7385723890625 0.4703495359375 0.7392980390624999 0.46926164843749996 0.7400233468749999 0.4688167484375 0.73985451875 0.46850394375000004 0.7394939046875 0.4671188328125 0.7386655906249999 0.466409265625 0.7385611234375 0.46585492031250003 0.7388684703124999 0.46460803281249996 0.7395525890625 0.46388592968750003 0.740314278125 0.46345093125 0.7410910140625 0.4625850015625 0.74208925 0.461933275 0.7421051640624999 0.46109582656250003 0.7430376125 0.46078102187500003 0.7443870484375 0.46118205 0.7452138578125 0.462057775 0.7457901671875 0.462457721875 0.7461897703125 0.46307384375 0.747808609375 0.46340913125 0.7488150375 0.464383659375 0.7501632 0.46494868125 0.74986110625 0.464741765625 0.7478084015625 0.4649502390625 0.746905575 0.465614221875 0.7469841828125 0.46660969999999996 0.7476340484375 0.46768457343750003 0.7470973796875 0.4675736328125 0.74566148125 0.46762703749999995 0.7446722953125 0.46805794062499995 0.7439438484374999 0.468467775 0.74302028125 0.46903046093749995 0.7436584171875 0.47126437968749996 0.7444123031250001 0.4718697828125 0.7447428765625 0.47286507968749997 0.7449483734375 0.47446047656249996 0.744898990625 0.47649320156249997 0.7438492484375 0.47696574687500004 0.742415765625 0.47728562343750003 0.7406112828125 0.4773100375 0.7396080609375 0.4770295390625 0.7386608328125
0 0.477012659375 0.7119639875 0.4765259421875 0.714294834375 0.4764583953125 0.715583690625 0.476648996875 0.7170221999999999 0.4769021453125 0.717595609375 0.4777848234375 0.7180392875 0.479846440625 0.7176622921875 0.48135555312499995 0.7166320500000001 0.481046140625 0.7152811921875 0.4805521796875 0.7142273328125001 0.480079315625 0.71312920625 0.47954113125 0.711516015625 0.4793510484375 0.710187059375 0.4798026875 0.7089136375 0.4799745640625 0.7081418890625 0.478613771875 0.7084617328125 0.47794517656249996 0.7094265015625 0.477012659375 0.7119639875
0 0.43987281874999995 0.7202315687499999 0.43972100000000003 0.7214565515625 0.43932858281250003 0.7220477625 0.4388286859375 0.7234657296875 0.43923067343750005 0.7245429328124999 0.44049721249999996 0.723961546875 0.44107095 0.7233438515625 0.4413250296875 0.722197765625 0.4413203421875 0.721063153125 0.440997515625 0.7203264984375 0.4404779171875 0.7202992671875 0.43987281874999995 0.7202315687499999
0 0.4450509453125 0.720665665625 0.44488126250000004 0.72058949375 0.44443642031249997 0.7210465265625 0.44408281406250005 0.7218525625 0.44364868125 0.72171715625 0.44333922968749995 0.7220389015625 0.44294181874999994 0.721590925 0.4422861 0.7213844500000001 0.442686109375 0.722797946875 0.4436309140625 0.7234295093750001 0.44492107968749994 0.7231137875 0.44549304687499997 0.722649334375 0.44575148750000004 0.7215394640625 0.4450509453125 0.720665665625
0 0.4699927890625 0.754733334375 0.4718012890625 0.7542898765625 0.4722125421875 0.7531003953125001 0.47062698281250004 0.7501258359375 0.4700960078125 0.7517487093749999 0.469744721875 0.754122640625 0.4699927890625 0.754733334375
0 0.44786477968750005 0.7587792265625 0.44862413749999996 0.7586203125 0.4484301125 0.7565604609375 0.44712492187499997 0.756894171875 0.44786477968750005 0.7587792265625
0 0.43086248749999995 0.751779803125 0.43192299375000004 0.7516366718749999 0.43261400781250003 0.7506621265625 0.4314864296875 0.7490696812500001 0.4310700640625 0.749431196875 0.43071358593750003 0.7506204203125 0.43086248749999995 0.751779803125
0 0.45396638125 0.762520875 0.45359429999999995 0.762604640625 0.45325962343750004 0.76322860625 0.45338330937500004 0.764003328125 0.45395439218750006 0.7643618328125 0.4542291625 0.7635673125 0.45420530625 0.7626491796875 0.45396638125 0.762520875
0 0.41451322656249995 0.73736533125 0.41373625625 0.737352775 0.41295184999999995 0.7378702453125 0.41266690781250004 0.7394559421875 0.41280666562499996 0.7404912390625 0.41426282968750006 0.740292175 0.41511932968750004 0.739354465625 0.41488079375 0.738024534375 0.41451322656249995 0.73736533125
0 0.41175393125 0.777297521875 0.4125136203125 0.7786250375 0.41413549843749997 0.7791152796875 0.41524222968749996 0.777821428125 0.41576391093750004 0.7750324078124999 0.4154369375 0.7748525500000001 0.412601309375 0.77375733125 0.4124668015625 0.7741743 0.4115422640625 0.7756638921875 0.41175393125 0.777297521875
0 0.50414615 0.7067800656250001 0.50408561875 0.7052779640625 0.5031702734375 0.705278496875 0.5028263234375 0.7059301390625 0.5028008093749999 0.7064169703125 0.5031188921874999 0.7072441265625 0.503710765625 0.7072954859375 0.50414615 0.7067800656250001
0 0.5015589312500001 0.7192461203125 0.50258261875 0.7197159640625 0.5034405359375 0.71887064375 0.5037050562500001 0.7174059171875 0.5032118750000001 0.717262721875 0.50228658125 0.7172142296875 0.5018886 0.7175235125 0.501422121875 0.7185426828125 0.5015589312500001 0.7192461203125
0 0.49972763125 0.74263545625 0.4998704515625 0.7430450546875 0.500770878125 0.74464280625 0.5009799609375001 0.745728675 0.5013089671875 0.7476610421875 0.5020773875 0.7483741109375 0.5050422921875 0.74879391875 0.505540090625 0.7482817703125 0.5062906125 0.7467987046875 0.505828115625 0.745054921875 0.5052424171875 0.743601965625 0.504704078125 0.742767959375 0.504461359375 0.7425627890625 0.5029387671875 0.7417006703125 0.5016768515625001 0.740551803125 0.500880478125 0.74007353125 0.5003174609375 0.7401582437500001 0.49960424999999997 0.741018971875 0.49972763125 0.74263545625
0 0.512687290625 0.75094071875 0.5126759890625 0.7492456171875 0.5125959859375 0.74844345625 0.5107008328125 0.7469875890625 0.510021871875 0.74713506875 0.5088319390625 0.7458069109375 0.508210034375 0.7462390171875 0.5075235296875 0.747545503125 0.5074208203125 0.7495053140625 0.50758711875 0.7506014578125 0.5086367140625 0.751980153125 0.5095613765625 0.752518346875 0.5120904953125 0.7523864671875 0.512687290625 0.75094071875
0 0.5289935531250001 0.7375445140625 0.529811875 0.7366486140624999 0.5301259703125 0.7354321359375 0.5302001296875 0.73470376875 0.5297545890625 0.7335022421875 0.5285841062500001 0.7328478984375 0.527206703125 0.7341713750000001 0.5273883765625 0.7357205062500001 0.5279481671874999 0.73736925 0.5289935531250001 0.7375445140625
0 0.5017903546875 0.730653553125 0.5028219984375 0.730344621875 0.5032978921875 0.7295637703125 0.503583296875 0.7282080984375 0.5033011484375 0.7275909234375 0.502244975 0.72765135625 0.5014395546875 0.7293161734375 0.501643490625 0.7294254328124999 0.5017903546875 0.730653553125
0 0.48944146093749996 0.735294871875 0.48911865624999995 0.7353937390625 0.48790612031249997 0.7365568734375 0.48758844687499997 0.7379311937499999 0.487835521875 0.7388891875 0.488576396875 0.73944121875 0.48926040468750004 0.7398244171874999 0.488952003125 0.73896178125 0.4896772578125 0.7364979234375 0.49015963593749995 0.7349663828125 0.48944146093749996 0.735294871875
0 0.49337429843749997 0.7549823703125 0.49290805468750004 0.7577883765625 0.4943989140625 0.75886788125 0.4947697390625 0.7557329921875 0.4940781484375 0.7552257890625 0.49337429843749997 0.7549823703125
0 0.491297475 0.7762794265624999 0.49120594375 0.7742343328125 0.49009128437499994 0.77385829375 0.4894926921875 0.7738754265625001 0.48846382187500004 0.7741015765625 0.487528078125 0.775058603125 0.4865595375 0.7762533015625 0.48609895468750003 0.777936190625 0.4875586625 0.778893584375 0.48867094218749996 0.7785388109375 0.4893753 0.77811571875 0.491297475 0.7762794265624999
0 0.4846710390625 0.779596546875 0.4848884625 0.7783139796875 0.484711265625 0.7776944828125 0.48360459218749996 0.7774049171875 0.48301794062500003 0.776835934375 0.4815445359375 0.7763190515625 0.480848425 0.7761667859375 0.48028069531249995 0.7768489453125 0.48038947656250003 0.778176771875 0.4806644125 0.7795884078124999 0.48113884687499997 0.7811043765625 0.48292435781250004 0.7817862578125 0.4841823265625 0.780711559375 0.4846710390625 0.779596546875
0 0.5151734718750001 0.7703771609375 0.5146037203125 0.7697245734375 0.5138005296875 0.769973503125 0.513590765625 0.7702441453125 0.5129401171875 0.7710455671875 0.5130136671875001 0.772000725 0.513688815625 0.7735381671875 0.5145144578124999 0.774532740625 0.5149534906250001 0.774544796875 0.5150085437499999 0.7739421640625 0.5152077625 0.7720515625 0.5151734718750001 0.7703771609375
0 0.517253590625 0.7608996 0.5163762796875 0.7587413515625 0.5157652640625 0.7590253875 0.5157710171875001 0.7597814125 0.5159295578124999 0.7603389109375 0.515943790625 0.7615600796875001 0.5155681999999999 0.7628453093750001 0.515984784375 0.7634648359375 0.517250609375 0.7637330140625 0.5177733078125 0.7629248875 0.5176604640625 0.76179399375 0.517253590625 0.7608996
0 0.48174557812499996 0.76125736875 0.48092375 0.7607871515625 0.48027311875 0.760931421875 0.47932988437499996 0.76218064375 0.47911866718749996 0.7629268625 0.4807701765625 0.7637175046875 0.481559115625 0.7629045546875 0.48174557812499996 0.76125736875
0 0.561681109375 0.75882034375 0.5613777890625 0.7604880046875 0.561489465625 0.7619098609375 0.5622128796875 0.7629741796875 0.5634747390625 0.7620342453125 0.5633088421875 0.7601542359375 0.5633904703125 0.7590444875 0.5634469390625 0.7574296046875 0.5627207125 0.7573743328125 0.561681109375 0.75882034375
0 0.576865828125 0.6729896109375 0.5771464796875 0.672053015625 0.577453484375 0.6707031703124999 0.5771715765625001 0.66969328125 0.5764708546875 0.66912145 0.5749378796875 0.669203834375 0.5744521625 0.6697541671875 0.5737810890625 0.6713931671875 0.5737563640625 0.672103784375 0.5740895671875 0.6740754875 0.5744246140625 0.675474628125 0.576078525 0.6756223265625 0.576446121875 0.6745791984375 0.576865828125 0.6729896109375
0 0.5258917765625 0.6482003625 0.5272598453125 0.648846284375 0.52807828125 0.6484557703125 0.528210653125 0.64730330625 0.5282501500000001 0.6465496515625 0.5274723421874999 0.645358875 0.526979071875 0.6451875125 0.5258386046875 0.6454531890624999 0.5254343890625 0.646538209375 0.5258917765625 0.6482003625
0 0.5366669796875 0.62384810625 0.5383777671875001 0.6238360625 0.5388658421875 0.623181021875 0.5393398203124999 0.6215410796875 0.539418803125 0.6207206515625 0.539304146875 0.6199229328125 0.5390497296875 0.61919455625 0.538310078125 0.6182310890625 0.5376446625 0.6183589390625001 0.536911484375 0.6184362984375 0.5362743125 0.619637409375 0.535632025 0.6214734984375 0.5356703656249999 0.6228915109375001 0.536219178125 0.62355551875 0.5366669796875 0.62384810625
0 0.5358641953125 0.614147484375 0.535914978125 0.6131785015625 0.53578309375 0.6124706296875 0.5353245734375001 0.6123527203125 0.5345035515625 0.612553778125 0.5339802140625001 0.6130755406249999 0.53389256875 0.6140910953125001 0.5343079109375 0.6153911765625 0.5350115546875001 0.61581765 0.535288359375 0.6156709984375001 0.535497653125 0.615498903125 0.5358641953125 0.614147484375
0 0.5088434015625001 0.6017757453125 0.5092645671875 0.60084495 0.5095435546875 0.60017895 0.5091806234375 0.5993118921875 0.5091985109375 0.598134653125 0.509803971875 0.59798645 0.5096956125000001 0.5989195578125 0.509657578125 0.5999736984374999 0.5104785203125 0.6008788421875 0.5110780375 0.6009634593750001 0.5115569375 0.6000356890625 0.5115759046874999 0.5981810140625 0.5115394609374999 0.59753290625 0.5122394140625001 0.5954025578125 0.51257169375 0.5947049296875 0.5126369390625001 0.594146640625 0.5122057953125 0.5930585234375 0.5123205 0.5918550640625 0.512654046875 0.5909540984375 0.512222640625 0.5905278109375 0.512263553125 0.59022485 0.512244028125 0.589582321875 0.5119950078125 0.589109265625 0.5116091375 0.5888590406249999 0.5108950078125 0.58928944375 0.5099331874999999 0.5900573453125 0.50884264375 0.589549575 0.50856551875 0.589732196875 0.5080868703125 0.5906850140625 0.507812690625 0.593020740625 0.50796198125 0.5940831359375001 0.508009290625 0.5959569296875 0.5077065000000001 0.5970472640625 0.5075516078125 0.598480184375 0.5075027453125001 0.59959165 0.5071610453125001 0.6011258703125 0.5065903515625 0.6028796546875 0.5065339265625 0.603956303125 0.506641925 0.6050900718750001 0.5073397109375 0.6053895015624999 0.5084882734375 0.6049693484375 0.5088514359375 0.60392129375 0.50895364375 0.6026577234375 0.5088434015625001 0.6017757453125
0 0.540709446875 0.5989896671875 0.5423002953125 0.599534609375 0.5437662890625 0.59959579375 0.545308484375 0.599247903125 0.5465784015625 0.5987214578125 0.54803656875 0.597558678125 0.5489495921875001 0.59599025 0.549461275 0.5947653500000001 0.5498107484375 0.5934709296875 0.5498362328125 0.5921188468749999 0.54957536875 0.5908268624999999 0.549212546875 0.5897188546875001 0.5485078718749999 0.5883566703125 0.5475987 0.5884185484375 0.5475069734375 0.587332571875 0.5473451 0.58582359375 0.5472079062499999 0.5856051765625 0.5456065046874999 0.585978128125 0.5453564656250001 0.586091759375 0.5445011765625 0.5862002703125 0.54378169375 0.5861954218750001 0.5434223046875 0.5853801828125 0.543297953125 0.585304821875 0.54275600625 0.5852263515625 0.541593515625 0.585434546875 0.5410915562499999 0.5856976984375 0.53997333125 0.5855389578125 0.539326 0.58684436875 0.539088559375 0.5878520734375 0.538574578125 0.5883445984375 0.53811053125 0.5884814375 0.5370866765625 0.588373015625 0.5366779671875 0.5880809140625 0.5359002875 0.588201315625 0.535322015625 0.5891144890625 0.535679490625 0.5909216125000001 0.5363699421875 0.5914803890625 0.5370612390625 0.5921424765625 0.536931628125 0.5931527015625 0.5361364203125001 0.593846409375 0.535414765625 0.59477866875 0.5356067109375 0.5967288875000001 0.536331865625 0.597491321875 0.53786914375 0.59792393125 0.53904389375 0.5981982890624999 0.540709446875 0.5989896671875
0 0.5412191203125001 0.5773523125 0.5411317546875 0.5781535265625 0.541262940625 0.5794121171875 0.542104025 0.5800523265625 0.5431416125 0.5795105734375 0.5437144093749999 0.579089975 0.5444995421875001 0.578140703125 0.544360884375 0.577621796875 0.5439605296875001 0.576871690625 0.543422728125 0.576236425 0.542845528125 0.5756961 0.5421250578125 0.5745756078124999 0.5415718468749999 0.57444335 0.5413423765625 0.574731734375 0.5409273984375 0.5754250296875 0.540938053125 0.5756994 0.5412191203125001 0.5773523125
0 0.5204385421875 0.5650025046875 0.5198865703125 0.5660109359375001 0.5194643796875 0.5674986921875 0.519518934375 0.56798033125 0.52019904375 0.5685573421875 0.521012328125 0.5690114656249999 0.5216754124999999 0.5691072375 0.5230552359375 0.5686929468749999 0.5240802875 0.5679127125 0.5238727375 0.5670663140625 0.5241119578125 0.56557679375 0.524202425 0.5643282546874999 0.524291571875 0.5641498625 0.5232021640625 0.56359051875 0.522686340625 0.56355096875 0.521392621875 0.564143446875 0.5204385421875 0.5650025046875
0 0.49548247187500005 0.6011271625 0.494626446875 0.600145078125 0.4941109484375 0.6004575890625 0.49201599687500003 0.6030827953125 0.49286921250000004 0.604357321875 0.49363948750000003 0.6038109484375 0.49430469062500004 0.6027317828125 0.49548247187500005 0.6011271625
0 0.5349907078125 0.557370834375 0.5353833375 0.5566263 0.5356495640625 0.555815684375 0.53551783125 0.555045234375 0.5353077640625 0.5546946984375001 0.534324690625 0.5544350796875 0.5337054328125 0.554577865625 0.5329424328125001 0.5553436703125 0.532946640625 0.5569054062500001 0.5328987203125 0.5578197765625 0.5330452 0.5584282765624999 0.5335606671875001 0.5590717609375 0.5343240640625 0.5589850328125 0.53455445 0.5583806359375 0.5349907078125 0.557370834375
0 0.5166314953125 0.5224042546875001 0.5161513328125 0.5224604515625 0.5152640749999999 0.52246245625 0.5147428374999999 0.5228247359375 0.5139656593749999 0.5233535359375 0.5134719859375 0.5246826453125 0.51378364375 0.525423409375 0.51471615 0.5257820796875 0.5148458984375 0.5257544578125 0.5157087640625 0.525740221875 0.5174093390625 0.5255946484375 0.518122515625 0.52494358125 0.5183674140625001 0.5242413734375 0.5183210515625001 0.5233048499999999 0.51820433125 0.5232032906249999 0.51813670625 0.5230307640625 0.5175651203125 0.522622165625 0.5166314953125 0.5224042546875001
0 0.5349936203125 0.48909616875 0.5344022093749999 0.4892748359375 0.533900478125 0.48983215468749997 0.5334062421875 0.491589946875 0.533655978125 0.492318078125 0.5340226625 0.4923372953125 0.5344435296875 0.4922779890625 0.535464625 0.4921703453125 0.5361801078124999 0.491176740625 0.5364642890625 0.4902325078125 0.5363363421875 0.4898674984375 0.5361503015625 0.4893570625 0.5349936203125 0.48909616875
0 0.5158133953124999 0.474990209375 0.51602599375 0.47600898125 0.517085421875 0.47618498125000003 0.5188731375 0.47607839687500003 0.5209228421875001 0.4738388515625 0.5212207515625 0.4722147171875 0.5209718515625 0.4708138328125 0.5207384187499999 0.470640440625 0.518283146875 0.4701096515625 0.51741031875 0.470373709375 0.5164343953125 0.47197795625000005 0.51598120625 0.47366905625 0.5158133953124999 0.474990209375
0 0.546023025 0.3912862328125 0.5452831078125 0.3924475375 0.5448121515625 0.39364171406250004 0.5445248796875 0.39509272968750003 0.544900490625 0.3961059640625 0.5465824640625 0.3957779171875 0.5471006734375 0.3947270359375 0.5475116890625 0.3935719640625 0.547302503125 0.39275677343750004 0.546979859375 0.39100154531250003 0.546023025 0.3912862328125
0 0.5697191078125 0.3924592484375 0.5690583953125 0.39342286406250004 0.5687107218749999 0.3946829578125 0.5687097953125 0.395685846875 0.5697450953125001 0.3959341203125 0.5707735171875 0.3955374 0.5712238140625 0.3944986046875 0.571105615625 0.39329076406249996 0.570656346875 0.39230965625 0.5702066125 0.3918151296875 0.5697191078125 0.3924592484375
0 0.5289638328125 0.3306180921875 0.5305850015625 0.33013665312499996 0.531448728125 0.3273593015625 0.5316093875 0.32563722500000003 0.5316784046875 0.32432028125 0.5314314125 0.3230024234375 0.53164236875 0.320708759375 0.5314299671875 0.31983550781250003 0.5303942109374999 0.3193869359375 0.5281697484375 0.32015438125 0.5267282359375 0.3212382359375 0.5254477 0.323131625 0.5254955265625 0.3243686359375 0.525566225 0.3257961671875 0.525810828125 0.327816425 0.527276665625 0.3301197359375 0.5289638328125 0.3306180921875
0 0.490652703125 0.3055552578125 0.48949098593749996 0.3066443890625 0.490401584375 0.309660240625 0.492125896875 0.30733010312500003 0.4907950078125 0.304750665625 0.490652703125 0.3055552578125
0 0.5071865078125 0.2556334046875 0.5067232453125 0.2522920796875 0.5056875625 0.2510658828125 0.503191909375 0.2495441234375 0.5005489875 0.24975765781249998 0.49864720625 0.25024942499999997 0.497072640625 0.251274675 0.49641639687500005 0.251287221875 0.49432253125000003 0.250309109375 0.4921599109375 0.25073244375 0.4912374328125 0.25298882031250003 0.4911941625 0.2556057671875 0.4900911859375 0.2579027515625 0.4876125296875 0.25931089687500003 0.48794846718749996 0.2599168078125 0.49102722656250003 0.26085109375000004 0.49364406406250005 0.2611353125 0.49625495312499995 0.2612643203125 0.49825180468749997 0.26101849062500004 0.4998023625 0.26170526875 0.5030847953124999 0.264515284375 0.5047679234375 0.26383681718749996 0.5059602421875 0.26150696406249996 0.5058516156249999 0.259399953125 0.5063608578125 0.2571766828125 0.5071865078125 0.2556334046875
0 0.5274171859375001 0.25656221874999996 0.5273222359374999 0.255388453125 0.526122315625 0.2549375375 0.5251535234375 0.2550025484375 0.5241414640625 0.2558632609375 0.5237781640625 0.2573916546875 0.5239567109375 0.25891089375 0.5242660906250001 0.25900846875 0.526109715625 0.2584620203125 0.5272487515625001 0.25729816250000004 0.5274171859375001 0.25656221874999996
0 0.5740236390625 0.1935901109375 0.5732319375 0.193440659375 0.5723610828125001 0.194085028125 0.5718955796875 0.1950557453125 0.57180878125 0.196920946875 0.572649971875 0.19914145156250002 0.5739174578124999 0.1994973375 0.5742791234375 0.1980001515625 0.574413315625 0.195439603125 0.5741378609375001 0.1942767171875 0.5740236390625 0.1935901109375
0 0.561670134375 0.1875118109375 0.562196240625 0.185414596875 0.563100603125 0.1840412953125 0.563671084375 0.1824408328125 0.5634909484375 0.1800562625 0.5618790796875001 0.1784196609375 0.56137358125 0.1790190265625 0.5606961046875 0.17919787812500002 0.55927698125 0.1816159828125 0.55912888125 0.1844120640625 0.5596080296875 0.186076921875 0.5605066359374999 0.18908275937500002 0.5608802140625 0.1894481234375 0.561670134375 0.1875118109375
0 0.563324434375 0.207057990625 0.5625590734375 0.2071821671875 0.5620250109375 0.2078488796875 0.562090296875 0.2096782421875 0.5621954046875001 0.2100013734375 0.5642786656250001 0.2127641890625 0.565338159375 0.21213283593750001 0.56581225 0.21099827968749998 0.5653764828125001 0.20943113906250002 0.5641411359374999 0.20699909062500002 0.563324434375 0.207057990625
0 0.60412088125 0.1946996125 0.6050734609374999 0.1952126703125 0.6067910328125 0.1954294203125 0.6077201671875 0.19465824062499998 0.6079509015625 0.1937784859375 0.6078973140625 0.1932186640625 0.607231609375 0.192784790625 0.605476009375 0.192547271875 0.6045383484375 0.1926452078125 0.60412088125 0.1946996125
0 0.609920840625 0.20688391875 0.6092947546875 0.20587320468749998 0.6085176359375 0.20556492343750002 0.60784780625 0.2054187296875 0.607182884375 0.20628355312500002 0.6072712234375001 0.2076431640625 0.60819546875 0.20851773437499999 0.6095641328125 0.20777897812499999 0.609920840625 0.20688391875
0 0.59053358125 0.1585436453125 0.590320715625 0.1577986703125 0.5902757703125 0.1569545375 0.589841203125 0.1563497140625 0.5887945390625 0.15596002656250002 0.588073975 0.1566326125 0.58741113125 0.158711709375 0.5885562640625001 0.1598497625 0.5895835515625001 0.1598926484375 0.5904026515624999 0.1588027734375 0.59053358125 0.1585436453125
0 0.5607864703125001 0.11898727812500001 0.5634887828124999 0.118834746875 0.5655092875000001 0.11822715937499999 0.568144628125 0.1153220390625 0.5680329546875 0.1135418796875 0.5667346765625 0.11210164687499999 0.5635897171875001 0.11040034531250001 0.5622779078125 0.1101438390625 0.55947486875 0.11009864062500001 0.5573644765625 0.11051063125 0.5555358312500001 0.1115773265625 0.5547905359375 0.113289103125 0.5541200671875 0.1150658234375 0.5552425296875 0.1165469109375 0.5560270578125001 0.11731089218749999 0.5587692546875 0.1188753015625 0.5607864703125001 0.11898727812500001
0 0.59476350625 0.1284065328125 0.5951717984375 0.126825734375 0.595134390625 0.1258975046875 0.5940234281250001 0.12479409999999999 0.5936405328125 0.1260992859375 0.59341650625 0.127597428125 0.5935906078125 0.1283356765625 0.59427689375 0.12936206249999999 0.59476350625 0.1284065328125
0 0.6170005453125 0.0911114046875 0.616238984375 0.0905958421875 0.6151573953125 0.09084269843750001 0.6145379 0.0917662296875 0.6142801484375 0.09265395781249999 0.6140990656249999 0.09375067031249999 0.6146507078125001 0.0964207 0.6154269453125 0.0982982734375 0.616265828125 0.10011497968750001 0.61682778125 0.10372277187500001 0.6170321109375 0.10301843749999999 0.6179717359375 0.100315471875 0.618682525 0.0977992234375 0.6193914 0.0951702203125 0.619394209375 0.093773140625 0.6190856640625 0.0918981734375 0.6185656093749999 0.09167064375 0.6180299296875 0.0917114140625 0.6170005453125 0.0911114046875
0 0.502834684375 0.1598086984375 0.50614055625 0.15614075 0.5076530421875 0.153672775 0.5025539140624999 0.1510147640625 0.49848799218749995 0.149898878125 0.495011409375 0.1488827234375 0.49157192343749995 0.1473975546875 0.48801737031250003 0.14733174531249998 0.4869215546875 0.148596440625 0.4887785734375 0.1532281015625 0.4905665359375 0.15607245 0.49148908437500005 0.1581736125 0.49281469062500005 0.1610031171875 0.4952306375 0.1623141671875 0.502834684375 0.1598086984375
0 0.49965870937499995 0.14129366875 0.49871510625 0.13905684375 0.49803644374999995 0.13612355468749998 0.4942215890625 0.1361880515625 0.493366109375 0.13764371250000002 0.4936432953125 0.139579621875 0.4947857046875 0.14175489218749998 0.49559420625 0.143225784375 0.4977711375 0.145843303125 0.49941785000000005 0.1464866171875 0.501300978125 0.14446990937499998 0.5006767703125 0.14267697031249998 0.49965870937499995 0.14129366875
0 0.3979219234375 0.2036405578125 0.39678261875 0.20543651875000002 0.396937659375 0.20761324062500003 0.39859373593749997 0.2104663234375 0.40024896875 0.2106485125 0.4027287453125 0.20874130625 0.4037489234375 0.20488941875000002 0.40325542499999995 0.20296094843749998 0.402322284375 0.20159930781250002 0.4011275203125 0.20143812031250002 0.40020085937500005 0.202251675 0.3979219234375 0.2036405578125
0 0.3704481296875 0.21110823750000002 0.3688153890625 0.20978034218750002 0.366531740625 0.20955739375000002 0.3636947296875 0.20926476562500002 0.3621708984375 0.2105758734375 0.3630565328125 0.21323211406250003 0.3639405046875 0.2158006484375 0.3651941359375 0.21773453437499998 0.3683242828125 0.21819585937500002 0.3694865609375 0.2155734078125 0.3700660171875 0.2137121203125 0.3704481296875 0.21110823750000002
0 0.3571902703125 0.20422369062499998 0.35892878125 0.2011151046875 0.3588471984375 0.1991190359375 0.356993175 0.19834125 0.3564580984375 0.2010873234375 0.3560669640625 0.20374393125 0.3564386765625 0.2049509765625 0.3571902703125 0.20422369062499998
0 0.34721943906249997 0.13978385625 0.3490698953125 0.1418835796875 0.351237978125 0.141654546875 0.3520948203125 0.138202471875 0.35164025468750004 0.1344563609375 0.3505931578125 0.1332389546875 0.34864554375 0.1322168734375 0.3474924265625 0.13394795937499998 0.34719774531250003 0.1360479140625 0.34721943906249997 0.13978385625
0 0.43109495937500003 0.1721538625 0.43083638906250005 0.174520134375 0.43322527187500004 0.1767356953125 0.43569703125 0.1731304296875 0.43583666406250005 0.1713916046875 0.434230446875 0.1704234015625 0.43361939843749997 0.1705587953125 0.4317393890625 0.1707246921875 0.43109495937500003 0.1721538625
0 0.44834619531250003 0.22748567656250002 0.44788110000000003 0.22844859374999998 0.4470463609375 0.228642671875 0.44534177656249996 0.23068594843749998 0.44525067968750004 0.2324241890625 0.44578515 0.23395895156250002 0.448437203125 0.23270540624999997 0.4499926125 0.22974681874999997 0.45086638749999997 0.22746442031249997 0.45119183749999997 0.2234040125 0.45045875625000004 0.2220763265625 0.44845548125 0.2218774609375 0.4479228984375 0.22254581562500003 0.447592425 0.22434348437499999 0.44779695156250005 0.22599395000000003 0.44834619531250003 0.22748567656250002
0 0.4457135734375 0.18039116718749998 0.44613797968749996 0.1811002890625 0.44678326406249996 0.1816551328125 0.4495649453125 0.18204812812499999 0.450185221875 0.18167695781249998 0.45109585 0.1796765625 0.4512782515625 0.17897264375 0.451101871875 0.17759120781249998 0.44997120781250005 0.1768935765625 0.44924613750000003 0.177234221875 0.4487392328125 0.17815895937499998 0.44702630625 0.1781521140625 0.44543505781250003 0.1794956765625 0.4457135734375 0.18039116718749998
0 0.48159003125 0.255283934375 0.4831920875 0.25600314062499996 0.48427348593749997 0.25453585 0.48437203125000006 0.252685346875 0.4833080625 0.251670459375 0.48263086718750003 0.25163496875 0.4813733296875 0.2524327484375 0.4810980625 0.2539532375 0.48159003125 0.255283934375
0 0.3548915390625 0.21811147968750003 0.35634768906250003 0.21453904218750003 0.3560337515625 0.2120504515625 0.3535672078125 0.21400372656250002 0.3548915390625 0.21811147968750003
0 0.436100421875 0.348654590625 0.43699460312499994 0.349863984375 0.43918004687499995 0.348676734375 0.4404645828125 0.345214215625 0.44178809374999994 0.3430680421875 0.4436910078125 0.339927390625 0.4430074734375 0.3390873421875 0.44088576875 0.337744771875 0.438032940625 0.3368583140625 0.43677034375 0.335603015625 0.435754659375 0.33677177187499996 0.435579225 0.3388951890625 0.43559384999999995 0.3407657046875 0.4353921109375 0.344615109375 0.4354769375 0.3467881515625 0.436100421875 0.348654590625
0 0.46441782500000006 0.4179096453125 0.46450399375 0.4143248671875 0.46428323125000004 0.41462622656250003 0.46268537812500005 0.41433438906250003 0.46175713281249997 0.4157752828125 0.46086304531250005 0.41719136875 0.460265415625 0.41930986875 0.46140130625 0.42098254687500003 0.46203034218749994 0.4219668171875 0.46280216718749995 0.42210740468749997 0.46384771562499993 0.4200702703125 0.46441782500000006 0.4179096453125
0 0.3319520171875 0.5898735296875001 0.3329874 0.5897619390625 0.335485671875 0.589770825 0.33719518125 0.58918605625 0.3387011203125 0.5868131812499999 0.33972779375 0.5837330046875 0.33982453281249997 0.5818871 0.3399159578125 0.58014261875 0.3400446515625 0.5787020671875001 0.34070219218750003 0.5771421546875 0.3406324765625 0.5753375953125001 0.3398023046875 0.5742801984375 0.3388662 0.5728855453125 0.3383080328125 0.5729971109374999 0.337404371875 0.573461390625 0.3349948546875 0.572624765625 0.331336440625 0.5711969671875 0.328904775 0.5700963203125 0.3270662828125 0.5700969765624999 0.3254377953125 0.56979258125 0.3227064890625 0.5691847390625 0.32116641874999996 0.569492059375 0.3193475296875 0.5708502906249999 0.3177434828125 0.5726172 0.3154239015625 0.575139884375 0.31450541875 0.5769020421875 0.314235846875 0.581120278125 0.31375849843750003 0.5845859828125 0.3155698984375 0.5868338640624999 0.3135538 0.585476490625 0.31119299843750003 0.587651228125 0.31011819687500003 0.589977853125 0.31150575156250004 0.5910879312499999 0.3127889359375 0.5926071703125 0.31506232968750003 0.5906672421875 0.3170358875 0.5901792359375 0.3160432484375 0.5934160953125 0.3180207859375 0.596046634375 0.318934440625 0.5973024234375 0.320354625 0.5974316140625 0.3231791109375 0.59679888125 0.3239411953125 0.5952444484375 0.3256011984375 0.593245775 0.326881746875 0.59251648125 0.3298140671875 0.5908113609375001 0.3319520171875 0.5898735296875001
0 0.3414633484375 0.5633349437499999 0.342195753125 0.562734953125 0.3431528171875 0.56199809375 0.3446677296875 0.5604690328124999 0.344419571875 0.5594421374999999 0.3437905859375 0.5579493609374999 0.3430639359375 0.557842434375 0.3418664703125 0.556986403125 0.3411479953125 0.5559771062500001 0.3403169375 0.55610096875 0.33858934218750003 0.5569711203125001 0.3377272546875 0.5578960203125 0.33772446562499997 0.5593822859375 0.3377124234375 0.560985415625 0.338172746875 0.5625616671875 0.338599390625 0.56298926875 0.3414633484375 0.5633349437499999
0 0.3194185859375 0.512799453125 0.320440625 0.5132410468749999 0.32070042656250003 0.513448678125 0.32094736562500004 0.5145287078125 0.3222530015625 0.5150821734375 0.3232345515625 0.5147737453125 0.32422028593749996 0.5129822546875 0.3239118828125 0.5113732843750001 0.323506834375 0.5094588375 0.3221252234375 0.5081159390625001 0.320416596875 0.5067731125 0.32000265 0.5072974796875 0.31937784375 0.5087104671875 0.319314303125 0.509922865625 0.3186845625 0.5116688625 0.3194185859375 0.512799453125
0 0.33364509062500003 0.47958599218750003 0.333702578125 0.4784890609375 0.3330277046875 0.4763492453125 0.33156677343749996 0.476161590625 0.33049160781250003 0.47574850468749996 0.32946115625 0.4769900265625 0.3288480484375 0.479672553125 0.32953338906249996 0.48161264218750005 0.33116230468749996 0.4834613640625 0.331672153125 0.4835850921875 0.3322050546875 0.4832390703125 0.33310848593750003 0.4813759875 0.33364509062500003 0.47958599218750003
0 0.42426250468750004 0.490940978125 0.4239393953125 0.49298624531249996 0.4239427328125 0.49432575625 0.42521565156249996 0.494368996875 0.42552994999999993 0.49479071250000006 0.424956834375 0.49599361562500005 0.4248491625 0.497062884375 0.42573229687499997 0.4973485578125 0.4269662046875 0.49664341875 0.42793062812500005 0.495766128125 0.42884393750000005 0.494371390625 0.4295487171875 0.49289531562500005 0.4296165921875 0.49124191406250006 0.4294802546875 0.4900816265625 0.428122665625 0.490400075 0.42649882968749997 0.48923067500000006 0.42553704375 0.48904258125 0.424913565625 0.48941514843749995 0.42426250468750004 0.490940978125
0 0.40493968437500005 0.4899455234375 0.40534286249999996 0.4912089796875 0.4056710703125 0.4921414984375 0.406752675 0.49270043281250003 0.4084013671875 0.493007453125 0.4090169515625 0.491859971875 0.40927538593749996 0.49072037343749997 0.40848289531250004 0.49034713593749996 0.4078006671875 0.48984042343749995 0.4068227078125 0.48819949218750003 0.40493968437500005 0.4899455234375
0 0.42961448593749996 0.5174949703125 0.42712477031249996 0.5168153 0.425761065625 0.516593625 0.4254334359375 0.516784553125 0.424794346875 0.5171265734375 0.4247366171875 0.5189745234375 0.42485912968750006 0.5200104796875 0.4239432640625 0.5217227062500001 0.42299123749999995 0.5222141796875001 0.4224965765625 0.52317398125 0.4233442546875 0.52428549375 0.42369160624999996 0.5256289515625 0.4242077453125 0.5278120796875 0.4267236796875 0.5274839296875 0.428240728125 0.5266903625 0.430029396875 0.5256998046875 0.43098122656250004 0.5250628093749999 0.43188087499999994 0.52354061875 0.43094701874999997 0.5219239046874999 0.43038033281250004 0.5213919546875 0.43052818437499996 0.5182125234375 0.42961448593749996 0.5174949703125
0 0.4534723859375 0.5523022359375 0.45455409218750004 0.5518441578125 0.45522654375 0.5508655109375 0.45483305312500005 0.5488499671875 0.45348660937499996 0.548328784375 0.45316036249999997 0.5488217609375 0.45240386250000003 0.5507473078125 0.4527204578125 0.5519013968750001 0.4534723859375 0.5523022359375
0 0.45611387968750006 0.565192521875 0.4558608171875 0.5639009453125 0.45507633593749997 0.5629867609375 0.45365039218750003 0.5631764546875 0.45295036718750004 0.563516846875 0.4525816171875 0.5638057578125 0.45207569843749995 0.5650998031250001 0.452111575 0.5657885625 0.4522890234375 0.5664331078125 0.453036046875 0.566569265625 0.4541070109375 0.5665549828125 0.4554718515625 0.5659787484375001 0.45611387968750006 0.565192521875
0 0.3310928171875 0.596744228125 0.3292198234375 0.597433084375 0.3282050640625 0.597598953125 0.327233228125 0.5983788484375 0.3269005796875 0.59926265 0.32766539687499996 0.601119284375 0.327604934375 0.6039747203125 0.3278301203125 0.606932746875 0.3284668328125 0.6095618609375 0.33103800781250003 0.611314453125 0.332578140625 0.6105580828125 0.3344417109375 0.60995948125 0.3359311796875 0.6088562343749999 0.3379714015625 0.6075440265625 0.338713671875 0.60588998125 0.3388820796875 0.6050351234375 0.33924218906250003 0.6039258875 0.33897974531249997 0.6010816921875 0.3385544296875 0.599613671875 0.3380517640625 0.597083896875 0.3374408625 0.5967686796875 0.3363796125 0.599105403125 0.3341453921875 0.598834978125 0.334136475 0.59604944375 0.3336064234375 0.5959230921875001 0.3324209921875 0.5963600875 0.3310928171875 0.596744228125
0 0.44183003593750003 0.6450591046875 0.44190949843749994 0.6438115546875001 0.441593746875 0.643865415625 0.4382663671875 0.644988125 0.43609674375 0.6453062609375 0.4353246421875 0.6457680484375 0.43374851718749996 0.6478978546875 0.43254168125000003 0.6495791843750001 0.4332253640625 0.6518195984374999 0.43373115156250003 0.6528865953125 0.4351010421875 0.6557966515625 0.43710960156249995 0.6575964265625001 0.43814161875 0.6585939921875 0.4396920921875 0.6585359953125 0.440949959375 0.6584783109375001 0.44335172968750003 0.6580894140625 0.444547246875 0.6564747703125 0.44577920468750004 0.653657259375 0.4453177859375 0.6519526499999999 0.4445005328125 0.6495440765625 0.44349514687499997 0.64681428125 0.44183003593750003 0.6450591046875
0 0.3981931703125 0.65951858125 0.399501590625 0.6604070265625 0.3996582921875 0.6608204828125 0.4004295796875 0.6618669703125 0.40158274218749995 0.6625532625 0.4028213625 0.6623553156249999 0.40367390312499996 0.6613438609375 0.404146665625 0.6601450843750001 0.404724409375 0.658704596875 0.40513675937500004 0.6576434734375 0.4054744171875 0.656395371875 0.4050296875 0.6551485140625 0.404086575 0.65436526875 0.40216409531249997 0.6533711046875 0.4008833703125 0.6540440609375 0.3991948171875 0.6561695390625 0.398360790625 0.6580816359375 0.3981931703125 0.65951858125
0 0.3653096046875 0.6670313218749999 0.36483413593749997 0.6686101640625 0.364824878125 0.6705482734375 0.3663517859375 0.67308948125 0.36925798125 0.6772269375 0.371983359375 0.6766641140625 0.3741284125 0.67406813125 0.3751622453125 0.672523246875 0.375673215625 0.6695803296875 0.3756973609375 0.6677462671875001 0.3755389734375 0.6667678875 0.372509675 0.6659347671875 0.371396275 0.665683965625 0.3699269625 0.66326781875 0.3691905296875 0.6627504421875 0.3685206671875 0.6635602453125 0.3669813171875 0.664510671875 0.3653096046875 0.6670313218749999
0 0.369292696875 0.6524713906249999 0.368775171875 0.6507028187499999 0.3683666359375 0.648616078125 0.36694861562500003 0.6478783531250001 0.3656295578125 0.6482676656249999 0.3638531421875 0.6500693515625 0.36344710625 0.6514578171875 0.363574571875 0.6526082515625 0.36372214999999997 0.6540914453125 0.36442587656250003 0.6545163578125 0.3653856765625 0.6553693218750001 0.3666905828125 0.6559665578125 0.36839000781250003 0.6554547984375 0.3690680421875 0.654100928125 0.369292696875 0.6524713906249999
0 0.3434362234375 0.6400057703125 0.3452166296875 0.6384264734375 0.3453870234375 0.636160409375 0.3444175984375 0.633759509375 0.344055725 0.6324841343750001 0.34336408125 0.6317391031249999 0.3417106046875 0.63280715625 0.3401799640625 0.6345168906249999 0.339617046875 0.636152171875 0.33992145625000003 0.63789705625 0.3403098578125 0.63881551875 0.34139605 0.6400631375 0.3434362234375 0.6400057703125
0 0.3630430203125 0.63913540625 0.36200353281250003 0.6407284984375 0.3618607796875 0.6424671609375 0.36226166875 0.6437743078125 0.36367395625 0.6449498328125001 0.364466821875 0.6440619859375001 0.3650424609375 0.64239295 0.3652588015625 0.6410414828125 0.3650340359375 0.6395980546875 0.3641110703125 0.6389379078124999 0.3630430203125 0.63913540625
0 0.358472678125 0.6452858921875 0.359610290625 0.6439999171874999 0.3607102765625 0.6415510046875 0.35945071562500003 0.6410140359375001 0.3584616890625 0.640569478125 0.35800578125000004 0.64111824375 0.3573542390625 0.6434295 0.357617459375 0.6449750812499999 0.358472678125 0.6452858921875
0 0.3152778984375 0.6484139124999999 0.3158183765625 0.6470575281250001 0.315993278125 0.6440187671875 0.31560870625000004 0.6418628734375 0.3136532296875 0.6405728265625 0.3119680953125 0.6407223375 0.31069774687499996 0.6426303437499999 0.3097637296875 0.6454353046875 0.309803934375 0.6482209140624999 0.31116096875 0.649465515625 0.3134217515625 0.6495276718749999 0.3152778984375 0.6484139124999999
0 0.322823496875 0.7343203015624999 0.3225885 0.732295853125 0.322193875 0.730719915625 0.32065175625000003 0.7295735734375 0.3197597359375 0.7284722546875 0.3195456 0.7271842828125 0.3183432328125 0.725705265625 0.31647560625 0.72432125 0.314036684375 0.7241949953125 0.3127872484375 0.7259726671875 0.31210731406250003 0.725810296875 0.3099892890625 0.7266067890625 0.308908278125 0.7279770921875001 0.307628840625 0.7299988390625 0.3067691828125 0.7315043484375 0.30745194374999996 0.735135684375 0.30829843281249997 0.737911915625 0.30837267343749997 0.7382866265625 0.3091715078125 0.7417034296875 0.31002709375 0.7432910078125 0.3116070171875 0.74419368125 0.31298805937499996 0.7448308953125 0.31599155625 0.7455891265625 0.3191807390625 0.7445358421875 0.320612825 0.7416912671875 0.3213810953125 0.7391529968749999 0.322152115625 0.7371593671875 0.322823496875 0.7343203015624999
0 0.3292434140625 0.743243521875 0.33015676250000003 0.739817878125 0.3302617625 0.7378143781250001 0.330515875 0.735712296875 0.33025655625 0.7343609359375 0.3281088109375 0.733724221875 0.326907334375 0.7336612546875 0.327770940625 0.7318117296875 0.32777095312500004 0.7296619093750001 0.326983521875 0.72877416875 0.32595247656250004 0.728086453125 0.3245976046875 0.73432409375 0.3235731359375 0.73772044375 0.32320841875 0.7402610875 0.3244152703125 0.7426994671875 0.3277984625 0.74400488125 0.3292434140625 0.743243521875
0 0.31665035625 0.6863846546875 0.314892665625 0.68487340625 0.31374614843750004 0.6848962453125 0.31311626718749996 0.6860179421875 0.3123869703125 0.6876632781249999 0.31228999218750003 0.6895435921875 0.3126433125 0.6911314468749999 0.31362783437499997 0.691632096875 0.315552709375 0.6908489515625 0.316511134375 0.6892203171875 0.317120440625 0.687535834375 0.31665035625 0.6863846546875
0 0.34595368125000003 0.7705038671875 0.3451896671875 0.7700351140625 0.343769490625 0.7706819874999999 0.3426866484375 0.7719379749999999 0.3424515390625 0.7730803609375 0.34361830625 0.7740145796875 0.3449189515625 0.773916890625 0.3456835859375 0.7745828218749999 0.346980421875 0.7754534484375 0.347810309375 0.7741278765625 0.347598003125 0.772207884375 0.34595368125000003 0.7705038671875
0 0.33322331875 0.758927996875 0.337402503125 0.7626893734375 0.33797733750000003 0.7555722046875 0.33384111875 0.7566634765625 0.33322331875 0.758927996875
0 0.3100792921875 0.74940055 0.3074766 0.7458907765625 0.3059861015625 0.7460583109375001 0.3046125609375 0.7462929968750001 0.303370465625 0.7467364109375 0.303334075 0.7474307703124999 0.3031243328125 0.7496415734374999 0.3030223265625 0.7525433375 0.303980290625 0.7562078703124999 0.3051471609375 0.758334353125 0.3082829796875 0.7580903234374999 0.30897514843749996 0.7553024140625 0.30986284999999997 0.75176903125 0.3100792921875 0.74940055
0 0.3126813609375 0.7611622265625 0.31322581718750003 0.7636409921875 0.3134392546875 0.76437504375 0.316103375 0.764204865625 0.316568334375 0.7619010421875 0.31717170625 0.7601208046875 0.31782946875 0.7591836328125 0.31908301875 0.757446859375 0.3187782484375 0.755917875 0.317426309375 0.7546954453125 0.3155998296875 0.753690665625 0.3131227765625 0.75270968125 0.3121132984375 0.7537301234375 0.311476553125 0.755370921875 0.31183208906250004 0.758051015625 0.3122776921875 0.75990813125 0.3126813609375 0.7611622265625
0 0.31667971875 0.7642241171874999 0.3159479640625 0.76442359375 0.3149631484375 0.7651824671874999 0.314084275 0.7666963578125 0.314006915625 0.7681724578125 0.31517718281249996 0.76969673125 0.3167363703125 0.7696814375 0.3175214734375 0.768971553125 0.31843668125 0.766883778125 0.317642990625 0.7655482218749999 0.31667971875 0.7642241171874999
0 0.33567268437500003 0.7639005015625 0.334936075 0.7647897312499999 0.3346750265625 0.765620959375 0.334504625 0.7671109578124999 0.335611365625 0.767697809375 0.337296090625 0.7664514609374999 0.33659209843750004 0.7648374046875 0.33567268437500003 0.7639005015625
0 0.33835325625 0.694301659375 0.3394983140625 0.6932617249999999 0.339483978125 0.6919529296875 0.339022478125 0.690996215625 0.3375559609375 0.6907957515625001 0.33724238125 0.69101714375 0.337091365625 0.6925253703124999 0.337436096875 0.6935307265625 0.33835325625 0.694301659375
0 0.3074426 0.6653035546875 0.3033131203125 0.6664155203125001 0.3018032984375 0.667578721875 0.3017087890625 0.6691133781249999 0.302491071875 0.6715920921875 0.303727534375 0.6720324078125001 0.30558786875 0.6723911984375001 0.3076864890625 0.67148729375 0.30849515 0.6703577546874999 0.30877411875 0.6673932921875 0.3083333171875 0.6657132328124999 0.3074426 0.6653035546875
0 0.30765153125 0.6719751953124999 0.305821578125 0.6741714953125 0.30604368593750003 0.675486484375 0.30621421249999997 0.6760242703125 0.307851390625 0.678103428125 0.3096745875 0.6754389453125 0.3095143171875 0.67375011875 0.3088141453125 0.6715855078125 0.3078568875 0.671818540625 0.30765153125 0.6719751953124999
0 0.3384286703125 0.6285545640625 0.339222496875 0.62645416875 0.3375608671875 0.624841559375 0.3361255515625 0.6242546984375 0.33342027500000004 0.62362788125 0.33239763906249997 0.622719990625 0.33132497656250004 0.623960865625 0.330877728125 0.624672809375 0.330648925 0.62500816875 0.3297230203125 0.624792228125 0.3286098859375 0.62573056875 0.3281330890625 0.627245190625 0.32809461875 0.6281882203125 0.32956860625 0.6294702437499999 0.32930049375000003 0.6310333546875 0.3290999421875 0.6324717046874999 0.3292166546875 0.6347528140625001 0.331156596875 0.6348763875000001 0.3319659828125 0.6333150453124999 0.3323384125 0.63295591875 0.33330856249999996 0.6327157390625 0.33480594375 0.632476590625 0.33532194843749996 0.63075123125 0.33333368750000003 0.6301166171875 0.333142434375 0.6294369265624999 0.334079434375 0.6282171062499999 0.335033775 0.6292637984375 0.3366297984375 0.6301876562500001 0.3384286703125 0.6285545640625
0 0.29493358281250004 0.6391145546875 0.2953108859375 0.637408525 0.2956222796875 0.63585550625 0.2950032921875 0.6339032484375 0.2940953328125 0.632777625 0.29362218906250004 0.6329984765625001 0.29070523125 0.6328878515625 0.29028025468749996 0.6329359875 0.2892067921875 0.6346399546875 0.289376384375 0.6361509015625 0.2901267359375 0.6379551453125 0.29177973437500004 0.64062813125 0.2936097578125 0.6413264265625 0.29493358281250004 0.6391145546875
0 0.267872853125 0.6560762390625 0.2673591 0.658325871875 0.2673845703125 0.6605865515625 0.26832313750000003 0.6627104593750001 0.2712821328125 0.6646163703125 0.2719727125 0.6631724078125 0.2723584140625 0.661933084375 0.2737773953125 0.6607119234375001 0.274169728125 0.6593759390625 0.2736648390625 0.658291778125 0.2729657390625 0.6568829468749999 0.272755984375 0.6564667125 0.2716626953125 0.656906971875 0.270148478125 0.656034340625 0.269169296875 0.65555118125 0.26859789843750004 0.6556166796875 0.267872853125 0.6560762390625
0 0.26613800312499997 0.6192881515625 0.2639855453125 0.6181442453125 0.2624478671875 0.6173908625 0.2609676953125 0.617092675 0.258253603125 0.6181865046875 0.25738948281249996 0.6195681734375 0.2560767453125 0.6228821359375 0.2572594375 0.6248858421875 0.258421796875 0.62593405 0.2591694140625 0.6257901671874999 0.26108652656250003 0.6262896234374999 0.261434034375 0.6268538953125 0.2626514078125 0.6289720734375 0.2630957203125 0.6290923671875001 0.2657184171875 0.6295036296875 0.2676994265625 0.6292913921875 0.2692824984375 0.6288502015625 0.2709123203125 0.627397571875 0.27090369999999997 0.6252034875 0.271229615625 0.6221194437500001 0.26951452656249997 0.621258190625 0.26613800312499997 0.6192881515625
0 0.2722521875 0.7117880359375001 0.27061902031249996 0.7111250921875001 0.2694486125 0.7115440984375 0.2680232265625 0.7116634140625 0.266152146875 0.712465025 0.2649715125 0.713795684375 0.26448769843750003 0.71514565 0.2638257609375 0.7179836468749999 0.2642815265625 0.72305038125 0.264971103125 0.7263128171875 0.2670659875 0.7292718218750001 0.26806152499999997 0.73018924375 0.270174509375 0.7292501046875 0.2720797234375 0.7286928031250001 0.273786296875 0.728193934375 0.2754282734375 0.7267482000000001 0.2754300265625 0.7254011328125001 0.27703393906249996 0.7230396515625 0.2777237875 0.7219977640625 0.276340609375 0.718415778125 0.27600704062500003 0.7159136421875 0.273614221875 0.7133552171875001 0.2722521875 0.7117880359375001
0 0.2616831171875 0.73137110625 0.2609936921875 0.73100170625 0.259819578125 0.731372015625 0.2586219703125 0.73281756875 0.25941495937500003 0.7339575078125 0.2597134234375 0.735188878125 0.26013015 0.7360744015625 0.2611442484375 0.7358912859375 0.2622888953125 0.73521745625 0.2630588609375 0.734020175 0.2632448578125 0.73285956875 0.2628539125 0.731213415625 0.2616831171875 0.73137110625
0 0.2567977359375 0.664237484375 0.2570773109375 0.6658292968749999 0.258386759375 0.6658024796875 0.2596683984375 0.6648135125 0.260011909375 0.663662725 0.25976244375 0.6623024921875 0.2586208234375 0.66181395 0.2583518828125 0.6618702640625 0.2571160765625 0.663268440625 0.2567977359375 0.664237484375
0 0.24952183906249997 0.6615264140625 0.25014459375000003 0.661227346875 0.2507397046875 0.658858371875 0.24972599999999998 0.6582278921875 0.2487717484375 0.65831400625 0.2479738875 0.6592673046875 0.24785885156249998 0.6600889734375001 0.24862376249999998 0.66125716875 0.24952183906249997 0.6615264140625
0 0.2879027625 0.7487296265625 0.2902150484375 0.7481076015625 0.290333546875 0.7458763703125 0.2886580640625 0.74548345625 0.2879602046875 0.7463199546875 0.287655571875 0.74762455 0.2879027625 0.7487296265625
0 0.2803826671875 0.72888385625 0.2797766359375 0.7286846796875001 0.2791289203125 0.7290121671875001 0.27850223281250003 0.7304610421875 0.278965321875 0.730073809375 0.2797626703125 0.7305036281249999 0.2811238328125 0.7307439453125 0.2812627296875 0.7301238031249999 0.2803826671875 0.72888385625
0 0.255987796875 0.77481069375 0.25661185625 0.7729939906250001 0.25617077187500004 0.7707819359375 0.254907609375 0.7695672874999999 0.254413175 0.7704332234375 0.25355204531250003 0.77196681875 0.253696321875 0.77300548125 0.2548192875 0.7745366640625 0.255987796875 0.77481069375
0 0.2229184515625 0.7634769453125 0.2243826828125 0.7655720734375 0.22708637187499997 0.7675428375 0.2285565390625 0.7693754171875 0.22995015937500002 0.77007118125 0.230361534375 0.76574459375 0.2306606328125 0.762455740625 0.23011053124999997 0.75969660625 0.229012584375 0.7584045609375 0.2268710828125 0.7574098703125001 0.226245378125 0.7573770796875 0.2234445875 0.757468121875 0.22287097656250002 0.75829235625 0.2226024734375 0.7614153953125 0.2229184515625 0.7634769453125
0 0.23153850937499998 0.7645733375 0.23124019843750002 0.7651303625 0.23112415937500003 0.7673445125 0.230915978125 0.769555396875 0.23070264375 0.7707599453125 0.23240299687500002 0.76999163125 0.2333226828125 0.7688334890624999 0.23399220937499998 0.7672538656250001 0.23355180937500003 0.765536275 0.232214646875 0.7639125046874999 0.23153850937499998 0.7645733375
0 0.218442390625 0.7630217499999999 0.22036844531250002 0.7642163765625 0.22189516406249998 0.7633278734375 0.22219586875 0.7613518406249999 0.2216800765625 0.7603562953125 0.2206958265625 0.7599698781249999 0.2189882484375 0.760010253125 0.218442390625 0.7630217499999999
0 0.22178208437500002 0.7718148375 0.220676846875 0.7694975671875001 0.21916684218750002 0.7683654265625 0.2177032828125 0.76891458125 0.2172557828125 0.7707061171875 0.21730953125000002 0.7738303984375 0.21770653437499998 0.7764954546875 0.21839431718750002 0.78018025 0.21990446874999997 0.7808617812499999 0.22121418125 0.778710190625 0.2215537609375 0.77539529375 0.22178208437500002 0.7718148375
0 0.20154156250000002 0.73450126875 0.202141953125 0.7322405296875 0.20206885468750002 0.728888359375 0.200296240625 0.727482725 0.1993845828125 0.7285474078124999 0.1981705125 0.7309340140625 0.1983576265625 0.73330486875 0.1996166015625 0.7348979421874999 0.20154156250000002 0.73450126875
0 0.211670575 0.73680954375 0.210908371875 0.7367242234375 0.20881793593750003 0.7386064593749999 0.207536875 0.7396142328125 0.207124878125 0.74189266875 0.2070939765625 0.7487817421875 0.20778586406250002 0.750985034375 0.208137740625 0.7523615875 0.21195190468749997 0.752519234375 0.21286351875 0.750888146875 0.21514216875 0.750788515625 0.21612513125000002 0.749826140625 0.2163523234375 0.7488945671875 0.21702440156249997 0.74440014375 0.21682986875000002 0.7441114421874999 0.2160113125 0.7432205062499999 0.21654099062499998 0.7409357203125 0.21634599375 0.7396706562500001 0.21602167187500002 0.7384848703125 0.21558994843749998 0.7373779468749999 0.21377676406249999 0.7374331265625 0.211670575 0.73680954375
0 0.1974928640625 0.704216621875 0.19673084999999998 0.7042470953125 0.196014415625 0.705020034375 0.1957593140625 0.7063647765625001 0.196180490625 0.7080610187499999 0.1974776484375 0.7088956750000001 0.1980399609375 0.707122675 0.1982829703125 0.7067849296875 0.198261321875 0.7058246687499999 0.1974928640625 0.704216621875
0 0.183432815625 0.685142134375 0.1847447609375 0.6867395484375 0.18660680624999998 0.68703584375 0.18795993125 0.68584721875 0.18907826249999998 0.6839140359375 0.18853727343749999 0.68187668125 0.187982240625 0.6798385890625 0.1881297625 0.6770237031249999 0.18760315 0.676115209375 0.187150034375 0.6759240453124999 0.18598694531249998 0.6749196109375 0.18464963437499998 0.6752093921875 0.1824612578125 0.6757659375 0.1818106328125 0.676298240625 0.1806675875 0.680464440625 0.18015478437500002 0.6832930421875 0.18260530156250002 0.6849595125 0.183432815625 0.685142134375
0 0.1948024484375 0.6796609140625 0.1945087703125 0.6781591109375 0.19361241875 0.677528521875 0.19303820625 0.6774984296875 0.192184684375 0.6785286078125 0.1915746890625 0.680435234375 0.19129552656249998 0.684000509375 0.1917600109375 0.68472111875 0.1924320015625 0.6835124453125 0.193018309375 0.6832818765625001 0.1944759796875 0.6832033703125 0.19513667968749998 0.6818219921875001 0.1938192171875 0.6808970859375 0.1948024484375 0.6796609140625
0 0.1909121265625 0.6558183843750001 0.1924712328125 0.65580465 0.193449559375 0.6543037953125 0.19370989375 0.6521128546875 0.1910907828125 0.650468840625 0.190400284375 0.65301588125 0.1901728109375 0.6545200999999999 0.1901789234375 0.6554185265625 0.1909121265625 0.6558183843750001
0 0.22558577500000002 0.6418842796875001 0.2253332046875 0.6413296749999999 0.2254182546875 0.640094934375 0.2241474640625 0.6396528203125 0.2222819765625 0.638645996875 0.22087617656249997 0.638212453125 0.22007780000000002 0.6368469234374999 0.2176910828125 0.6369784421875 0.2161083859375 0.6383678265625 0.215564365625 0.6418816703125 0.21505286250000002 0.64611851875 0.2158485609375 0.6476247265625 0.2180169859375 0.651867465625 0.21788434687499997 0.6543983671875 0.21940296875 0.653664340625 0.22151868437500002 0.653926990625 0.22328725624999998 0.6545141046875 0.223654040625 0.6560838906249999 0.22559028125 0.65618849375 0.226453425 0.6541089421875 0.2285474796875 0.652247234375 0.228605734375 0.6505385671874999 0.2271236140625 0.6499789812500001 0.226290490625 0.6478433906250001 0.2263143921875 0.64565570625 0.22646887656249998 0.6431259484375 0.22558577500000002 0.6418842796875001
0 0.2096777359375 0.6284551875 0.21346190781250002 0.637365446875 0.21583898750000002 0.63637286875 0.21053784062499997 0.6263739125 0.2096777359375 0.6284551875
0 0.1802814234375 0.6542457984375 0.1819868328125 0.6533212859375 0.18219957656250002 0.6516801703125 0.181227953125 0.6512021015625 0.18053817656249999 0.650361725 0.1793705796875 0.6512346265625 0.17882627499999998 0.6531118375 0.1794017171875 0.6538648609375 0.1802814234375 0.6542457984375
0 0.1760657765625 0.647179546875 0.1761338546875 0.64349211875 0.17585479843750002 0.6420098578125 0.17568953437499998 0.6400281796875 0.17491735 0.638640553125 0.17368070625 0.6377558703124999 0.1730297 0.6380565859375 0.1709605078125 0.6390856406250001 0.169554203125 0.6378556671875 0.16925850625 0.638721065625 0.1691286640625 0.6394371265625 0.1690417265625 0.6428873046875 0.1680767 0.643268571875 0.1671622703125 0.6440577328125 0.1668391859375 0.6454755796875 0.16745892499999998 0.646010309375 0.1679771765625 0.6469887734374999 0.1680274265625 0.6484183625 0.169245225 0.649125253125 0.17028710625000001 0.6494270703125 0.171951534375 0.6492248390625 0.174389340625 0.64913355 0.1760657765625 0.647179546875
0 0.1677083640625 0.652774821875 0.166873678125 0.6532067296874999 0.1663672359375 0.6543614953125 0.16688191875 0.6562738640625 0.167738946875 0.6580727453125 0.1696615390625 0.6584676578125 0.1701378984375 0.6572002265625 0.17053734843749999 0.6553701859375 0.1704155671875 0.6539321546875 0.16969358437499998 0.652661378125 0.1677083640625 0.652774821875
0 0.164354078125 0.7272575984375 0.1649534125 0.7261515125 0.16507550937499998 0.723851625 0.16441445937500002 0.721836140625 0.1642054796875 0.7219425375 0.16342463125 0.7211083406250001 0.1623329109375 0.72122010625 0.16166657812500002 0.7220222703125 0.16176162031250002 0.7236122359375 0.16199746718750002 0.724665084375 0.16171581875000002 0.7259192515625 0.1623607984375 0.7269575546875 0.164354078125 0.7272575984375
0 0.15421947656249999 0.6572249671875 0.1558382609375 0.6563710171875 0.156073496875 0.6546888359375 0.155441284375 0.6527202375 0.1555214234375 0.6511910859375 0.15502655781250002 0.6501246625 0.1540425328125 0.6496443796875 0.1521716625 0.64954633125 0.1512424765625 0.651184321875 0.1506623546875 0.6537449703125 0.1514386625 0.655203221875 0.15138894375 0.6561519203125 0.152628196875 0.65695694375 0.15341174062500001 0.656246978125 0.15421947656249999 0.6572249671875
0 0.1534795484375 0.68961500625 0.152867109375 0.6897769265625 0.151958740625 0.691226684375 0.15191539999999998 0.692053675 0.15195824687499998 0.6926989890625 0.1526510515625 0.6931233296875 0.15348489999999998 0.693722478125 0.1541682015625 0.6935220281250001 0.15500303124999998 0.6929978125 0.155629709375 0.6918775125 0.15548241406250002 0.6909263125 0.15480386562499998 0.6903493843749999 0.1534795484375 0.68961500625
0 0.146671628125 0.6756755421875 0.1465611765625 0.6767978609374999 0.1472694671875 0.677434240625 0.1485587703125 0.678030659375 0.1494467859375 0.67774549375 0.1498958171875 0.675088790625 0.1490316234375 0.6739341671875 0.148468615625 0.6736903046875 0.1477242109375 0.6742505515625 0.146671628125 0.6756755421875
0 0.1648796375 0.62115531875 0.16626907500000002 0.62187120625 0.1673402671875 0.6225093921875 0.1686554203125 0.6233888015625 0.1698764234375 0.6226313546875 0.1703569 0.621046515625 0.1703498078125 0.6198085109375 0.17120108750000002 0.6179254828125 0.1706633625 0.6169006234375 0.1698230609375 0.6164544703125 0.168740209375 0.6158297546875 0.1677714234375 0.61481985625 0.16626450937499998 0.61503190625 0.165151565625 0.616086040625 0.164602225 0.6171039984375 0.1645257640625 0.618562934375 0.1645944234375 0.62041750625 0.1648796375 0.62115531875
0 0.13946214375 0.7048663562499999 0.1387567265625 0.7045931249999999 0.1379357484375 0.7053605859375 0.13790999375 0.70624013125 0.1382951609375 0.7066530421875 0.138830028125 0.7070159078125 0.13955039062500002 0.70691440625 0.1399011796875 0.7056247484375 0.13946214375 0.7048663562499999
0 0.09198442031250001 0.7471144640625 0.09453103125 0.747723578125 0.098424375 0.74720631875 0.0997255796875 0.7426196953125 0.10202549375 0.7369792078125 0.1017383765625 0.7321278453125 0.1007286140625 0.7296606796875 0.09733392187499999 0.7268729453125 0.096284546875 0.72757993125 0.0932264515625 0.7290875734375 0.0902525 0.73045255 0.0880276953125 0.7337343609375 0.08701884843749999 0.7397882953125 0.08812482968749999 0.744330528125 0.09198442031250001 0.7471144640625
0 0.1129443453125 0.6457271609374999 0.1132925953125 0.6474117578125 0.1137834328125 0.64882375625 0.11430390937499998 0.6491029421875 0.1163235765625 0.648421771875 0.11761738749999999 0.6449315765625 0.1166014390625 0.642343609375 0.11439461875000001 0.64268483125 0.11335868906249999 0.644030896875 0.1129443453125 0.6457271609374999
0 0.10743188125 0.6470748828125 0.1077837859375 0.6448981296875 0.1076047171875 0.643239609375 0.10673431250000001 0.64259160625 0.10504656718750001 0.6417161390625 0.10428147031249999 0.6422831234374999 0.103315440625 0.6440568718749999 0.10519409531249999 0.64702175625 0.10567907968750001 0.6472318015625 0.10743188125 0.6470748828125
0 0.11523310312499999 0.70857839375 0.1151138375 0.7103167218750001 0.1166800203125 0.7118398390625 0.11874253593749999 0.7118039828125 0.12062614062499999 0.7086138171874999 0.121089309375 0.706015746875 0.1195781421875 0.7044579609375 0.11824208437499999 0.7037386140625 0.11692724375 0.7053610859375 0.11523310312499999 0.70857839375
0 0.11284743125 0.6924188906250001 0.11111695156250001 0.6914034953125 0.11005546562499999 0.6923116859375 0.10985883437499999 0.6943917468749999 0.11236427812500001 0.6971000203125 0.11329885937499999 0.69571735 0.11367247968750001 0.6936935046875 0.11284743125 0.6924188906250001
0 0.14492055937499998 0.7262845062500001 0.1500292390625 0.7283124640625 0.1514999484375 0.724850315625 0.14617166875 0.7228030249999999 0.14492055937499998 0.7262845062500001
0 0.1218266125 0.5584646203125 0.1171698171875 0.5555168625 0.11683895625 0.552634659375 0.11468852031250001 0.549511584375 0.1121984890625 0.549255915625 0.10688118437500001 0.555179496875 0.1052347328125 0.556441934375 0.104287965625 0.560624678125 0.10435708125000001 0.5623212453125 0.1053805921875 0.5660486703125 0.10791823281249999 0.5695159203125 0.1098154640625 0.5721860609375 0.111067846875 0.576621746875 0.11347790625000001 0.5835683359375 0.11506373437499999 0.583701515625 0.11646206249999999 0.580097884375 0.11703581249999999 0.5787933109375001 0.11830648749999999 0.5779837046875 0.12102907656249999 0.5755932296874999 0.1228150375 0.5738780984375 0.12372249843750001 0.5705648015625 0.1234728078125 0.5681937968749999 0.123232765625 0.5656386703125 0.1222599109375 0.5614820578125 0.1218266125 0.5584646203125
0 0.11315427812500001 0.531406475 0.1123367390625 0.529182515625 0.11018727343750001 0.5289368734375001 0.1092083921875 0.5308961390625 0.10915319375000002 0.53194938125 0.10940486093749999 0.5343423953124999 0.110149071875 0.5362339359375 0.11121985000000001 0.537954834375 0.112049959375 0.5383566421875 0.11284235625000001 0.5361044015624999 0.11353305 0.533702884375 0.11315427812500001 0.531406475
0 0.16639489999999998 0.52184383125 0.16598785625 0.5209228296874999 0.16522055625 0.5208153375 0.163623165625 0.519290584375 0.16130140312500002 0.5175557578125 0.1601898734375 0.5179559453125 0.157905159375 0.5203208640625 0.15719372812500002 0.5218044125 0.156326415625 0.52396354375 0.155912190625 0.5261949218749999 0.1570250078125 0.529352803125 0.15845377968750002 0.5315274343749999 0.160205984375 0.5331134984375 0.16126765 0.5374265359375 0.1653877890625 0.5386125421875 0.16726370156249998 0.5373902953125 0.1682353828125 0.5351803078125 0.1674389140625 0.5335395 0.1698612296875 0.533952778125 0.1727918046875 0.5325198140625 0.1740021890625 0.5309200296875 0.1742410640625 0.5293475640625 0.17215477031249998 0.5277173921875 0.17141024062500002 0.52660815625 0.170598140625 0.5229966421875 0.16743340625 0.52283704375 0.16639489999999998 0.52184383125
0 0.197482415625 0.505431146875 0.19679063125000001 0.5033154796875 0.19407437968750002 0.5020919578124999 0.1933479796875 0.5023683812499999 0.1913678171875 0.5023256265625 0.19094631875 0.5061885484374999 0.19093083125000002 0.508544090625 0.1912313109375 0.5110804812499999 0.1909946796875 0.5135057953125 0.1903465203125 0.5166183265625001 0.18982953593750002 0.5202133843750001 0.1942644 0.5230071281249999 0.19740069843750002 0.5223359750000001 0.1989560171875 0.519707521875 0.199733678125 0.519497934375 0.20260114375 0.5190004484374999 0.20392866562499998 0.5171658484375 0.20367325468750003 0.5141874625 0.202537071875 0.5101020875 0.200773846875 0.5088158578125 0.19899429062500001 0.507214278125 0.1965805609375 0.50920474375 0.19667655312500001 0.5080597609375 0.197482415625 0.505431146875
0 0.2298800546875 0.5284473125 0.23240031249999998 0.528723340625 0.23431956406249999 0.52592776875 0.2355425125 0.5224761046874999 0.23633516875 0.5188156984375001 0.23585474374999998 0.5151151703125 0.23664686562499998 0.513107 0.237907684375 0.509708953125 0.2384573328125 0.5074909296875 0.23852834375 0.5055388468750001 0.239120775 0.5011012703125 0.238311784375 0.49817679843749996 0.23395476718750002 0.4931512578125 0.231083590625 0.491002734375 0.23027424999999999 0.4905629 0.22548887343750001 0.49066571718749996 0.2221048640625 0.4893759078125 0.22051405000000002 0.4922935234375 0.2185053515625 0.4931833671875 0.21574119375 0.49293367187500003 0.21554895156249998 0.491496640625 0.2139945703125 0.49097238593750003 0.2122340828125 0.492380615625 0.21116463749999997 0.493321246875 0.2100549109375 0.49407513906249995 0.2088833578125 0.4956206296875 0.20731764843749997 0.496954578125 0.20614626249999998 0.499243284375 0.20546644375 0.501437275 0.205156046875 0.5037773609375 0.20533094687500003 0.5066200984375 0.20593329218749998 0.5101736796874999 0.20624968125 0.5129737640625 0.20802117656250002 0.5145201578124999 0.20849786093749997 0.5183816484375 0.20837037343749998 0.520814246875 0.20979981875 0.5241702203124999 0.2123491515625 0.5255633640624999 0.2138074328125 0.5267569453125 0.2172855578125 0.5284303328125 0.2188052328125 0.5283628984375001 0.22382090625 0.52983679375 0.22767185781250002 0.5288745171875 0.2298800546875 0.5284473125
0 0.300734365625 0.5188455078125 0.29715123593750004 0.5154736718749999 0.2956811546875 0.5184461203125 0.2949879015625 0.5204187921875 0.29477245625 0.5224697015624999 0.29491476875 0.5239041156249999 0.2957937625 0.5258809531249999 0.2977089125 0.5264178578125 0.2995522515625 0.526056021875 0.3009991296875 0.5243622375 0.3002603515625 0.523262690625 0.300734365625 0.5188455078125
0 0.2893668734375 0.508164065625 0.2868316609375 0.5030681484375 0.28574215468749997 0.5053767921875 0.285144175 0.5066660125 0.2843548703125 0.5080531671874999 0.283857728125 0.5104038078124999 0.2841812375 0.5119932296874999 0.2846793859375 0.5123103609374999 0.28664115 0.512704196875 0.287694728125 0.5113199390625 0.28839851875 0.5101911625 0.2893668734375 0.508164065625
0 0.2453175359375 0.5573636265624999 0.2437088046875 0.55653298125 0.2421890484375 0.5566019765625 0.2409362390625 0.557249796875 0.24147063124999998 0.5584278171875 0.241386403125 0.5600349859375 0.2410018765625 0.5617594125 0.2412292875 0.564018159375 0.24164128906250001 0.5654416734375001 0.2433011484375 0.566849221875 0.2441645453125 0.5666456921874999 0.2450686734375 0.566799471875 0.2466801625 0.5682044859375 0.24875060312500002 0.56577826875 0.24938466093749997 0.5635020843749999 0.2487945203125 0.562014471875 0.24889829218749998 0.5600343765625 0.24833288593749997 0.5586122125 0.24750713124999998 0.5571122515625 0.24615801875 0.5560448703125 0.2453175359375 0.5573636265624999
0 0.22766980625 0.5756072062500001 0.2247739578125 0.5696302703125 0.2223266484375 0.5705597124999999 0.2210944 0.5717108609375 0.21910702031249998 0.57061159375 0.21851443750000002 0.5717978296874999 0.21831372187500003 0.5732393015625 0.2179325515625 0.57454145 0.217017465625 0.5768060359375 0.218058265625 0.5777852875 0.21829883749999998 0.5783001453125001 0.21854690156249998 0.5803737828125 0.2187756609375 0.581681296875 0.22088484843749998 0.5832328718750001 0.2216195671875 0.584171046875 0.2228790953125 0.5856640125 0.2243577578125 0.5854536109375 0.225479225 0.5846846875 0.2268982140625 0.583134953125 0.226938403125 0.5818008531250001 0.2267137484375 0.580116475 0.2264422234375 0.5781620859375 0.22766980625 0.5756072062500001
0 0.252634084375 0.5328473218750001 0.2534898671875 0.5312665062499999 0.25382901874999997 0.5286165625 0.2528116640625 0.5285632453125 0.2521230609375 0.5289245765625 0.25043026875 0.5289813718749999 0.2491773796875 0.52927245 0.24871479375 0.5300680812499999 0.24884336562499998 0.531764634375 0.25075652812500004 0.5344293515625 0.25154206874999996 0.534576915625 0.252634084375 0.5328473218750001
0 0.272370034375 0.5336923171875 0.271227271875 0.534718290625 0.2700948125 0.5359059625 0.269322528125 0.5373863234375 0.2698286546875 0.5399694765625 0.27180335312500004 0.5401762328124999 0.2745092671875 0.540343078125 0.2766601375 0.5391587109375 0.27679269375 0.53662936875 0.2758355640625 0.5348596640625 0.27474336093749996 0.5335475796875 0.2726304390625 0.53108205625 0.271920475 0.5310448484375 0.272370034375 0.5336923171875
0 0.2606175328125 0.4813649015625 0.26035051249999996 0.47935442031250003 0.2592849390625 0.4788776875 0.25775022812500004 0.4789036515625 0.256428959375 0.479693396875 0.25622816249999997 0.481136428125 0.256319925 0.48201274375000003 0.257027703125 0.4840322421875 0.25844605625 0.48515175624999995 0.25990893437499996 0.4856008078125 0.260102015625 0.48343920156250003 0.2606175328125 0.4813649015625
0 0.290343675 0.5392046015624999 0.2925125984375 0.5397954875 0.294004334375 0.5389176671875 0.29251294687499996 0.53289229375 0.2891478875 0.53813743125 0.289569828125 0.53883390625 0.290343675 0.5392046015624999
0 0.2509709296875 0.5015877515625 0.2512693171875 0.5009994359375 0.2513667171875 0.499170778125 0.24747882031250001 0.49576262968749996 0.24649109375 0.4989355984375 0.24654703281249998 0.49936098281249997 0.24755625937499998 0.50016646875 0.24871621249999998 0.5014695859375 0.2509709296875 0.5015877515625
0 0.27055645 0.46756615312500005 0.2705067296875 0.46851485156250006 0.271567609375 0.4700365203125 0.273654246875 0.46622644375 0.27251311093749997 0.46569880937499997 0.27099839375 0.46626875468750006 0.27055645 0.46756615312500005
0 0.297501721875 0.4749302015625 0.29771010625 0.47656678750000003 0.2998583640625 0.47692502187499997 0.3004114484375 0.47649243906249994 0.301386003125 0.47575023749999995 0.302373446875 0.4742545546875 0.29989153125 0.47282895781249995 0.299069025 0.4726403390625 0.2978292578125 0.4732184359375 0.297501721875 0.4749302015625
0 0.28072676875 0.499299728125 0.2796122890625 0.49826341875 0.278263034375 0.4994976203125 0.27812883125 0.50053576875 0.2784365421875 0.5027251875000001 0.27941129375 0.503233146875 0.2805286234375 0.50158780625 0.280682609375 0.5001423218750001 0.28072676875 0.499299728125
0 0.12491470625000001 0.4790596046875 0.1258002640625 0.47879152031250005 0.1268006765625 0.475794459375 0.125906371875 0.47366191874999997 0.12411140000000001 0.4736382578125 0.1231057328125 0.4755413578125 0.123335109375 0.477404353125 0.12382598281249999 0.4782483875 0.12491470625000001 0.4790596046875
0 0.10961782812500001 0.4501772578125 0.1093682984375 0.449266075 0.10905628437499999 0.447666303125 0.1064745921875 0.448831221875 0.10623218125 0.44927695781250004 0.10647153125 0.45241253124999997 0.1084756 0.453223215625 0.10936513437499999 0.45201342499999997 0.10961782812500001 0.4501772578125
0 0.252391490625 0.57625818125 0.25206169843750004 0.5748483640625001 0.25134995625 0.57383003125 0.24945859375 0.5731676375 0.24841452656250002 0.5748481109375 0.24835376718750002 0.5760074562499999 0.24690049687500001 0.576658853125 0.24649268124999998 0.5781708328125 0.2481568 0.579526971875 0.2493293515625 0.5806195234375 0.25039999062499996 0.5806114828125 0.25164853125 0.57813436875 0.252391490625 0.57625818125
0 0.3588134765625 0.584148065625 0.3584273859375 0.5843797390625001 0.3574569109375 0.585372496875 0.356803609375 0.5867918125 0.356941515625 0.5887282468749999 0.3573937859375 0.589174403125 0.3591731671875 0.589256703125 0.3600016359375 0.5881970484375 0.3611054671875 0.586421134375 0.36125488125 0.5850927578125 0.3588134765625 0.584148065625
0 0.28496898125 0.12571288593750002 0.285571578125 0.1237683203125 0.2832377234375 0.1226821875 0.2811532296875 0.12322696562499999 0.2798943234375 0.1226775140625 0.2785392 0.123008609375 0.27788025156249996 0.1241475578125 0.27521208750000004 0.1271714359375 0.27597852343749996 0.1296540125 0.2762202640625 0.1317288828125 0.27620720468750004 0.13576967499999998 0.27674910625 0.1378493234375 0.2774577125 0.1391663390625 0.2785095078125 0.138622203125 0.2814307125 0.1382636578125 0.283964196875 0.13745138750000002 0.2846303359375 0.13578709375 0.285432884375 0.13486376875 0.285944171875 0.133706128125 0.2861092375 0.1322283671875 0.2869672453125 0.129948271875 0.2869072390625 0.128227146875 0.2862023609375 0.1266897125 0.28496898125 0.12571288593750002
0 0.260762425 0.11941237812500001 0.2604844890625 0.121849609375 0.2604502375 0.1240258 0.2614885671875 0.1257090109375 0.26303434531250003 0.1255913125 0.2643518078125 0.12209766250000001 0.264928996875 0.120010946875 0.2646789515625 0.11863190937500001 0.2635227875 0.117375928125 0.2611627078125 0.11616325000000001 0.260762425 0.11941237812500001
0 0.2554063015625 0.133540484375 0.257443034375 0.133518925 0.2587090796875 0.132200565625 0.25849678125 0.128847359375 0.258726709375 0.1272963296875 0.25677233906249997 0.1254477625 0.25535269843749997 0.1266516765625 0.2547804375 0.1272710125 0.2553381625 0.130332521875 0.2554063015625 0.133540484375
0 0.2949786 0.1059972296875 0.2949011640625 0.10419070156250002 0.29362454531250004 0.1030238515625 0.29256980781249997 0.1036241609375 0.291818075 0.105936425 0.292026653125 0.106972196875 0.29291479531250003 0.107251875 0.29449783281249997 0.1070203453125 0.2949786 0.1059972296875
0 0.3181382296875 0.19168611875 0.318313553125 0.19311756875 0.3185279890625 0.19428038593750002 0.317283221875 0.198208121875 0.3170638765625 0.200811146875 0.3176476875 0.20227026406249998 0.3185635484375 0.2027375875 0.321200009375 0.20154268125 0.3218162625 0.200442175 0.322033521875 0.19916272968749998 0.32143320625 0.1969736234375 0.3220402578125 0.195123171875 0.3225040890625 0.19364698593750002 0.3221847875 0.191410021875 0.320412928125 0.190079528125 0.320597453125 0.188947009375 0.320051984375 0.1863383234375 0.31850059218750004 0.185219659375 0.31714597968749997 0.185630578125 0.31653463125000003 0.186995765625 0.316510121875 0.187941090625 0.3181382296875 0.19168611875
0 0.1569123296875 0.12015799375 0.16013481093749998 0.1170661578125 0.1609807015625 0.11274826093749998 0.161077590625 0.10973513906250001 0.1600649390625 0.10720367187499999 0.1585666984375 0.1065337171875 0.15726066875 0.10715215 0.15700292656249998 0.10992057968749999 0.15526277500000002 0.10825378593749999 0.153314328125 0.10718785156249999 0.15061450781250002 0.10783024687500001 0.1473518734375 0.10762796562500002 0.1444879171875 0.10581935 0.14113471093750002 0.10713628593749999 0.1377043171875 0.10628370937500001 0.13663374374999998 0.10694733906250001 0.136637728125 0.1093492765625 0.1367098453125 0.1116155328125 0.138613053125 0.11420149531249998 0.13864850625 0.1151969015625 0.13883660625 0.11647412187499999 0.1406733640625 0.11716338281250001 0.1447592171875 0.116704715625 0.1478740828125 0.1200848671875 0.1515235453125 0.12004143125 0.1569123296875 0.12015799375
0 0.1453118953125 0.10120302187500001 0.14697892031249998 0.10086167343750001 0.1478225984375 0.09840715312500001 0.1476142265625 0.0949790484375 0.1458395765625 0.0943884859375 0.1447081375 0.09573580625 0.14471430624999998 0.0976183953125 0.1451298203125 0.0996914203125 0.1453118953125 0.10120302187500001
0 0.1673604890625 0.22188484531250002 0.16780075781249998 0.2204402828125 0.1676545296875 0.21875219218750003 0.165590471875 0.218130815625 0.16447959375 0.21887682343749998 0.163072853125 0.22195429375 0.162949046875 0.22431667656249998 0.16568556406249998 0.225093771875 0.166716690625 0.22357065 0.1673604890625 0.22188484531250002
0 0.20074045625 0.2602218578125 0.2020497140625 0.25786996875 0.203060640625 0.25598591875 0.2035432796875 0.2541508515625 0.20314675625 0.2521633125 0.20206737343749998 0.2501587625 0.1999540578125 0.25182075 0.1995543703125 0.2536852 0.1996356171875 0.25712072343750003 0.20074045625 0.2602218578125
0 0.1307552578125 0.2518069578125 0.1291953546875 0.25192548124999997 0.1286269953125 0.251992703125 0.12746405624999999 0.25459790937500004 0.126869946875 0.2581419859375 0.12750430468750001 0.2590545625 0.1279661265625 0.25961700312499997 0.1308027265625 0.2602757359375 0.1319709546875 0.25855483125 0.13313862031249998 0.25541163437500003 0.13224747812499998 0.2530993265625 0.1307552578125 0.2518069578125
0 0.27326412968749997 0.24787553281250002 0.2730234640625 0.24915375312500002 0.273299078125 0.2510301234375 0.2754252921875 0.25159999375000003 0.27646133125 0.24926664375000002 0.2767708765625 0.24789815625 0.2766900171875 0.2465749234375 0.2750689328125 0.245591859375 0.27441323125 0.2461911765625 0.27326412968749997 0.24787553281250002
0 0.0735550171875 0.73029564375 0.07317460625 0.7331656046874999 0.0745010546875 0.7353520859375 0.07686675937500001 0.734904971875 0.07579104375 0.72945683125 0.0735550171875 0.73029564375
0 0.0578041703125 0.491714653125 0.060116550000000005 0.4889412484375 0.0600884484375 0.48592470624999995 0.0585039984375 0.4842426015625 0.05620187812500001 0.485148359375 0.0551882 0.4879507109375 0.055400684374999995 0.48956873593749994 0.056188728125 0.4917285640625 0.0578041703125 0.491714653125
0 0.0686060578125 0.50670990625 0.069732390625 0.5034597125 0.068810965625 0.5016058234375 0.06743976562500001 0.49907903437499995 0.068976159375 0.4981253234375 0.0690027828125 0.4934077515625 0.067420134375 0.491333015625 0.06279423125 0.48955723124999995 0.060161731249999996 0.49267685781250004 0.056904178125 0.4961095125 0.053427087500000005 0.5001784234375 0.0520749359375 0.504990815625 0.05847085 0.5057140437500001 0.063134325 0.5073102984375 0.0686060578125 0.50670990625
0 0.0769583328125 0.49760017031250003 0.07855447812500001 0.4964915625 0.07871565625 0.49341609531249997 0.076471840625 0.49320931718749994 0.075408271875 0.495082784375 0.07575114375 0.49695955156249993 0.0769583328125 0.49760017031250003
0 0.23131827187499998 0.4386370015625 0.23477628749999999 0.4385146875 0.235308246875 0.43872406562500005 0.23709245 0.440177246875 0.2388438328125 0.4391816046875 0.2393463125 0.43866970156249996 0.2411597859375 0.43732526875 0.24216191406249998 0.43796765937500004 0.24449308281249998 0.4369554640625 0.24565108906250002 0.43542960312499995 0.2452867484375 0.4344998859375 0.24450778906249998 0.433301225 0.245026396875 0.43036183906250003 0.245852884375 0.43145972343750005 0.246804859375 0.43147675625000004 0.250915446875 0.4299788984375 0.2519942 0.42769628906249996 0.25265785625000003 0.4255718609375 0.253408615625 0.422949746875 0.25411229999999996 0.4213453140625 0.255334703125 0.41766518281250004 0.2556473015625 0.4152532375 0.2549965890625 0.41318979218749996 0.253267053125 0.40940971875 0.25320461875 0.4093172625 0.2515803375 0.408365325 0.25062951718750004 0.40763956874999996 0.24883923593750001 0.4061829375 0.24876008125000001 0.40366284218750004 0.2485686828125 0.40122448281249995 0.24662008906250002 0.398758184375 0.245806040625 0.39819918906249996 0.243612575 0.398763290625 0.2423649828125 0.39996839687499997 0.2417128671875 0.40229057656249995 0.240036628125 0.406599378125 0.2391463125 0.40946608749999996 0.2403756 0.41234217656250005 0.2411012359375 0.4134238234375 0.23931034218749997 0.4162183 0.2383679453125 0.41975038124999997 0.2399305328125 0.42208849062500003 0.23845353125000002 0.42017732187499995 0.2343976375 0.418362565625 0.2329614640625 0.41871757499999995 0.23139978593750002 0.41713836718749997 0.22946746093749998 0.417287440625 0.227501284375 0.419575175 0.2265736828125 0.42389974218750004 0.2261294296875 0.42625628437499996 0.223363690625 0.42958954218749995 0.22170398906250002 0.43146305937499996 0.223354009375 0.43404357656250003 0.2257096359375 0.434803840625 0.22754930468749998 0.4360346203125 0.229166690625 0.438103353125 0.23131827187499998 0.4386370015625
0 0.1513030421875 0.3433859765625 0.15229300625 0.3410361296875 0.1520055390625 0.337564765625 0.15128091562499998 0.336971340625 0.14904474375 0.3371561234375 0.14780332031250001 0.3387808796875 0.1475293609375 0.34173934687499996 0.14921763593749998 0.34388846093750003 0.1513030421875 0.3433859765625
0 0.1038484609375 0.38740178125 0.103938684375 0.39057647812499996 0.10391258750000001 0.39286575 0.10459502812499999 0.395428415625 0.1054338796875 0.3956335359375 0.10648108281249999 0.39365438125 0.1064532390625 0.3906926140625 0.1067960640625 0.387942725 0.10526651093749999 0.386795478125 0.1038484609375 0.38740178125
0 0.22956881718750002 0.340088509375 0.22949309375000002 0.3415334015625 0.2303000265625 0.34333278749999996 0.231439778125 0.34427497812499996 0.23272176875 0.34265234843750003 0.23350769218749998 0.34046391875 0.23281245312499999 0.339429240625 0.23124304375000002 0.338534940625 0.23038778125 0.338762365625 0.22956881718750002 0.340088509375
0 0.2966125234375 0.41693074062499996 0.2943991171875 0.4157257484375 0.293257215625 0.4154515484375 0.29377043125 0.4118985390625 0.2891495859375 0.41107119374999995 0.28587721718750003 0.40699434375 0.2848914296875 0.40965264375 0.2850778796875 0.41236455625 0.28465976249999997 0.4137148375 0.2827393640625 0.41468128125000003 0.281497075 0.4153672046875 0.2802992796875 0.41633866093750005 0.2796590921875 0.41801526562499997 0.2799155078125 0.4192428671875 0.2788675296875 0.41995305624999996 0.278172425 0.4213639234375 0.2800609015625 0.423812990625 0.2804400046875 0.42428191093749995 0.28152549531250004 0.42790149375000003 0.2850578203125 0.42809287500000004 0.28588969375 0.427207071875 0.28776470781249996 0.42600198906250003 0.2906417640625 0.42505282343750006 0.2924420390625 0.42455730156250004 0.29450909687500004 0.4250020296875 0.2960305359375 0.424005290625 0.29714729375000004 0.42201256875000004 0.2973146140625 0.41959613906250004 0.2966125234375 0.41693074062499996
0 0.096905209375 0.2358744859375 0.09730815781249999 0.23905305625 0.0947421640625 0.23917205 0.0938954828125 0.241056884375 0.0948290296875 0.2431273296875 0.0973354 0.24447441093750003 0.09854318906250001 0.24411838437500002 0.1022925046875 0.24330411718749997 0.103418253125 0.241110028125 0.09818981875 0.23384362187500002 0.096905209375 0.2358744859375
0 0.024259775 0.345483671875 0.025912165625 0.34249574374999997 0.025641501562500002 0.33998751562499996 0.0251577796875 0.3362304875 0.0242515109375 0.33384854375 0.022313103125 0.3325014984375 0.021705846875 0.330862784375 0.020248171875000002 0.3320162015625 0.0190768234375 0.3359462203125 0.018913764062499998 0.3390575765625 0.01953486875 0.34350711718750004 0.021015837500000002 0.346268096875 0.0228124 0.3467987859375 0.024259775 0.345483671875
0 0.0752903234375 0.190690703125 0.0733385109375 0.190733925 0.0732471328125 0.1937911453125 0.07266980625 0.1974628359375 0.075500696875 0.19793195 0.0759419265625 0.19858875468749998 0.07860663906250001 0.1996014765625 0.0796555578125 0.1990524953125 0.080244640625 0.1950669265625 0.0797473125 0.19327125 0.0766977671875 0.1907644640625 0.0752903234375 0.190690703125
0 0.27972519687499997 0.287003240625 0.27869848125 0.2869494328125 0.27730386406249996 0.28878051562499996 0.27679068125 0.29137752968749997 0.2761441046875 0.293862721875 0.27665324375 0.29632868437500004 0.2787666640625 0.2955006578125 0.27974529375 0.29351634375 0.2806858171875 0.29190085312499997 0.2809710609375 0.289085359375 0.28099861875 0.28855951874999997 0.27972519687499997 0.287003240625
0 0.3381237703125 0.0141606640625 0.33782854218749997 0.0119719015625 0.3353627125 0.0116126703125 0.33298435 0.0094352125 0.3314485796875 0.00986949375 0.33002619375000003 0.0131260765625 0.3293853296875 0.016547225 0.33039054375 0.018504078125 0.332072284375 0.020449446875 0.335317384375 0.0211953046875 0.336702865625 0.0192698640625 0.3373755078125 0.016197732812499997 0.3381237703125 0.0141606640625
0 0.475111178125 0.032707010937499996 0.47597658281250005 0.0352417140625 0.4775738609375 0.034051803125 0.47763944374999995 0.0328003953125 0.47744885156250005 0.031033310937500003 0.47659285625000003 0.0298118375 0.475228871875 0.0283415625 0.47342165625000004 0.027178198437500002 0.46960066093749997 0.0265836578125 0.467912353125 0.026495178125 0.46714636093750006 0.0296766359375 0.46774020937499994 0.03195928125 0.46985424374999996 0.033149678125 0.4721155046875 0.0331430140625 0.4750424921875 0.0321964671875 0.475111178125 0.032707010937499996
0 0.4412817578125 0.664089303125 0.4403013203125 0.66533188125 0.44014974531249995 0.6669104875 0.440427365625 0.6682111749999999 0.4425257421875 0.6680582859374999 0.443127796875 0.6666315890625001 0.4433490921875 0.665036296875 0.44303158593749997 0.6645862515625 0.4417334109375 0.663979978125 0.4412817578125 0.664089303125
0 0.3947354140625 0.608553709375 0.3939443125 0.6085122484375 0.39318994687500003 0.6089640125 0.3925726546875 0.6094573828125001 0.39221841562500004 0.6100067828125 0.3919149328125 0.611677565625 0.3917988125 0.6138932734375 0.3920900546875 0.6151430421875 0.39325436874999997 0.6161240718750001 0.3939099109375 0.6162742109375 0.395063375 0.61647704375 0.3965401796875 0.6160334140625 0.39678025 0.615035234375 0.39726362656249997 0.613932459375 0.3975589921875 0.613789909375 0.3984858890625 0.6133002484375 0.398972265625 0.612020825 0.3988390796875 0.611367646875 0.398498490625 0.6105221000000001 0.39802010625 0.6097084484375 0.39754536093750004 0.6097508484375 0.396075028125 0.6093843328124999 0.395180115625 0.6085770140625 0.3947354140625 0.608553709375
0 0.421265446875 0.5775356125 0.42208863125 0.5781889640625 0.4228358640625 0.5774254625 0.42368303906250004 0.5770239375 0.425007871875 0.57601689375 0.42521130312500005 0.5749714203125 0.4243890203125 0.5739426 0.4240057828125 0.573343596875 0.42308743125000003 0.5723864109375 0.42229970000000006 0.5716238265625 0.421040203125 0.571742446875 0.4203119359375 0.5721142171875 0.419841225 0.5733037109375 0.41978577968749997 0.5747199375 0.41974301093750005 0.57553600625 0.42062789843750004 0.576683890625 0.421265446875 0.5775356125
0 0.40218560625000005 0.5786510781249999 0.40234075 0.577601509375 0.40198184687499994 0.5763888765625 0.40174994531249997 0.5753503171875 0.4012250640625 0.5744685140625 0.401028459375 0.574458209375 0.39872189687500004 0.574971009375 0.3979201125 0.57599920625 0.3979994046875 0.5780389640625 0.3985047625 0.579382878125 0.3990145671875 0.5800448421875 0.39981136875 0.5806044984375001 0.40089015781250004 0.58032150625 0.4014419703125 0.579704228125 0.40218560625000005 0.5786510781249999
0 0.380558746875 0.5541465718749999 0.379738275 0.5546058234375 0.3794610859375 0.55523749375 0.379420934375 0.5560036296875001 0.37961746406249997 0.5571498625 0.3800412796875 0.5577807203125 0.38063503125000003 0.55815449375 0.38167983437499997 0.557564615625 0.3819457953125 0.556669496875 0.3813882078125 0.5556952296875 0.3810568578125 0.555031665625 0.380558746875 0.5541465718749999
0 0.40905114062500003 0.5795491234375 0.4081556609375 0.5802454 0.40769821874999995 0.5809129984375 0.40799903125 0.5816219015625 0.40831251718750006 0.5820889484375 0.4103644234375 0.5830914609375 0.411439815625 0.5800967625 0.41060155781249996 0.5796116015624999 0.40959851562500005 0.579285221875 0.40905114062500003 0.5795491234375
0 0.4160729984375 0.6086033125 0.4169495453125 0.6084474109375 0.41662608749999996 0.607454121875 0.4155634828125 0.6073984328125 0.4156138921875 0.6073322296875 0.41593324374999996 0.6057467703125 0.41544568281250005 0.604660390625 0.41451464062500004 0.6042439046875 0.4130783046875 0.605706675 0.412712696875 0.6068312687499999 0.4125465984375 0.607731621875 0.4131172875 0.608903721875 0.4136376765625 0.6091547375 0.41475711875 0.6096186484375 0.41563095937499994 0.6087381749999999 0.4160729984375 0.6086033125
0 0.3701629328125 0.542718084375 0.372004703125 0.5426847421875001 0.3723571 0.5412449609375 0.372040928125 0.539784225 0.3716700828125 0.5395160109375 0.3710035203125 0.540024009375 0.3704870984375 0.540622803125 0.369954628125 0.5417965437500001 0.3701629328125 0.542718084375
0 0.65847654375 0.7972983328125001 0.6589224890625001 0.7992086656249999 0.6595816984375 0.80108010625 0.6609399890625001 0.8020619140624999 0.6615331546875 0.8001778749999999 0.6615345703125 0.7969563468749999 0.661093340625 0.795194903125 0.659765515625 0.795303684375 0.658914721875 0.7956846796875 0.65847654375 0.7972983328125001
0 0.64295883125 0.7253391437500001 0.6441784765625 0.7247568656250001 0.6440671265625 0.7233287671874999 0.642875509375 0.72218201875 0.643161075 0.72118153125 0.64357669375 0.7204162968750001 0.6437278625 0.7184871890625 0.643274578125 0.7179111140625001 0.642078415625 0.7170003890625 0.6415092718750001 0.719441134375 0.6410139171875 0.7202350484375 0.641026721875 0.7213043703124999 0.6416104921875 0.7236897546875001 0.6419300265625 0.7247579421875 0.64295883125 0.7253391437500001
0 0.607656953125 0.748902003125 0.6067134203125 0.7477088000000001 0.6041792828125 0.7463242765625 0.60259135625 0.745992278125 0.60152756875 0.7468847015625 0.599440265625 0.7510358375 0.5996823499999999 0.7517009812500001 0.6036671640625 0.7533195609375001 0.6046507484375 0.7544053374999999 0.6070719640625 0.7554068640625 0.6076849703125 0.7537413515625 0.60824849375 0.751139153125 0.607656953125 0.748902003125
0 0.5983791421875 0.61705136875 0.598286490625 0.6188192546875 0.5993517078124999 0.6206462578124999 0.601267746875 0.6207482375 0.6020402390624999 0.6198311609375 0.6027169906250001 0.616770196875 0.602413978125 0.613923875 0.60059130625 0.6130554187499999 0.599856365625 0.61370378125 0.5983791421875 0.61705136875
0 0.6185380031250001 0.64723526875 0.618814953125 0.651414865625 0.6216881734374999 0.652419740625 0.622991096875 0.64633740625 0.6214671640625 0.6464562515625001 0.619854365625 0.6465391453125 0.6185380031250001 0.64723526875
0 0.6425082703125 0.6931839953125001 0.643185590625 0.6941426328125 0.6446812140625 0.69486251875 0.6430694265625 0.6899104406250001 0.6424560203125 0.6912551812500001 0.6423511171875 0.6922119390625 0.6425082703125 0.6931839953125001
0 0.6314690640625 0.570819803125 0.6294522453125 0.5724915421875 0.6274238953125 0.5747415953125 0.6265792046875001 0.5778125328125 0.6272243484375 0.5810569937500001 0.6284851234375 0.583720378125 0.628571903125 0.586184546875 0.6270747453125 0.5911066875000001 0.6263174890625 0.595524671875 0.627871078125 0.5994973625 0.6295594796875 0.5988974046875 0.6311510625000001 0.5961143875 0.632017509375 0.5919117875000001 0.6338283203125 0.586736965625 0.6352629640624999 0.5846795421875 0.6363440796875001 0.58157561875 0.636190221875 0.578450784375 0.6356987046875 0.575827715625 0.6350204203125001 0.5731260140625001 0.6322860859375 0.5707249328125 0.6314690640625 0.570819803125
0 0.660478784375 0.5514802999999999 0.6613280859375 0.5488289281250001 0.6601390234375 0.54772299375 0.656966878125 0.547107696875 0.6559345796875 0.5485337484375 0.6559031609375 0.5497900765625 0.6575111265625 0.552337096875 0.6591731046875 0.5525697093749999 0.660478784375 0.5514802999999999
0 0.019890998437499998 0.6211421828125 0.022586112499999998 0.6211269625 0.0229891375 0.6172881078125 0.0219742671875 0.614381009375 0.021180403125 0.6137354515625 0.019566800000000002 0.61389340625 0.018616429687499998 0.615547496875 0.01820639375 0.6181467875 0.019890998437499998 0.6211421828125
0 0.03531590625 0.6592250890625 0.0346260046875 0.6611337859375 0.034698692187500005 0.663747421875 0.0352009671875 0.6656278484375 0.036391337499999996 0.6667088156250001 0.0386788671875 0.6662904625 0.039123525 0.6646427265625 0.039230403125 0.6629616406250001 0.038282462499999996 0.6604194828125001 0.037651784375000004 0.6594366921875 0.036811835937499995 0.6591032125 0.03531590625 0.6592250890625
0 0.025662190624999998 0.5853905390625 0.0263955859375 0.5833386109375 0.026053937500000002 0.5817967421875 0.024973703125 0.58001745625 0.023973239062500002 0.581313746875 0.023402609375 0.5826184828125001 0.0232348140625 0.5858500671875 0.02382548125 0.5860140171875 0.025662190624999998 0.5853905390625
0 0.0133120203125 0.707208003125 0.01310725 0.70851783125 0.013028746875 0.710015775 0.0130682546875 0.7118891609375 0.01376510625 0.713520053125 0.014947190625 0.7135350640625 0.0156353703125 0.7123757421875 0.0160750328125 0.7107934593749999 0.0160879390625 0.7082781875 0.0142763359375 0.7058550546875 0.0133120203125 0.707208003125
0 0.0215282859375 0.699141015625 0.0222627765625 0.7005313625 0.0234158296875 0.7003539640625001 0.024485845312499997 0.698297771875 0.0243344203125 0.697604521875 0.0231016203125 0.6966465015625001 0.021852539062500002 0.6959692640624999 0.0215282859375 0.699141015625
0 0.013135425000000001 0.5466427734375 0.0124411890625 0.545320253125 0.011438396875 0.5450189203125 0.010458096875 0.545034825 0.0101480609375 0.546412675 0.0100965421875 0.5473957 0.0104795 0.5482090453125 0.01206540625 0.54795263125 0.013135425000000001 0.5466427734375
0 0.039471392187499996 0.5464958906249999 0.038385482812499996 0.5468849046875001 0.037554540625 0.5479021859375 0.037408279687500004 0.5493793671875 0.037821053125 0.5505791765625 0.0394795390625 0.5502514640625 0.039704351562500004 0.5482307734375 0.039471392187499996 0.5464958906249999
0 0.031709057812500004 0.5506781859375 0.030393184375 0.5506186125 0.029864421875 0.5514827484375 0.030120040625 0.5528151390625 0.03049984375 0.553479678125 0.032232593749999996 0.5532575578125 0.0322184 0.5522147609375 0.031709057812500004 0.5506781859375
0 0.0448685890625 0.49268273437500004 0.0466516484375 0.49305312187499994 0.0478512390625 0.49165930625 0.047934084375000005 0.4901083921875 0.0465711140625 0.48876803593749996 0.0454195859375 0.4884088390625 0.044028453125 0.48856124218749997 0.043708096875000005 0.4904345421875 0.043877153125 0.4917467515625 0.0448685890625 0.49268273437500004
0 0.5698317187499999 0.3712031984375 0.5717095203125 0.3732887078125 0.5749128453125001 0.3737867265625 0.5780583640625 0.3706407890625 0.5785298640625001 0.3663611625 0.5784564453125001 0.36304496406250003 0.5757320578125 0.362902184375 0.5729714390625 0.363420915625 0.5715264484375 0.36731781875 0.5698317187499999 0.3712031984375
0 0.757826209375 0.357213521875 0.7585631421875 0.3526161015625 0.757677728125 0.3505826015625 0.7586569609375 0.3413618390625 0.7608867125 0.3414786953125 0.7612197671875001 0.33984075625 0.7604020578124999 0.33648555 0.7585776609375 0.3334108546875 0.756859878125 0.332989125 0.7547759296875001 0.3348670078125 0.7538009359375 0.348724034375 0.7511962359375 0.3605085515625 0.7530567828125 0.36292329687499997 0.753351009375 0.3573091265625 0.7558099625 0.3577697 0.757826209375 0.357213521875
0 0.671086996875 0.3536612625 0.671583190625 0.35368726562499997 0.6728394515625 0.3534214 0.6736513640624999 0.3521402609375 0.674232596875 0.3505137640625 0.674319115625 0.3488629046875 0.673610975 0.3481639484375 0.6726547390625 0.34745198906249997 0.671681246875 0.34706926562499996 0.6703573640625 0.34865527812499997 0.671086996875 0.3536612625
0 0.61504599375 0.323569875 0.615018621875 0.3146280640625 0.61061104375 0.3134035234375 0.6088559109375 0.3090072046875 0.60629154375 0.31052820468750003 0.60488114375 0.3137650765625 0.6030263953125 0.3159866765625 0.60391760625 0.322656521875 0.6056742984375 0.327052921875 0.6078867156250001 0.327500575 0.6124485140625 0.32575255 0.61504599375 0.323569875
0 0.6876699078125 0.14624175781249998 0.6884257375 0.1413136234375 0.6857878703125 0.13951998593749998 0.6812260703125 0.141268009375 0.6781885609375 0.147070115625 0.67750355625 0.1506767078125 0.6787986453125 0.154387071875 0.6824273421875 0.1562326375 0.6859479453125 0.1554235953125 0.6890631109375 0.157573953125 0.6930956859374999 0.15646003749999998 0.6930898875 0.1518236921875 0.6914774375 0.14942195 0.6876699078125 0.14624175781249998
0 0.7586294859375 0.10492543593749999 0.759269921875 0.10694609687500001 0.761567378125 0.10574124843749999 0.761113075 0.0954518078125 0.7592179375 0.0936970953125 0.7580252 0.10224482343750001 0.7586294859375 0.10492543593749999
0 0.776700746875 0.082362165625 0.7778459343749999 0.093679796875 0.7804218406250001 0.08719165625 0.7819360953125 0.081973128125 0.776700746875 0.082362165625
0 0.781679471875 0.13427982031250002 0.781344775 0.13591923749999998 0.780711696875 0.138535003125 0.7819144703124999 0.13925988125 0.7831360593750001 0.13965560625 0.7848696171875 0.13974645937500002 0.7854335140625001 0.1384507578125 0.7855546234374999 0.13613986718749999 0.7851119171875001 0.13512311562499998 0.78369571875 0.1337236421875 0.781679471875 0.13427982031250002
0 0.6699506562499999 0.18107620625 0.6683943703125 0.18231989843750002 0.6667704640625 0.18488373593750002 0.6662974046875 0.1891632796875 0.6671151140625 0.1925184859375 0.6696606671875001 0.1913266390625 0.671584596875 0.18778497656249998 0.6727484609375 0.184535184375 0.6731004125 0.18256653125 0.6734350265625 0.180928675 0.6725307984375 0.179224328125 0.6699506562499999 0.18107620625
0 0.7274349859375 0.030917979687500003 0.72657383125 0.0341836359375 0.7293797265624999 0.038563048437500004 0.7292658609375 0.032853953125 0.7284281531250001 0.030417709375 0.7274349859375 0.030917979687500003
0 0.7013393421874999 0.0444520375 0.7031563796875 0.04399494375 0.7028774859375 0.041404923437500005 0.70242440625 0.0395411578125 0.701912034375 0.038778921875 0.6996238499999999 0.040314396875000005 0.697744890625 0.0392959140625 0.6987819140625 0.043213368749999995 0.7005123515625 0.044408696875 0.7013393421874999 0.0444520375
0 0.7615555515625 0.12229769374999999 0.76083585625 0.1202368921875 0.758429578125 0.1213984859375 0.757292240625 0.12464966875000001 0.7570806890624999 0.128686315625 0.758341540625 0.1309601078125 0.7588950578125 0.1335645203125 0.7599774546875 0.13398893750000002 0.7616256031249999 0.131499909375 0.7623643921875 0.1252847453125 0.7615555515625 0.12229769374999999
0 0.8285664265625 0.15211751406250001 0.8285541484375001 0.1497245296875 0.8280101999999999 0.1469375546875 0.8267109140625 0.1453971328125 0.8244995984375001 0.1454658703125 0.8240203625 0.14672845625 0.823904978125 0.1489301234375 0.8242208281250001 0.1507851328125 0.8243816265625 0.1530012734375 0.8256217015624999 0.1556416671875 0.8271463765625 0.1555385078125 0.8283521640625 0.153578615625 0.8285664265625 0.15211751406250001
0 0.8315375140624999 0.1033374078125 0.8313478484375001 0.101672075 0.8310924421875001 0.1012909984375 0.8299923890625 0.101233346875 0.829930509375 0.10766861406249999 0.8309413343750001 0.10680157812499999 0.83172561875 0.105002659375 0.8315375140624999 0.1033374078125
0 0.7875578203125 0.128995853125 0.7874547953125 0.1335889421875 0.7894175625 0.1303810203125 0.7875578203125 0.128995853125
0 0.7510318765624999 0.19146985156250002 0.7509714328125 0.1899959171875 0.7496006171875 0.1950748859375 0.7502941546875 0.20026204062500003 0.7522981484375 0.1988947359375 0.7536428078124999 0.1969421203125 0.7535781765625 0.1928909984375 0.7510318765624999 0.19146985156250002
0 0.7078145390625 0.21312051406250002 0.70665519375 0.21416439375000001 0.705724028125 0.2161386796875 0.7059521281250001 0.21707064375 0.7064725078125 0.21765023593750002 0.7074464593750001 0.21751665 0.7079449125 0.2158873796875 0.7078145390625 0.21312051406250002
0 0.7273422234375 0.230150228125 0.7288776984374999 0.2324384125 0.7302005125 0.228275375 0.7278187484374999 0.22631209531250002 0.7273422234375 0.230150228125
0 0.7337116046875 0.400837809375 0.734924371875 0.4040290921875 0.73825651875 0.40365140312500003 0.7406120031250001 0.400831753125 0.7415240328125 0.3992225921875 0.7411270437499999 0.39625869062499997 0.73957498125 0.3969142984375 0.73793648125 0.3992192046875 0.736343271875 0.3980326328125 0.7348490234375 0.3975850671875 0.7337116046875 0.400837809375
0 0.73144559375 0.3703633890625 0.7329110578125 0.3713602015625 0.7334399375 0.36918020625 0.733132178125 0.3671409921875 0.7309305125 0.3670256078125 0.730217796875 0.3701159796875 0.73144559375 0.3703633890625
0 0.708588228125 0.456366240625 0.70752931875 0.45815076718750003 0.7071954015624999 0.45923790625 0.708210496875 0.4609464984375 0.709077071875 0.46283193593750005 0.70980370625 0.46213307031250006 0.710971059375 0.46090654531249997 0.711047928125 0.45943980937499995 0.71071294375 0.45794992343749996 0.7096497640625 0.4571588203125 0.708588228125 0.456366240625
0 0.70360395 0.430349415625 0.704459725 0.4298435109375 0.704397803125 0.4283679359375 0.7034542781249999 0.4279507953125 0.7023858015625 0.429917884375 0.7030258375 0.4308714375 0.70360395 0.430349415625
0 0.7600628171875 0.41932820312499997 0.76070823125 0.41752200625 0.7601782015625 0.4171265375 0.758583515625 0.41593832500000005 0.7586262203125 0.417780584375 0.75856856875 0.41888063750000004 0.758913203125 0.42018639999999996 0.759454359375 0.4203993890625 0.7600628171875 0.41932820312499997
0 0.735802934375 0.5505133234375 0.734947159375 0.5510192296875001 0.7341355671875001 0.5533690375 0.7347259578124999 0.55524 0.7355145140625 0.5560167093749999 0.73621228125 0.5558686484375001 0.7370664953125 0.5553626625 0.7378026984375 0.5544812343750001 0.737456503125 0.5531753875 0.7372396140624999 0.5520593828125 0.735802934375 0.5505133234375
0 0.7457853703125 0.5311670625 0.7457276359375 0.5322686765625 0.7477300687499999 0.5309012890625 0.7485143546875 0.5291023703125 0.7483262500000001 0.52743711875 0.74809815 0.526505153125 0.7466038187499999 0.526059146875 0.7457853703125 0.5311670625
0 0.690201246875 0.57553444375 0.69082744375 0.57409493125 0.69140440625 0.5709974453125 0.6907835890625 0.56967720625 0.6899292921875 0.5701847546875001 0.6886711515624999 0.570486509375 0.6882522765625 0.5732245890625001 0.6892369453125 0.5754839078125 0.690201246875 0.57553444375
0 0.7746676078125 0.5724179875 0.7753845921875 0.57190324375 0.7764049843749999 0.5708536468750001 0.7762265296875 0.569004271875 0.77470333125 0.5691090734375 0.7740948734375 0.570180259375 0.7741841015625 0.571104946875 0.7741456671875 0.571838315625 0.7746676078125 0.5724179875
0 0.728379528125 0.4973253578125 0.7255213203124999 0.49919865 0.7283176484375 0.5037606265625 0.728379528125 0.4973253578125
0 0.74939349375 0.507072878125 0.7488234703125001 0.5074106953124999 0.748099546875 0.5106851078125 0.74963239375 0.510396184375 0.749942740625 0.5071016625 0.74939349375 0.507072878125
0 0.70511199375 0.47531652968750004 0.7046915593749999 0.47805452812500004 0.7053508109375 0.47864139687499996 0.7067270484375 0.47871352343750007 0.70758134375 0.478205975 0.7081994515625001 0.4769506671875 0.7082475359375 0.476033175 0.7079302078125 0.47417652343750005 0.7064262265625 0.473914640625 0.70511199375 0.47531652968750004
0 0.7112566453125 0.49495565468749997 0.7112689234375 0.497348640625 0.712967865625 0.49651766718749996 0.712799059375 0.4944841703125 0.7112566453125 0.49495565468749997
0 0.7351928734375 0.60953415625 0.7356763796875 0.6108471984375 0.7367545046874999 0.6086959875 0.73655675 0.6072148578125 0.7356020984375 0.6069801984375001 0.7351928734375 0.60953415625
0 0.74085225 0.78588765625 0.7437928281249999 0.787697159375 0.74633641875 0.7865427609375 0.7418026328125 0.7835466875 0.74085225 0.78588765625
0 0.7225468625 0.7639558203125 0.7206774703125001 0.762754775 0.7210606625 0.771236453125 0.7232911125 0.7708025921874999 0.7228241953125 0.766545759375 0.7225468625 0.7639558203125
0 0.7920998484374999 0.808442846875 0.7915078984374999 0.806571803125 0.7901620890625 0.8059489531249999 0.789082403125 0.8081000812499999 0.78926241875 0.8099495375 0.7902155921875 0.8101825546875 0.791473734375 0.8098808 0.7920998484374999 0.808442846875
0 0.8016015296875001 0.7982699359375001 0.8024888812500001 0.7997887703125001 0.8031027187499999 0.7959578328125 0.8015288093749999 0.7944030171875001 0.8016015296875001 0.7982699359375001
0 0.758936603125 0.76199981875 0.76112861875 0.7622993250000001 0.7640184031249999 0.7624507734375 0.765156971875 0.7617734953124999 0.7661597078125 0.7610906640625 0.7648699890625 0.7593676781250001 0.763247996875 0.7587303546874999 0.7621175171875 0.759223428125 0.760988596875 0.7597165828125 0.759426965625 0.7605547515625 0.758936603125 0.76199981875
0 0.711430546875 0.2968322984375 0.7123837203125001 0.297065315625 0.7131075625000001 0.2937924625 0.7115705265625001 0.291504196875 0.7104128234375 0.2925465984375 0.7107093734375 0.294769853125 0.711430546875 0.2968322984375
0 0.781630671875 0.289472765625 0.7811417875 0.2909194734375 0.7820976703125 0.2937280375 0.7846166234374999 0.28778923125 0.782217203125 0.2861927171875 0.782318790625 0.289508828125 0.781630671875 0.289472765625
0 0.8316052624999999 0.3310937109375 0.8312714281250001 0.3321792890625 0.8321299953124999 0.3342473703125 0.8314060703124999 0.3375217828125 0.831242603125 0.3406409390625 0.8304706765625 0.34483128281250003 0.82997764375 0.351611646875 0.83171773125 0.3526228515625 0.8332381375000001 0.349944065625 0.8340993734375 0.3466768484375 0.834262840625 0.3435576921875 0.8335431468750001 0.3414968890625 0.8345731875 0.34026316875 0.8347050796875 0.335119271875 0.8347820296874999 0.33365097499999996 0.8345335640625 0.3305102296875 0.834216153125 0.3286551375 0.8329868781249999 0.3284060859375 0.8316052624999999 0.3310937109375
0 0.7861149359375 0.3171187796875 0.7873346437500001 0.3175503921875 0.7883234609375 0.3144760546875 0.7865833734375001 0.31346485 0.7861149359375 0.3171187796875
0 0.84419473125 0.23829729375 0.8439008906250001 0.23864958593750002 0.8433020000000001 0.23953820937499998 0.843788215625 0.24342679843749998 0.8444598265625001 0.2464050921875 0.8464691171875 0.2422795953125 0.8459059515625 0.2398593046875 0.84419473125 0.23829729375
0 0.7979544390625 0.3677562453125 0.7960636640625001 0.35905160937499997 0.7933551390625 0.3659505609375 0.7979544390625 0.3677562453125
0 0.1548148125 0.2198316921875 0.151281903125 0.212605640625 0.15013373593749998 0.21958636718750002 0.1548148125 0.2198316921875
0 0.6517161406249999 0.47118196562500003 0.649825365625 0.46247732968750005 0.6471168406250001 0.46937628125 0.6517161406249999 0.47118196562500003