0 0.767921471875 0.9167296593750001 0.767718384375 0.915601946875 0.7682178203125 0.91494591875 0.7693155093749999 0.915199340625 0.7702193187499999 0.91479221875 0.7708618359375 0.9120091734375 0.771428478125 0.9090546671874999 0.77080271875 0.90675015 0.770093328125 0.9058150421875 0.7671697203125001 0.9054479656250001 0.7666380625 0.9062505 0.7666383437500001 0.90825666875 0.76635841875 0.9109694781250001 0.7659447671875 0.91226109375 0.76536945625 0.9127456578125 0.7637301984375 0.912830646875 0.761094221875 0.9162326875 0.7604514250000001 0.9170095625 0.76042571875 0.9176210140625001 0.7617605890625 0.9188544703125 0.762191578125 0.9225027406249999 0.7615156 0.9274381078125 0.760238675 0.9314618031249999 0.7590815390625 0.9319659874999999 0.7578562843750001 0.9307578390625 0.757273828125 0.9287728124999999 0.7584557796875 0.9296614703125 0.7594611687499999 0.928814359375 0.7604504828125 0.9270366578125 0.7608223546875 0.9254259015624999 0.7611604843750001 0.9239613015625 0.760822965625 0.9214154390625 0.7602229125 0.9184994703125 0.75882859375 0.9180236203125001 0.757485965625 0.9183310375 0.7562514328125001 0.9186634078125 0.75576190625 0.9197835609375 0.756674384375 0.92184638125 0.7567329421875 0.9230930687500001 0.75473048125 0.9272587546875 0.75416445 0.9262027984375001 0.751011696875 0.9253209828125 0.7516210828125 0.9186736312500001 0.7510714765625 0.91854674375 0.7487392234375 0.9326636031250001 0.7475207859374999 0.9399416765625 0.750596140625 0.940651678125 0.752591125 0.9400330328125 0.7560046093749999 0.939278434375 0.759579121875 0.9373262406249999 0.7625538609375 0.9344642453124999 0.7646919234375 0.931718584375 0.766965309375 0.928386778125 0.7696269921875001 0.9243732859374999 0.77168114375 0.9209908656250001 0.7735145390625 0.9175574796875001 0.7756281390625 0.913417453125 0.7779173187499999 0.9090100703124999 0.7794482015625 0.9068939578125 0.780622375 0.9033083796874999 0.7788654640625 0.9029027640624999 0.7762028703125 0.9029054421874999 0.7727986640625 0.90211951875 0.771446478125 0.9019612875 0.7720285828125 0.9039478359374999 0.77322813125 0.9057674375 0.7725348359375 0.9117780296875001 0.7712080234375 0.917024978125 0.769535303125 0.919262290625 0.767921471875 0.9167296593750001
0 0.673712478125 0.8507043984375 0.6727661859375 0.8507954249999999 0.6721912265625 0.8512784671875 0.671252359375 0.8558452515624999 0.6695799906250001 0.8580810421875 0.6703989984375001 0.85904145625 0.6711758750000001 0.859684253125 0.6728244109375 0.85805874375 0.674227378125 0.8549894265625 0.673712478125 0.8507043984375
0 0.6836029781249999 0.8835331765625 0.6845752546874999 0.8848368671875001 0.6861302499999999 0.88411664375 0.6864683796875 0.88265204375 0.6865018421875 0.88049971875 0.6857924515625 0.8795646125 0.6842969046875 0.879527228125 0.68399251875 0.8808456734375 0.6836029781249999 0.8835331765625
0 0.7778906437499999 0.4861586015625 0.7769180859375 0.48284874218749996 0.7753804078125001 0.4824937421875 0.773377315625 0.48465478125 0.772000334375 0.48911881562500004 0.7719331296874999 0.4914172953125 0.7735454390625 0.493949575 0.7752695187499999 0.49851216093749995 0.7766471312500001 0.49605277187499996 0.77799965 0.49019437187500003 0.7778906437499999 0.4861586015625
0 0.7997116046875 0.52744895625 0.7991118312500001 0.5265391562499999 0.798376734375 0.5262155 0.797582190625 0.5266494515625 0.796670271875 0.5285989671875 0.7961212984375 0.5304767265625 0.7962891203125 0.53175024375 0.7987826499999999 0.5324798671875 0.7993480500000001 0.5315311765625 0.799458909375 0.5295506671875 0.7997116046875 0.52744895625
0 0.8222485203125001 0.5135226671875001 0.8215567265624999 0.513518503125 0.8207030859375 0.5147085390624999 0.8195961171875 0.5159956375 0.8194270515625 0.5167279375 0.819409384375 0.5178046859375 0.8201866109375 0.5184459593749999 0.82364311875 0.516004684375 0.8234316421875001 0.5144131984375 0.8230511015624999 0.5135540125 0.8222485203125001 0.5135226671875001
0 0.7883701640624999 0.464820653125 0.7891132984375 0.46560960468749996 0.790390221875 0.4615859109375 0.7892749375 0.460401546875 0.7883701640624999 0.464820653125
0 0.77233106875 0.4691405484375 0.7722564375000001 0.46696326875 0.771334328125 0.4664424921875 0.7703125140625 0.46636053281249995 0.76959384375 0.4669659453125 0.7691296703125 0.4674761703125 0.7689268640625 0.468354625 0.7686481828125 0.46906161874999996 0.768367978125 0.469768259375 0.7684943 0.47272880468749995 0.77206105625 0.47231748281249997 0.77233106875 0.4691405484375
0 0.75613281875 0.4746568671875 0.754620846875 0.47369041562499997 0.7537086484375 0.4736337625 0.753352571875 0.4741689421875 0.7529385671875 0.4754620796875 0.7548233234375 0.47882859062499994 0.7562511046875 0.47715211718750006 0.75613281875 0.4746568671875
0 0.7680317328124999 0.4511786703125 0.7694854999999999 0.4508969140625 0.770558725 0.44975596875 0.7711850953125 0.44805002343749994 0.7718102953125 0.4463422046875 0.7744474953125 0.43491923750000006 0.77372015625 0.433054709375 0.774362671875 0.43027166406250006 0.771067803125 0.42750488124999997 0.7680431765625 0.43159012968750005 0.7656679328125 0.43335575625 0.76357228125 0.4384252046875 0.7623628421875 0.4421565875 0.7634270671875 0.4445623328125 0.762742771875 0.4470262375 0.7633858484375 0.4482555296875 0.7641618328125 0.4509026203125 0.765827075 0.4522123484375 0.7663172328125001 0.4530968421875 0.7669167265625 0.452000475 0.7680317328124999 0.4511786703125
0 0.7572927828125 0.4440713984375 0.7604284984375 0.4480346078125 0.7611793890625 0.4472826875 0.76141718125 0.44425225937499996 0.761223021875 0.44158554843750003 0.75922028125 0.44374506562500005 0.7572927828125 0.4440713984375
0 0.7806171265625 0.413203659375 0.7782260890625 0.4160448625 0.7786827828125 0.4190816796875 0.7795785562499999 0.4182092625 0.7803471140625 0.41638059375 0.7806171265625 0.413203659375
0 0.7588487390624999 0.43933918906249997 0.7592964859375 0.437899896875 0.7589496875 0.43689455468749994 0.7594748296875 0.43562707500000003 0.7592540750000001 0.435576109375 0.758594853125 0.43542391562500005 0.757776125 0.43646967031250006 0.7574299578125 0.437468975 0.757336415625 0.438374259375 0.7574962015625 0.4391824796875 0.7579863578125 0.44006697343749995 0.7588487390624999 0.43933918906249997
0 0.756845978125 0.435483596875 0.757371121875 0.43421611875000005 0.757573928125 0.43333766249999994 0.7575141999999999 0.4320891015625 0.757099565625 0.43137759375 0.7563648203125 0.43105241406249994 0.7560440078124999 0.4314417890625 0.755588225 0.4324157859375 0.755427196875 0.4336133828125 0.755620725 0.4342754484375 0.7559594859375001 0.43481549375000006 0.756845978125 0.435483596875
0 0.76134388125 0.59742245 0.760743496875 0.6005231125 0.7616219515625 0.6007259203124999 0.763152203125 0.5966051625000001 0.7627456765625 0.594351259375 0.7619606921875001 0.5952508578125 0.76134388125 0.59742245
0 0.7816208421875 0.5311396375 0.7826348999999999 0.53276246875 0.7837499046875 0.531940665625 0.78390254375 0.5302792953125001 0.7833027703125001 0.5293694953125 0.781562284375 0.52989295 0.7816208421875 0.5311396375
0 0.2907901375 0.2568402265625 0.288431296875 0.2560342578125 0.286829275 0.2561871765625 0.28591327031249997 0.25675825625000004 0.2853699140625 0.2574169734375 0.28539834375 0.25898865 0.2858567125 0.2603998046875 0.2863274234375 0.2625979671875 0.286357021875 0.26417151875 0.28576941875 0.26586235937499997 0.2862135734375 0.266487675 0.2875429640625 0.26496648437500003 0.2888165859375 0.26369380625 0.2903175015625 0.2614296578125 0.2914484609375 0.2590801 0.2915473078125 0.25779759062499996 0.2907901375 0.2568402265625
0 0.252983528125 0.2306198125 0.250753134375 0.23010488593749998 0.249036528125 0.23075412343749999 0.24650616250000001 0.23069111250000002 0.24550595937500003 0.2299390265625 0.2434028421875 0.22971326718750001 0.241486634375 0.22953226249999997 0.2390274234375 0.230008453125 0.238284465625 0.22983692812499998 0.23788377187499998 0.23157252499999997 0.23722618281250002 0.23272603906249997 0.2366816578125 0.23338288125 0.23522382031250003 0.23461303125000002 0.2343232 0.23597182343749998 0.2337925359375 0.237416028125 0.23344913437499998 0.2389034640625 0.233721765625 0.2402717375 0.2340643796875 0.2421773359375 0.2336636859375 0.24391293281249998 0.2335775296875 0.24598092968750002 0.23299109687500003 0.2476736453125 0.237638359375 0.25213976875 0.2398406765625 0.2510814953125 0.2406993890625 0.250758575 0.2422856734375 0.24981946718749998 0.2438304015625 0.249914709375 0.245003653125 0.2499241890625 0.24719175624999998 0.24808007812500002 0.2479204984375 0.24746576406249998 0.2492794890625 0.24751812499999998 0.2508226953125 0.247613015625 0.251610253125 0.24675089374999998 0.2518963625 0.24551161718749998 0.2528400609375 0.24311882499999998 0.25359723125 0.2440761890625 0.2548274234375 0.24383903125 0.2551850390625 0.2431374328125 0.2553996421875 0.241360478125 0.25663018437499996 0.241121796875 0.25723048125000003 0.2402164421875 0.25823147031250004 0.237575490625 0.2584322109375 0.235011175 0.2566163734375 0.2335480125 0.25418485625 0.23220249062499998 0.252983528125 0.2306198125
0 0.2967118796875 0.2396713546875 0.2979266859375 0.23864648437499997 0.2991430140625 0.2376219640625 0.30034434062500004 0.23920464375 0.30240399687499997 0.2370694921875 0.3050481609375 0.24002921875 0.30572113437500004 0.2396634171875 0.3075942640625 0.2408784203125 0.308751778125 0.24010170937500003 0.3103826625 0.2381289546875 0.3120419765625 0.2377278765625 0.3106410984375 0.22852853125 0.30935326406249997 0.229015371875 0.30839570312500003 0.23062080312500002 0.307479346875 0.23119340625 0.3065506515625 0.2309789984375 0.30539161406250004 0.2317553578125 0.30476210312499996 0.23448207187499998 0.30306085 0.2325225890625 0.30007363593749997 0.2310487765625 0.2991434171875 0.23083401874999998 0.297784428125 0.2307816578125 0.2969983921875 0.23164413125 0.29576937187499996 0.23188316250000002 0.294752996875 0.2337364015625 0.29422385625 0.2351809578125 0.2946822265625 0.2365921109375 0.2954390453125 0.23755099687499998 0.2967118796875 0.2396713546875
0 0.3602246328125 0.3018491015625 0.361697471875 0.29801175468749996 0.3628992015625 0.2928064875 0.3613992515625 0.2885442046875 0.3591961984375 0.28620908906250003 0.355364134375 0.2858455578125 0.35137405625 0.2870138671875 0.349044028125 0.2911744859375 0.3486283328125 0.29551727968749997 0.3490717015625 0.29953563125 0.3495852796875 0.3004367578125 0.35030054375 0.30242999375 0.35290241718750004 0.3030306828125 0.3556484734375 0.30470860312500003 0.3566344609375 0.30467485 0.3581649765625 0.303984253125 0.3602246328125 0.3018491015625
0 0.377185303125 0.2775686796875 0.3757705421875 0.2777648296875 0.3747972453125 0.2785840703125 0.373839334375 0.2801910234375 0.372952928125 0.2823356546875 0.3752256125 0.28520961875 0.37528290468750003 0.284961459375 0.37792864375 0.28113511406249997 0.37788635312499996 0.2787760765625 0.377185303125 0.2775686796875
0 0.3908149328125 0.2702726828125 0.3906711328125 0.2725903625 0.39155675156249997 0.2738387671875 0.39317263593749996 0.274473209375 0.39536109062499997 0.27262757656250003 0.39438858125 0.27005378125 0.3938313625 0.26992513749999997 0.392772696875 0.26941933749999997 0.391972446875 0.26949597187499996 0.3908149328125 0.2702726828125
0 0.39071296875 0.2885237703125 0.3919135609375 0.28671306093750004 0.39098412968749996 0.2831052671875 0.3904269109375 0.2829766234375 0.38902484375 0.2839582609375 0.388266884375 0.2863939328125 0.38822380624999997 0.28742793125 0.3892966875 0.28871956875000004 0.39071296875 0.2885237703125
0 0.395920690625 0.2523942546875 0.3980507140625 0.254191340625 0.3986229328125 0.2517127859375 0.3996966 0.24961138749999998 0.397837684375 0.2491822234375 0.39680709531249997 0.2502496234375 0.395920690625 0.2523942546875
0 0.2673974953125 0.22559438593749997 0.27070076875 0.22740095 0.271944790625 0.2245547203125 0.27093072500000004 0.22301527499999999 0.27085921874999996 0.2224775953125 0.2710741734375 0.22069911874999998 0.2698586328125 0.21833059999999999 0.268057009375 0.21765327656250003 0.2663838328125 0.21726699374999997 0.265911984375 0.21846338906249999 0.265339765625 0.2209419421875 0.2659392734375 0.223429625 0.2673974953125 0.22559438593749997
0 0.2637673625 0.21248555468750002 0.262079971875 0.2113134328125 0.2607209828125 0.2112610734375 0.260077609375 0.213200425 0.25956268125 0.2154308203125 0.259762284375 0.21626106250000002 0.261749996875 0.21697974531250003 0.2630224796875 0.21910162500000002 0.26482524218750003 0.21638439062499998 0.2644811046875 0.2144784390625 0.2637673625 0.21248555468750002
0 0.25613141562499997 0.19975884375 0.25761958749999997 0.2034956328125 0.2583633328125 0.20027412187500002 0.25939239999999997 0.1992063703125 0.2588924734375 0.1988295671875 0.2580768390625 0.19811848906250001 0.25727659062499997 0.1981951234375 0.2567905265625 0.19860568125 0.25613141562499997 0.19975884375
0 0.3133601015625 0.341153303125 0.3145902921875 0.34091614375 0.31570624999999997 0.341173784375 0.3174924890625 0.3410633953125 0.3186657390625 0.341072875 0.319580221875 0.3405014421875 0.3207823359375 0.33869108593749997 0.3222263109375 0.336673575 0.321397984375 0.33517701093749996 0.32144106250000004 0.3341430125 0.3215829890625 0.3318265046875 0.3208258171875 0.330869140625 0.3197671515625 0.33036334218749996 0.3195533359375 0.3287472609375 0.31905340937500004 0.3283704578125 0.31793745156250003 0.32811281718749996 0.3165784625 0.32806045781250004 0.3153786578125 0.3264781296875 0.314762625 0.32659729375 0.3129179234375 0.32695396875 0.3119461484375 0.3277735609375 0.31153124062500004 0.32872331875 0.31023027812500004 0.3318161859375 0.3116173453125 0.3334417453125 0.3111439734375 0.334637790625 0.31098783281250003 0.336168459375 0.3111162796875 0.3364595 0.31200189843750004 0.33770790625 0.3123598984375 0.3404012171875 0.3133601015625 0.341153303125
0 0.354028665625 0.33461863125 0.35344258281249996 0.33630982343750004 0.3528422875 0.337215178125 0.35199895937500003 0.33832581093749997 0.3505968921875 0.3393074484375 0.35464350625 0.3446804484375 0.355986759375 0.34394661875 0.3581037078125 0.3415633078125 0.3583186625 0.3397848296875 0.357861815625 0.33837402656250004 0.35736001562499997 0.3379983953125 0.357503815625 0.335680715625 0.3564463203125 0.335176790625 0.35514462343750003 0.3348762703125 0.354028665625 0.33461863125
0 0.351651178125 0.38393208749999996 0.350477928125 0.383922609375 0.348763196875 0.38457067500000003 0.348346765625 0.3855200828125 0.3491196734375 0.3872636359375 0.3508067125 0.3884372796875 0.3529228734375 0.3894470046875 0.3548248671875 0.3888421703125 0.35635464687499996 0.3847581859375 0.3566980484375 0.38327075 0.355455165625 0.38272242031250003 0.35463953125000003 0.3820113421875 0.35315209375 0.381667940625 0.35216610625 0.38170169375 0.35162275 0.3823604109375 0.351651178125 0.38393208749999996
0 0.33198795312499996 0.3885297890625 0.33403413125000003 0.3890021859375 0.3350489828125 0.3871485953125 0.3348351671875 0.385532515625 0.33417684375 0.3832926421875 0.332875146875 0.382992121875 0.33201795624999997 0.38331539375 0.3313461546875 0.38368306875 0.33043015 0.38425414999999996 0.330643965625 0.3858702296875 0.33187415625 0.385633071875 0.3314023078125 0.3868294671875 0.33198795312499996 0.3885297890625
0 0.38717602812499996 0.343053859375 0.38822083281249997 0.342772296875 0.3886784671875 0.3407900640625 0.390122825 0.3421674640625 0.39133763125 0.34114259375 0.3924112984375 0.3390411953125 0.3925689609375 0.3375108765625 0.392181746875 0.3366389234375 0.3912249734375 0.33485131875 0.3908811875 0.3329438453125 0.3897229390625 0.3303271671875 0.3877355765625 0.3296069625 0.3869353265625 0.329683596875 0.38491874843749996 0.33078474999999996 0.38344552656249997 0.3312271875 0.3830448328125 0.332962784375 0.3824153203125 0.335689496875 0.38212921093749996 0.33692877499999996 0.38234302656249997 0.3385448546875 0.384987640625 0.3404607421875 0.386676103125 0.34267705625 0.38717602812499996 0.343053859375
0 0.3883196078125 0.35845906875 0.3893625375 0.358178678125 0.39027889375 0.35760607499999997 0.391694440625 0.3540168875 0.3896497859375 0.3535448421875 0.388948384375 0.3523389671875 0.38718983906250004 0.35062764375 0.38616077187500003 0.3516953953125 0.3853174453125 0.352806028125 0.3847310109375 0.35449874375 0.3848878875 0.3563614625 0.38497325625 0.35768650156250004 0.386531846875 0.35856910468750003 0.3883196078125 0.35845906875
0 0.40455826562499997 0.4102455046875 0.4053881140625 0.4117424203125 0.40494469375 0.41451049375000004 0.4063175453125 0.4153502140625 0.407475059375 0.4145735046875 0.40883405 0.41462586406249996 0.4073746890625 0.4158556625 0.40876175625 0.417481221875 0.410620671875 0.4179103875 0.41155089062499994 0.4181251453125 0.41358168281249996 0.41780982968749997 0.415355228125 0.4169139546875 0.41581286406249995 0.41493172031250003 0.4147261203125 0.41285272187500005 0.4156556046875 0.4096740921875 0.41567060624999996 0.40706689375 0.414941128125 0.40428782031250005 0.40975007343750003 0.40387192812499995 0.40687595468750004 0.40529787656250005 0.40457326718750003 0.40763830624999997 0.40455826562499997 0.4102455046875
0 0.41377020625 0.3907028 0.41458431874999996 0.39141352500000004 0.4153287984375 0.3915854015625 0.41612904687499996 0.3915087671875 0.4169150828125 0.39064629375000004 0.41702966718749995 0.39014997500000004 0.417774146875 0.3903218515625 0.41947466406249995 0.388887946875 0.4183167671875 0.386269746875 0.4193762203125 0.38338250937499996 0.41941929843750003 0.3823485109375 0.41903243437500004 0.3814750359375 0.416401346875 0.38269570625 0.41509964843749997 0.3823951859375 0.414170953125 0.382180778125 0.4149146453125 0.3857456921875 0.413626809375 0.3862325328125 0.41286999062499996 0.38527364531249997 0.41179711093750004 0.38398200781249997 0.4108095984375 0.38401541093749997 0.40906565156249997 0.3864848359375 0.41093878124999994 0.3876998390625 0.41201166093749997 0.3889914765625 0.41269732656249997 0.38941116249999996 0.41377020625 0.3907028
0 0.406478396875 0.3798820390625 0.4073355875 0.3795587671875 0.4087376546875 0.3785771296875 0.410252784375 0.37709882031249997 0.4097386453125 0.375936178125 0.40935330312499996 0.3750630546875 0.4085373171875 0.3743534984375 0.408023178125 0.37319085625000004 0.40685027968750004 0.3731798546875 0.40521904218750004 0.3751541328125 0.405634334375 0.377599284375 0.406478396875 0.3798820390625
0 0.3904642296875 0.3644369015625 0.3898774125 0.3627347078125 0.3888914234375 0.36276846093750004 0.38846113125000004 0.36293050625 0.3875466484375 0.3635019390625 0.3871890328125 0.3642035375 0.3869744296875 0.3659804921875 0.38710287656250003 0.3662715328125 0.388861421875 0.36798285625 0.39012082812500004 0.3659243390625 0.3904642296875 0.3644369015625
0 0.3950965421875 0.36472379843749997 0.39446817031250003 0.3640559546875 0.393480659375 0.36408935625 0.392265853125 0.3651142265625 0.39160674218749997 0.3662673890625 0.391750925 0.36734462031250004 0.392993809375 0.36789295 0.394410090625 0.36769715000000003 0.3947673546875 0.3669970734375 0.3949250171875 0.36546675624999997 0.3950965421875 0.36472379843749997
0 0.4367502359375 0.37851769062499996 0.4379650421875 0.3774928203125 0.4387245234375 0.3750574984375 0.4390106328125 0.373818221875 0.436822146875 0.372267421875 0.436021896875 0.3723440578125 0.43497709375 0.37262561875 0.43413376562500006 0.3737362515625 0.4336619171875 0.374932646875 0.43339002187500003 0.3769577625 0.43404799374999997 0.37919915937500004 0.4367502359375 0.37851769062499996
0 0.4465336609375 0.35310304375 0.445374625 0.353879403125 0.4447881921875 0.35557211875 0.44463088125 0.3571009140625 0.4460037328125 0.35794063593750003 0.4495216109375 0.3579702453125 0.45098097031249995 0.356740446875 0.45119592500000005 0.35496196874999997 0.45049452343749996 0.35375609375 0.4498661515625 0.35308824843750003 0.4493643515625 0.352712615625 0.4483072078125 0.35220716875 0.44750543593750003 0.3522834515625 0.446590953125 0.352854884375 0.4465336609375 0.35310304375
0 0.44509044218750005 0.348331084375 0.44506122656249997 0.35015244375 0.44704858906249995 0.35087265 0.44826339375 0.3498477796875 0.44823531718750004 0.34827457968750003 0.4469766984375 0.3469400609375 0.4466052203125 0.3468542984375 0.445805321875 0.34692941093749996 0.44509044218750005 0.348331084375
0 0.4446913421875 0.333097753125 0.444219109375 0.3308992375 0.4432904125 0.33068483125000003 0.4405432171875 0.3324014703125 0.44017247499999995 0.33570909531250004 0.442531315625 0.3365150625 0.444662478125 0.3349175890625 0.4446913421875 0.333097753125
0 0.41952990625000003 0.4191830859375 0.41792788593749997 0.419336003125 0.41689881875 0.4204037546875 0.4151964265625 0.42183883125 0.41293716874999997 0.42314374062500004 0.4093047078125 0.4236104515625 0.40763153125 0.42322416875 0.4053146296875 0.4247787609375 0.402983865625 0.42554599218750006 0.40023854375 0.42726145937500004 0.40059654375 0.42995477031249996 0.3994082921875 0.4325524890625 0.3983934390625 0.43440607968749995 0.39823577656250003 0.435936396875 0.39995124375 0.43868171875 0.40049424843750003 0.4380245234375 0.40223892968749997 0.4389484859375 0.404799246875 0.440583525 0.40667202500000005 0.44180005 0.40991800625 0.443854775 0.4144503015625 0.4454223078125 0.41628078906250005 0.4442797953125 0.41852691875000003 0.4455809125 0.4202135734375 0.44335964531250005 0.4219017515625 0.44113873124999997 0.4230311890625 0.43878882187499996 0.42313155937499997 0.4375066625 0.42347496093750003 0.4360192265625 0.424189840625 0.43461755156250004 0.42500474062500004 0.4319352421875 0.4258638046875 0.4316107984375 0.427149765625 0.43112512968749994 0.42816649218749997 0.42927036875 0.4283226328125 0.4277396984375 0.42786578437499995 0.42632889687500003 0.42717976875 0.42591073437500004 0.42612110156250005 0.42540493437500004 0.42453329531249995 0.426343690625 0.4233046265625 0.42658120000000005 0.4226605171875 0.425127165625 0.4244771421875 0.4231972921875 0.423461553125 0.42165749531249996 0.4225759359375 0.42040909062500004 0.42138882187500004 0.41961225 0.41952990625000003 0.4191830859375
0 0.39112770937499997 0.44891539375 0.39158455625 0.45032619531250007 0.39258628125 0.45107863125 0.39364494843750003 0.45158443125 0.3939302703125 0.45373819062500004 0.39793421093750003 0.4533572421875 0.399306328125 0.45080357656250003 0.3986068 0.4495965296875 0.39789118437500004 0.4476048171875 0.3967767484375 0.447347528125 0.3946178609375 0.4473702796875 0.394244859375 0.447284165625 0.39284431406250003 0.44826615625 0.390971184375 0.447051153125 0.39112770937499997 0.44891539375
0 0.4825542125 0.5083986203124999 0.48235347187500005 0.5109629359375 0.48231039375 0.511996934375 0.48239576250000005 0.513321975 0.48119481875 0.5151342062500001 0.48004999687499994 0.516696403125 0.47738969375 0.5197384328125 0.47773382968749994 0.5216443828124999 0.4773331359375 0.5233799796875 0.476231775 0.5273030890625 0.47919086093749996 0.5339901265625 0.480706375 0.535906728125 0.48380969531250007 0.5368845734375001 0.48817011250000003 0.5391965859375001 0.48965868749999997 0.536145428125 0.49144457499999994 0.5360365625 0.49293201093750005 0.5363799640625 0.49496280312499996 0.5360646499999999 0.4947620625 0.538628965625 0.49604954687499997 0.5381436484375001 0.49880908125 0.5372140187500001 0.50197048125 0.53455066875 0.5050884203125 0.5295264046875 0.505960228125 0.523201025 0.5048888703125 0.5219097390625 0.5051030890625 0.5167378734375 0.50587605 0.511695003125 0.503645271875 0.507785165625 0.5006281078125 0.504739325 0.4965526609375 0.50458259375 0.49011872500000003 0.5036183734375 0.48597212343749996 0.502922440625 0.4855856421875 0.5054438765625 0.48429815937500004 0.50592919375 0.48326909218749997 0.5069969453125001 0.4825542125 0.5083986203124999
0 0.51433991875 0.5327062265625 0.514954428125 0.5325867093750001 0.5154682171875 0.533750875 0.5167991296875 0.5322300359375001 0.5175278734375001 0.531615721875 0.5184577078125 0.5284355703125 0.5179154921875 0.525699728125 0.519030715625 0.5225639796875 0.5203889687500001 0.519222953125 0.5203036 0.5178979140625 0.5197183062499999 0.5161960703124999 0.5181454999999999 0.5145276296875 0.51474185625 0.514003221875 0.5123822265625 0.5165902906250001 0.508992796875 0.5168517234375 0.508519809375 0.5214426765625 0.5096638437500001 0.523273515625 0.5103652453125 0.524479390625 0.5103363812499999 0.526299228125 0.5131097796875 0.526156959375 0.5141545828125 0.5258753984375 0.5139254140625 0.5268680375 0.51269560625 0.53050010625 0.51433991875 0.5327062265625
0 0.5001578859375 0.46244004531250005 0.5002621609375 0.46321781093750003 0.5002819640625 0.46435452499999996 0.50058149375 0.4661202859375 0.502605596875 0.46470175312500006 0.5063645343750001 0.465569571875 0.5063245765625 0.46329766718750004 0.5060452015625 0.462667096875 0.5090513046875 0.46128765625 0.507180971875 0.458970021875 0.506892865625 0.45777296874999995 0.507274990625 0.45672904843750006 0.5067687875 0.45585848906250004 0.5058705578125 0.4554634953125 0.5050537562499999 0.4547088515625 0.504775903125 0.4540786328125 0.504651825 0.452164153125 0.504279596875 0.451324525 0.5025135453125 0.4522365640625 0.500975490625 0.4533904640625 0.5013461968749999 0.4542297390625 0.5011611984375001 0.456260484375 0.5010569265625 0.4579346234375 0.5006237765625 0.458588315625 0.500055128125 0.459210725 0.49939514999999995 0.459624428125 0.499322453125 0.4605505609375 0.49996263125 0.46145205 0.5001578859375 0.46244004531250005
0 0.5412989921875 0.5096484796875 0.540224140625 0.5094003296875 0.5384070624999999 0.5099221375 0.5375289875 0.510662334375 0.5365683125 0.5117603093749999 0.5367137125 0.5123599484375 0.5380252921875 0.5134164421875 0.53909898125 0.518566528125 0.5406267859375 0.5192977 0.54141084375 0.5207984765625 0.5421651953125 0.5205941828125 0.543641975 0.520935125 0.5432697515625 0.5225474015625 0.544333534375 0.5246772265625 0.5446540343749999 0.52512966875 0.5465540625 0.5242485625 0.5479596640625 0.5230640828124999 0.5486508640625 0.5219038953124999 0.5493024625 0.5209221875 0.5502216625 0.5200038640625 0.550221659375 0.5175519578125 0.5501999828125 0.516416415625 0.5491479734375 0.514853778125 0.548413771875 0.51374135625 0.54861054375 0.5122777968750001 0.5483323390625 0.5116491015625 0.5480015875 0.510629825 0.5481454609374999 0.50877720625 0.547185953125 0.5074251484375 0.5465145515625001 0.50727014375 0.5451919015625 0.5080953234375001 0.5451306234375 0.507138259375 0.5439217953125 0.5068591796875 0.5432305953125 0.5080193656249999 0.5423011421874999 0.50837085625 0.54147444375 0.5094997609374999 0.5412989921875 0.5096484796875
0 0.5575850390625 0.5107672796875 0.5568424624999999 0.511538759375 0.5568211453125 0.51530550625 0.557957271875 0.5140588125 0.55863821875 0.5123317921874999 0.5575850390625 0.5107672796875
0 0.4821353890625 0.47373953281250003 0.4835607921875 0.4736917671875 0.48363348906250003 0.47276563437499997 0.4835193125 0.4714195109375 0.483767109375 0.47034618124999994 0.48410928125 0.46948226093749995 0.4847178828125 0.4686798515625 0.4846977296875 0.467544659375 0.484418353125 0.466914090625 0.4846151265625 0.46545053125 0.4835829203125 0.46502460624999997 0.48282891875 0.4652273765625 0.482106140625 0.46468366406249995 0.4818994640625 0.4631269609375 0.4792968109375 0.464599546875 0.478202159375 0.46566658906249997 0.47812946093750003 0.4665927234375 0.478108140625 0.4679075640625 0.47776749062499996 0.46877183593750005 0.4779227921875 0.46993983124999994 0.4781595203125 0.4707481765625 0.47855155156249995 0.4727245171875 0.47936835312500004 0.4734791625 0.48117588125 0.472387475 0.4821353890625 0.47373953281250003
0 0.47212591249999997 0.4968826078125 0.4725803828125 0.49491407656249997 0.4723436546875 0.49410573125 0.4714343515625 0.49314050624999994 0.470102971875 0.4933992046875 0.4687902234375 0.494792740625 0.468366975 0.49601478906249996 0.4685009546875 0.49849762656249996 0.46981218125 0.4971037375 0.47021563125 0.49719688125 0.4713932359375 0.49822244531250004 0.47212591249999997 0.4968826078125
0 0.45164857812500003 0.48329354843749994 0.4503255765625 0.48412025156249994 0.450284453125 0.484298378125 0.45021175468749997 0.4852245125 0.45027455468750005 0.486181928125 0.45025323437500003 0.48749676875 0.4510171359375 0.487862353125 0.4508934125 0.4883982578125 0.45114156562499996 0.48977531093750004 0.4520809203125 0.48999217812499996 0.452493915625 0.4882032953125 0.45329929375000005 0.48838923125000006 0.4540121703125 0.4883645875 0.4546321953125 0.488130884375 0.45455949375 0.48660511250000005 0.4561500953125 0.48584179375 0.4562128921875 0.484347303125 0.4546946375 0.48418601250000004 0.45369248281249996 0.48301172968749995 0.4522670796875 0.4830594953125 0.45164857812500003 0.48329354843749994
0 0.45653810625 0.5368392640625 0.455774203125 0.536473678125 0.45520520312499996 0.5370976093750001 0.4547621515625 0.5371829453125 0.45406942812500006 0.5383427796875 0.45386275468750004 0.5392379828125 0.45369755625 0.5399535359375001 0.454225084375 0.541961159375 0.45508183906250005 0.5425358015625 0.4554837671875 0.5426285953125001 0.45656816562499997 0.5409947171875 0.4567748390625 0.5400995156249999 0.4567135609375 0.5391424515625001 0.456662184375 0.53875374375 0.4572707859375 0.5379513328125001 0.45653810625 0.5368392640625
0 0.43572056249999996 0.5069560562500001 0.4349764625 0.507727184375 0.43419276093750003 0.508676790625 0.4333146859375 0.5094169875000001 0.4328499609375 0.5108186859375 0.4327258875 0.5113561109375 0.432870115625 0.5119538765625 0.43406752343750005 0.514116153125 0.4349867234375 0.5131978296875 0.436339425 0.511624290625 0.4377233484375 0.50930426875 0.438240971875 0.5082916296875 0.43809522031250003 0.5076935140625001 0.43727994062500003 0.5069392203125 0.43678399062500006 0.506635496875 0.43572056249999996 0.5069560562500001
0 0.46733235312500004 0.5225496359374999 0.4662575015625 0.5223014874999999 0.465203975 0.523190403125 0.4645127734375 0.524350590625 0.4645740515625 0.5253076546875 0.4651213796875 0.5260000859375 0.46561768125 0.5263022875 0.46583425624999997 0.525975440625 0.46673213437500005 0.5263719578125 0.4671755421875 0.52873700625 0.4681164171875 0.528954225 0.469086990625 0.5259727015625 0.46886051406249996 0.525731190625 0.4683131859375 0.525038759375 0.468116409375 0.5240504140625 0.46792080468749997 0.523063940625 0.46733235312500004 0.5225496359374999
0 0.4647028609375 0.4831017703125 0.46390586562499997 0.4859357453125 0.465837471875 0.4867585375 0.4658903671875 0.484695690625 0.4659200671875 0.48394885624999995 0.4647028609375 0.4831017703125
0 0.5229587703125 0.498437040625 0.5234132421875 0.496468509375 0.52330931875 0.4956892203125 0.5225865390625 0.4951455078125 0.5214405125 0.49582384375000005 0.5210070109375 0.4964790578125 0.5207063140625 0.49716332812499997 0.5202830656249999 0.4983853765625 0.5213579171875 0.49863352499999997 0.5221221703125 0.49899758906249997 0.5229587703125 0.498437040625
0 0.4661681140625 0.5986426875 0.46560937031250005 0.6022853593749999 0.4672513484375 0.601910746875 0.46903907812499995 0.6021342515625 0.4702064265625 0.6001410765624999 0.47187962812500006 0.59901998125 0.4726636796875 0.5980688515625 0.4736456765625 0.5956560375 0.47548442656249995 0.5938178671875 0.47661030000000004 0.592004340625 0.4766616734375 0.5899411421874999 0.4754113703125 0.5898417109375 0.474255440625 0.589951690625 0.47409978906249994 0.5887852171875 0.473325984375 0.587851275 0.472355053125 0.5859305078125 0.47238627656250004 0.585184025 0.47130152187499996 0.5843675187499999 0.46952556875000007 0.5847112 0.46831826249999997 0.584432471875 0.4669240828125 0.583733753125 0.465518478125 0.5824663265625001 0.4643111734375 0.5821875984375 0.46409424687499995 0.5825159671875 0.4630711265625 0.5851069078125 0.461893521875 0.58408134375 0.4613560953125 0.5839572703125 0.460024715625 0.5842159671875 0.4592394921875 0.585165221875 0.45907429375 0.585880775 0.45900159531250007 0.586806909375 0.45839299375 0.58760931875 0.45800934687500006 0.5886528890625 0.457958325 0.5907145640625 0.45648154218750003 0.5879217171875 0.4553252609375 0.5880332187499999 0.45440606250000004 0.5889515421875 0.45180340937499996 0.590424128125 0.4507597828125 0.5918814 0.4488072109375 0.59482383125 0.44570861562499997 0.6008965046875 0.44535806874999995 0.603644325 0.44582162500000005 0.6046926578125 0.4466582296875 0.6065840171875 0.4478046125 0.6083560640625 0.4502835453125 0.6098712875000001 0.4494667484375 0.6115685484375 0.44971490156250005 0.612945603125 0.4496935796875 0.61426044375 0.44941573124999995 0.6160821296875 0.4496212375 0.617636959375 0.45107821875000004 0.6192930921875 0.4531632484375 0.618833146875 0.455208671875 0.6160997734375 0.45596266874999997 0.613445096875 0.4568407453125 0.6127049 0.458193446875 0.6111313609375 0.45849378749999997 0.6079967078124999 0.4578322828125 0.605958153125 0.4589585078125 0.6041431046875 0.45947577968750003 0.6031319875000001 0.4601883015625 0.6006569609375 0.4596820984375 0.5997864015625 0.46004406875 0.5976072890624999 0.460973521875 0.5972558 0.4615821265625 0.5989052953125 0.46288380625 0.5993934328125 0.46398871406250003 0.6013451296875 0.4661681140625 0.5986426875
0 0.5231424125 0.6342338140625 0.52488714375 0.6346366171875 0.5257549671875 0.6333295859375 0.5263536671875 0.63195881875 0.5261995374999999 0.6307926968750001 0.524990709375 0.6305136171875 0.5239889109375 0.6317897171875 0.522512134375 0.63390068125 0.5231424125 0.6342338140625
0 0.5680856015625 0.6506441140625 0.569005153125 0.6497242671875 0.5696449765625 0.6481753734375 0.5702235234375 0.645669415625 0.5702448437500001 0.644354575 0.5704298421875 0.6423238296875 0.5696560374999999 0.6413898875 0.5680452859375 0.643469921875 0.5671972656250001 0.645913665625 0.5671047687499999 0.6481549921875 0.56766235 0.6494142578125001 0.5680856015625 0.6506441140625
0 0.6234221734375 0.70618598125 0.624300253125 0.7078976890625001 0.62555055625 0.7079971203125 0.62654093125 0.7061523109375 0.6279362749999999 0.7019490921875 0.6281939703125 0.6989922140625 0.6275438859375 0.6950704625 0.6255924796875 0.6955628625 0.624879603125 0.69558750625 0.6237537296875 0.6974010328125 0.6221418109375 0.701931096875 0.62290606875 0.704747065625 0.6234221734375 0.70618598125
0 0.520716315625 0.687376671875 0.522606446875 0.6883791140625 0.52517904375 0.6852029796875 0.52293800625 0.6820460703125 0.520716315625 0.687376671875
0 0.521580578125 0.7651022515625 0.5230573609375 0.7678950999999999 0.52450291875 0.768982525 0.52598924375 0.7674414390625001 0.5270439375 0.7641024921875 0.5276110593750001 0.7610278265625 0.5251850250000001 0.7599016609375 0.522427075 0.76265815625 0.521580578125 0.7651022515625
0 0.5446080296875 0.7841838625 0.5464570359375001 0.78536443125 0.548191865625 0.785198878125 0.5486364359375 0.7826619890625001 0.55200334375 0.7815534671875 0.5505791078125 0.7791512 0.5489980515624999 0.7780324937499999 0.5475429484375 0.77882709375 0.5457966953125 0.778423940625 0.54392824375 0.7810089453125 0.545103975 0.78203568125 0.5446080296875 0.7841838625
0 0.5545087609375 0.8215387578125 0.5552528640625 0.8232195359375 0.555737746875 0.825404934375 0.5582680578125 0.827308865625 0.5595282609375001 0.8279766531250001 0.5619440390625 0.826084078125 0.5616559296875 0.8224351203125 0.5594879453125 0.8208024593750001 0.5576804140625 0.819442240625 0.5573595625000001 0.8189913203125 0.5545087609375 0.8215387578125
0 0.49014102968750006 0.7934806671875 0.49043029843749997 0.7897757828125 0.48886066718750004 0.7892257828125 0.486866615625 0.7898959578125 0.48650464531250004 0.7920750703125 0.4868155984375 0.794409540625 0.48750715468749994 0.7956997359375 0.48879705937500006 0.7956206875 0.49014102968750006 0.7934806671875
0 0.4964915515625 0.7947575765625 0.49518032500000003 0.7961514640625 0.49558225624999996 0.7986961625 0.4973582109375 0.79835248125 0.5004773203124999 0.7983172890625 0.500581240625 0.796644671875 0.49985845781249993 0.793649053125 0.4964915515625 0.7947575765625
0 0.5822510171874999 0.8030556875 0.5825303890625 0.8012343515625 0.582024184375 0.8003637937500001 0.5806912828125 0.800622140625 0.5805477609375 0.8024732359375 0.580628840625 0.8045670125 0.5817550703125 0.8052038703125 0.5822510171874999 0.8030556875
0 0.5790196937500001 0.7845866890625001 0.5791852468750001 0.78632151875 0.5800834781249999 0.7867165140625 0.5810239984375001 0.7844833484375 0.5813033703125 0.7826620125 0.5802285171875 0.7824138640625 0.5790196937500001 0.7845866890625001
0 0.4981173015625 0.7589316359375 0.49680455312499994 0.7603251734375001 0.4958751046875 0.76312856875 0.4967634375 0.7654071109375 0.49852832343750003 0.76694510625 0.5004709984375 0.7658862234375 0.49994346875 0.7638786 0.49964393906250004 0.7621128390624999 0.49851922968749995 0.759024428125 0.4981173015625 0.7589316359375
0 0.5890014125 0.8387403546875 0.5888061625 0.840204265625 0.5898067953125 0.8413781968749999 0.59037544375 0.8407557875 0.5910152625 0.8367549875 0.5888986593750001 0.837962940625 0.5890014125 0.8387403546875
0 0.546426875 0.8969776609375 0.5468904359375 0.9004778999999999 0.5461048609375 0.901428678125 0.5499376625 0.8989203328125001 0.5489670828125 0.89699804375 0.547975996875 0.8939420859375 0.546426875 0.8969776609375
0 0.480009425 0.89616298125 0.482003828125 0.8954912828125 0.4832625109375 0.89615871875 0.48490484375 0.898234490625 0.48695027187499995 0.897953021875 0.48850965 0.8979361875 0.491400409375 0.8976606546875001 0.4929396296875 0.8940567234374999 0.491608246875 0.891863515625 0.4914225390625 0.8889934937499999 0.49002870937500004 0.8882932531250001 0.4864650265625 0.8884134296875 0.48588764375000004 0.88601745 0.4836880859375 0.885132796875 0.4814257265625 0.8832907265625 0.4773561953125 0.8849907265624999 0.47577701875 0.8863227546875001 0.4741746453125 0.8889707921875001 0.472853521875 0.8922482296875 0.4718304015625 0.8948391718750001 0.47252160625000006 0.8961308906250001 0.47436071249999995 0.8967431031249999 0.4759299890625 0.89484271875 0.47817219375000003 0.895549596875 0.480009425 0.89616298125
0 0.48198134374999996 0.9017080609375 0.480359528125 0.908121675 0.48175370781250004 0.9088203921875 0.48219828124999997 0.908735409375 0.4831490546875 0.907069078125 0.48417100468749996 0.9044762640625 0.48198134374999996 0.9017080609375
0 0.47364819375 0.9016700359375 0.473140828125 0.9057014140625 0.47460770625000004 0.9054739984375001 0.4756723015625 0.9027034078125 0.47364819375 0.9016700359375
0 0.4477064484375 1 0.44830538750000004 0.9985778859375 0.448315284375 0.9966943374999999 0.44681835000000003 0.9952182046875 0.44514515 0.9963393 0.4451337296875 0.998222496875 0.44556313750000004 1 0.4477064484375 1
0 0.453534059375 0.9550990984375 0.45474288749999997 0.955378178125 0.4552704109375 0.9549338953125 0.4561484875 0.9541936984375001 0.456829434375 0.952466678125 0.45639628125 0.9506684640625 0.4549705265625 0.9507177515624999 0.45321472656250006 0.9521966234375 0.4541754046875 0.95355055625 0.45390593125 0.9534883421875 0.453534059375 0.9550990984375
0 0.52729393125 0.957798134375 0.5261890234375 0.9558464375 0.525176971875 0.9565557046875 0.524257771875 0.9574740281249999 0.5236689734375 0.959413153125 0.5248054546875001 0.9606168437499999 0.5258171546875 0.9599090984374999 0.52729393125 0.957798134375
0 0.5216354062499999 0.940653003125 0.5218832078125 0.9420315796875001 0.5230410109375 0.9419204296875 0.524899559375 0.938767065625 0.52425938125 0.9378655765625 0.523195953125 0.9381861359375 0.5216354062499999 0.940653003125
0 0.5320254078125 0.94097826875 0.5326043125 0.9433746 0.53385309375 0.943473678125 0.5348963671875 0.9420179281250001 0.5345454609375 0.9398634593749999 0.5338641578125001 0.9391400984375 0.5320254078125 0.94097826875
0 0.52787328125 0.9454879515625001 0.52870988125 0.9449274031250001 0.5299799828125 0.9437116421875 0.529546478125 0.9419149499999999 0.5283791250000001 0.9414562203125 0.5272429984375 0.9427029140625001 0.5266446499999999 0.9440721578125 0.527325953125 0.9447955203125 0.52787328125 0.9454879515625001
0 0.5016678515625 0.8936198875000001 0.50208958125 0.8948493921875 0.5032470328125 0.894739765625 0.50484753125 0.8920928984375 0.503577425 0.890856753125 0.5023175765625 0.8926393499999999 0.5016678515625 0.8936198875000001
0 0.5051806921875001 0.8612475921874999 0.5047688625 0.8605864421874999 0.5034774359374999 0.8606651390625 0.5028787359375 0.86203590625 0.5026720609375 0.862931109375 0.50405481875 0.8630611187499999 0.50533634375 0.8624140656250001 0.5051806921875001 0.8612475921874999
0 0.5754746796875 0.59597385 0.57693165625 0.595178078125 0.57774658125 0.5934819874999999 0.5780773296875 0.592049359375 0.5771691984375 0.5910860078125 0.5758777703125 0.5911647046875 0.575021371875 0.5930404453125 0.5749071984375 0.594146228125 0.5754746796875 0.59597385
0 0.5662959187500001 0.5665149859375 0.5660066453125 0.567767965625 0.5669048796875 0.570614865625 0.5681034546875 0.5703271109375 0.5685267031250001 0.5691050625 0.568723475 0.5676415031250001 0.5687744968749999 0.565579828125 0.5668645671875 0.5658925781249999 0.5662959187500001 0.5665149859375
0 0.62396499375 0.5666313125 0.6227991625 0.566172934375 0.6211157093749999 0.5667271953124999 0.6209604125 0.5680111046875 0.6210418453125001 0.5701033609375 0.621858646875 0.5708580046875 0.6226328015625 0.571790425 0.6247494046875001 0.570582471875 0.6248019484375 0.568521146875 0.62396499375 0.5666313125
0 0.6186580968750001 0.56389713125 0.618378725 0.5657184671875 0.61990688125 0.566448115625 0.6211256078125 0.564843646875 0.6236555578125 0.5618452890625 0.6246162328125 0.560747315625 0.6268055390625 0.5610651343749999 0.6292429890625 0.557856196875 0.6287383046875 0.554534084375 0.62524731875 0.553728128125 0.6222009046875 0.55038528125 0.618741496875 0.5512832234375 0.6151679156250001 0.5532869484375 0.617645328125 0.5548018203125 0.618574784375 0.5569022359375 0.6187304359375 0.558068709375 0.6160863078125 0.55972094375 0.615363884375 0.5616276140625 0.6156101640625 0.5630058390625 0.6188430953124999 0.5618663859375 0.6186580968750001 0.56389713125
0 0.589225703125 0.5431492015625 0.5885440484375 0.5424273625 0.587656071875 0.542599203125 0.587232821875 0.5438212515624999 0.587924378125 0.545111446875 0.5888222562500001 0.5455079640625 0.5895975796874999 0.5439903515625 0.589225703125 0.5431492015625
0 0.609167134375 0.5566145390624999 0.607401084375 0.55997848125 0.609507790625 0.560654078125 0.610230565625 0.5587458859375001 0.6098069609375 0.55751755 0.609167134375 0.5566145390624999
0 0.631876771875 0.5703421203125 0.6336527249999999 0.5699984390624999 0.6346545234375001 0.5687223390625 0.634447846875 0.5671656359374999 0.6335910921875 0.5665909921875001 0.6320731890625 0.566428178125 0.6311536375 0.567348025 0.6309572171875 0.5688100609375 0.631876771875 0.5703421203125
0 0.5887732921875 0.5157065796875 0.5865112921875 0.5187667984375001 0.58587146875 0.5203156921875001 0.587151828125 0.5221186703125 0.587658034375 0.5254411343750001 0.5894754640625 0.5249178046874999 0.590353184375 0.5217272234375 0.5894648515625 0.51944868125 0.5892794953125 0.5165771375 0.5887732921875 0.5157065796875
0 0.5907084703125001 0.4797628515625 0.5884974921875 0.4807613953125 0.5866903156250001 0.481851559375 0.5852036390625 0.48339416718750006 0.5844911171875 0.48586919375 0.584107825 0.489363146875 0.5839627843749999 0.49366579687499995 0.5846954671875 0.497229771875 0.585801896875 0.49918182031249997 0.5873285359375 0.5023630234375001 0.5881753921875 0.504821215625 0.589435596875 0.5054890015625 0.5908823203125 0.5041263953125 0.5914810203124999 0.502755628125 0.592617146875 0.5015089359375 0.5944243234375 0.500418771875 0.5957572265625 0.500160425 0.597460478125 0.49829097187500004 0.5984112515625 0.49662464218749997 0.598938421875 0.4937299765625 0.5983709390625 0.4919023546875 0.5979062109375 0.490852146875 0.5969139593749999 0.49024622031250004 0.5969352796875 0.4889313796875 0.5958505265625 0.48811487500000006 0.595820471875 0.48641132656249997 0.595511040625 0.484077209375 0.5948594375 0.48260701250000004 0.5955620578125 0.47956362812500003 0.5956873 0.47657617031250005 0.5945926453125 0.47519130781249996 0.592775215625 0.4757146375 0.5922263703125 0.47747376093750005 0.5907084703125001 0.4797628515625
0 0.672400815625 0.4603482875 0.6711824421875 0.46195123281250006 0.6713891203125 0.4635079359375 0.670975771875 0.4652983421875 0.672111903125 0.4665035546875 0.6737953562500001 0.46594929374999994 0.6747758296875 0.463536128125 0.6744763 0.4617703671875 0.672670290625 0.46041049999999994 0.672400815625 0.4603482875
0 0.6668893 0.42419434218749996 0.6677890515625 0.4245896875 0.6688722828125 0.42540584218750005 0.6695235296875001 0.42442565625000006 0.6698855015625 0.42224654375000004 0.6697713234375 0.420900421875 0.669875596875 0.41922628125 0.6684285171875 0.41813850468749997 0.6675934390625 0.4186994046875 0.6668493390625 0.4194705328125 0.6666525671875 0.42093409218750005 0.667086071875 0.42273078281250004 0.6668893 0.42419434218749996
0 0.6105116515625 0.4239993203125 0.61111035625 0.425080459375 0.6121852078125001 0.4253286078125 0.6126796359375 0.4256319796875 0.6137331625 0.42474306406249995 0.613795959375 0.423248575 0.6131557796875 0.42234708593750003 0.612783553125 0.4215074578125 0.6119267984375 0.4209328140625 0.611038821875 0.4211046546875 0.6107807703125 0.42161115000000005 0.6107495484375 0.42235763437499996 0.6105116515625 0.4239993203125
0 0.604397859375 0.42353075625000003 0.604925384375 0.423086475 0.605441134375 0.42207500624999994 0.605978559375 0.42219908124999994 0.606360684375 0.42115515937500003 0.60650420625 0.4193040640625 0.605513828125 0.41869696718749994 0.6044915234375 0.4188394 0.60396435 0.41928215937499996 0.603231675 0.4206219953125 0.60318903125 0.4232516765625 0.604397859375 0.42353075625000003
0 0.5732306359375 0.40294838125 0.5735202640625 0.4041457859375 0.5730555390625 0.405547484375 0.5724568390625 0.40691825000000004 0.5746765515625001 0.40893809531249997 0.5757712015625 0.40787105312499994 0.5767219765625 0.406204721875 0.576918396875 0.4047426859375 0.576855596875 0.4037852703125 0.5763394921875 0.4023463546875 0.5754202921875 0.4032646796875 0.5754100390625 0.4026978453125 0.5745536359375001 0.40212167968749996 0.5735728078125 0.40208446093749994 0.5732306359375 0.40294838125
0 0.613945734375 0.3772774671875 0.614026815625 0.3793712453125 0.614347665625 0.379822165625 0.6161650953125 0.37929883593749997 0.6168163437499999 0.37831865 0.6171885671874999 0.376706371875 0.6165780875 0.375058046875 0.6159066859375 0.37490304218750004 0.6148120359375 0.375970084375 0.613945734375 0.3772774671875
0 0.6167448015625 0.369439034375 0.618872825 0.366347884375 0.6188823703125 0.3644658578125 0.6176438390625 0.3624817078125 0.613585371875 0.359848128125 0.6128199515625 0.361934096875 0.6113648515625 0.365180603125 0.6113321109375 0.368378640625 0.6119422390625 0.3700284875 0.6130471453124999 0.371980184375 0.6143583718750001 0.370586296875 0.6157738734375 0.3699701734375 0.6167448015625 0.369439034375
0 0.58286824375 0.3838679671875 0.58220709375 0.38427979687499997 0.5816182953125 0.3862189203125 0.581815071875 0.38720726562499996 0.5826820796875001 0.38834874375 0.5840873281250001 0.38716578749999997 0.58466470625 0.3871098609375 0.5845931765625 0.3855859625 0.5842312015625 0.38531316875 0.58286824375 0.3838679671875
0 0.5801335812499999 0.370603459375 0.5803189343749999 0.371023096875 0.5809591140625 0.3719245859375 0.5814135890625 0.372407959375 0.58209524375 0.3731297984375 0.5827053671875 0.37232774062499996 0.58378824375 0.37069351093749997 0.582281759375 0.3686475 0.5802576562499999 0.3700660328125 0.5801335812499999 0.370603459375
0 0.5128854921875 0.40164977031250004 0.514145696875 0.40231755781249995 0.5149624984375001 0.4030722015625 0.51610888125 0.4048442484375 0.5184321625 0.40519299999999997 0.5199287406249999 0.4042187484375 0.5207771125 0.40177348124999995 0.5212727078125 0.399626821875 0.5214694796875 0.3981632625 0.5217058546875 0.396521225 0.5215619765625 0.3959219375 0.520705221875 0.3953472953125 0.5205598234375 0.39474765624999997 0.52036456875 0.3937596609375 0.5209016390625 0.39143335156250003 0.520509609375 0.3894570109375 0.5188775328124999 0.3903999796875 0.5173493765625 0.38967033125 0.5169158703125001 0.3878736390625 0.5152837906250001 0.38636470156249997 0.5116177125 0.3906097515625 0.513114646875 0.392085884375 0.5129791515625 0.39450650781249996 0.512866853125 0.39561111875 0.5123808078125001 0.3983276578125 0.512753034375 0.3991672859375 0.5128143125 0.40012435 0.5128854921875 0.40164977031250004
0 0.561508084375 0.40910351250000004 0.56185863125 0.40635569218749995 0.5609604015625 0.4059606984375 0.5599582468750001 0.404786415625 0.5584399921875 0.4046251234375 0.5563549625 0.40508507031249996 0.5552188359375 0.40633176249999997 0.5540514875 0.4083249390625 0.55426841875 0.41044847500000003 0.5545264734375001 0.41239388593750004 0.554855703125 0.41341281093750004 0.55576535625 0.4143765140625 0.5575725328125001 0.4132863484375 0.5593275171875 0.4142559859375 0.5599688625 0.41270744375 0.5604747109375 0.41112761875 0.5610947359375 0.4108939171875 0.5622822390625 0.4100359328125 0.561508084375 0.40910351250000004
0 0.5548853171875 0.43227477968750005 0.5542869687499999 0.43364402343749997 0.5552876 0.43481795468750006 0.55724053125 0.43677781250000003 0.558562009375 0.43595075781250003 0.5596566609375 0.434883715625 0.5602865828125 0.43276646406249997 0.5602249546875 0.4318109234375 0.5595025265625 0.4312656875 0.5590477 0.4307838359375 0.5579625953125 0.429968853125 0.5567453890625 0.42912176874999997 0.555773290625 0.42965103281249994 0.5548853171875 0.43227477968750005
0 0.5641004765625001 0.40216028125000003 0.5646165765625 0.401147290625 0.5645138234375 0.4003698765625 0.5643699468750001 0.39977058906249996 0.5642770953125 0.39956153125 0.56403884375 0.39875283437500003 0.5640704171875 0.39800482812500004 0.5639661406250001 0.3972270625 0.5634302375 0.3971033390625 0.5626762359375 0.3973061109375 0.5623241625000001 0.39760167343749997 0.5614046125 0.3985215203125 0.5612394140625 0.39923707343750003 0.5611682390625 0.40016355781249996 0.5612709921875 0.40094097343749996 0.5613733937500001 0.401719909375 0.562365646875 0.40232583593750004 0.5629445468750001 0.4022702609375 0.563521575 0.40221585624999995 0.5641004765625001 0.40216028125000003
0 0.5507497859375 0.3760743875 0.551627865625 0.37778609531249996 0.5520910703124999 0.3788359515625 0.553651971875 0.37881946875 0.5547055000000001 0.377930553125 0.5555421 0.37737000468750004 0.5562332999999999 0.37620981875 0.5570699 0.3756492703125 0.55731805 0.37457441875 0.557875275 0.3733833015625 0.55762864375 0.3720065984375 0.5569473406250001 0.37128323750000003 0.555583215625 0.3722880671875 0.5549628390625 0.372523290625 0.554633609375 0.371504365625 0.554891659375 0.3709978703125 0.5551394578125 0.369924540625 0.5547576796875 0.368515034375 0.5535899765625001 0.36805782656249997 0.552680678125 0.36954450781250003 0.5517101015625 0.37007412500000003 0.5512252234374999 0.37034063125 0.55209223125 0.371482109375 0.55215503125 0.372439525 0.5518657578124999 0.37369250468750004 0.5513070109375 0.3748832703125 0.5507497859375 0.3760743875
0 0.5485909921875 0.3701093171875 0.548787765625 0.36864575781250003 0.5478997875 0.3688175984375 0.5476318359375 0.3687557375 0.546743859375 0.368927578125 0.5450802078125 0.3706185515625 0.5461535375000001 0.37086635 0.5467012171875 0.371557259375 0.5459997624999999 0.3721506109375 0.5457930890625 0.37304581406250004 0.5460712937500001 0.373674509375 0.5467426953125 0.373829515625 0.5473212453125 0.3737754625 0.5482407968749999 0.37285561562499997 0.5486126687499999 0.3712448609375 0.5485909921875 0.3701093171875
0 0.54141135625 0.3969220859375 0.543105065625 0.3993865640625 0.5438689640625001 0.39730024375 0.5439926875000001 0.396764340625 0.5449533625 0.3956663671875 0.544500409375 0.3951833453125 0.5436421328125001 0.39460835 0.54284665625 0.3949907703125 0.54141135625 0.3969220859375
0 0.5536191421875001 0.3991744046875 0.552977440625 0.3982725640625 0.5521008875 0.3990131125 0.5517073375 0.399488325 0.5509635890625 0.4002579296875 0.5509750140625 0.4008266390625 0.55205824375 0.40164279374999995 0.552946221875 0.40147095312500003 0.5534737453125 0.40102667031249994 0.5539582734375 0.4007616859375 0.5536191421875001 0.3991744046875
0 0.5522515484375 0.3211770703125 0.5502171875 0.31957686406249997 0.5491739140624999 0.3210326140625 0.54807961875 0.3245500390625 0.5493695265625 0.326922896875 0.5497729765625 0.327016040625 0.55128133125 0.3266089765625 0.55205513125 0.3250910125 0.552551078125 0.32294283125 0.5522515484375 0.3211770703125
0 0.5791749484375 0.336254321875 0.578647425 0.3366986046875 0.5780688781250001 0.33920456250000003 0.5780076046875 0.340699403125 0.5800004890625 0.3424792609375 0.581054015625 0.3415903453125 0.5808469859375001 0.3400351640625 0.5806106093750001 0.33922529687499997 0.5813745078125 0.3371389765625 0.5791749484375 0.336254321875
0 0.538217590625 0.3115258828125 0.5380109171874999 0.3124210859375 0.5384756453125 0.31347129375 0.53973585 0.3141390796875 0.5404997515625001 0.314504665625 0.54135650625 0.315079309375 0.5427206359375 0.316526384375 0.5431952609375 0.31569304374999996 0.5444139859375 0.314088575 0.544848659375 0.3134352359375 0.5457468890625 0.3138302296875 0.5462112609374999 0.312430053125 0.5464906328125 0.31060871875 0.54633533125 0.309440721875 0.546531753125 0.3079786859375 0.5471833515625 0.30699697812500004 0.5470691750000001 0.3056508546875 0.54720431875 0.303231753125 0.546377615625 0.301908753125 0.5449933359375 0.3017783921875 0.5435679328125 0.3018261578125 0.5430933078125 0.3026594984375 0.5420713546875 0.3028004078125 0.541254553125 0.3020457640625 0.5406459515625001 0.30284817343750003 0.540098628125 0.3046076484375 0.5399334296875 0.3053232015625 0.5395513046875 0.30636712187500004 0.53853773125 0.3070760375 0.53798050625 0.3082671546875 0.5395912609375 0.3086390265625 0.5392506125 0.3095032984375 0.538217590625 0.3115258828125
0 0.5495646953125 0.34751969531250004 0.5491414421874999 0.3462898375 0.5488518140624999 0.34509243437500003 0.547808540625 0.346548184375 0.5473240125000001 0.34681316875 0.5470861171875 0.34845485468750004 0.548945025 0.3502037796875 0.5495646953125 0.34751969531250004
0 0.5312174296875 0.2916207078125 0.5327353328125 0.2917835234375 0.5342121125 0.2921244640625 0.5360310640625 0.2916014859375 0.5367850609375 0.288946809375 0.5358042281250001 0.2864576859375 0.534213271875 0.284770621875 0.5334391171874999 0.2838382015625 0.5316829609375 0.28286669062500003 0.5312696140625001 0.2846570953125 0.530413215625 0.2865328359375 0.53022634375 0.2885647515625 0.5303918984375 0.29029958125 0.5312174296875 0.2916207078125
0 0.543746515625 0.2820693390625 0.5440670062499999 0.2776179703125 0.544428978125 0.2754388578125 0.543509421875 0.2739067984375 0.5425384953125 0.2744379375 0.5408850968750001 0.276695746875 0.540018796875 0.27800312968749996 0.539139203125 0.28119488125 0.5394699546874999 0.28221415781250003 0.5410296890625 0.28464770625 0.54316796875 0.284575296875 0.543746515625 0.2820693390625
0 0.5377343203125 0.2921839375 0.5390771234375 0.2924939484375 0.5394790515625 0.292586740625 0.5398824984374999 0.29022797968749997 0.5398623437500001 0.2890927875 0.5387874921875 0.2888446390625 0.537899515625 0.2890164796875 0.5377343171875 0.28973203281250004 0.5377343203125 0.2921839375
0 0.5300821078125 0.283063175 0.53028878125 0.282167971875 0.53120798125 0.2812496484375 0.5317256046875001 0.280237009375 0.5311782765624999 0.279544578125 0.5299279734375 0.279445146875 0.5286993468750001 0.280481259375 0.5277797953125 0.28140110625000003 0.527924025 0.281998871875 0.528264678125 0.2835865046875 0.5293596843749999 0.28496984531249997 0.5300821078125 0.283063175
0 0.6435876875 0.34773195625 0.64387695625 0.344027071875 0.6406977281249999 0.3357513578125 0.6382800734375 0.3351931984375 0.6337572375 0.33641169843749996 0.63092659375 0.3425462328125 0.6308953749999999 0.345744621875 0.6324535906250001 0.350629725 0.6354086718749999 0.351311959375 0.639858809375 0.351019590625 0.6435876875 0.34773195625
0 0.6488652390625 0.35366335625 0.650371721875 0.3557093671875 0.6521891515625 0.3551860375 0.6529031953125 0.3527113625 0.653729890625 0.3491305515625 0.650734853125 0.34617641250000003 0.64922685 0.3465819546875 0.64810098125 0.3508473875 0.6488652390625 0.35366335625
0 0.6830141140625 0.39378922968749996 0.684428096875 0.3956246625 0.6853689734375 0.3958418796875 0.686122975 0.395639109375 0.6861640953125 0.3930090765625 0.68600879375 0.39184108125 0.6844593156250001 0.392426271875 0.6842012656249999 0.3929327671875 0.6830141140625 0.39378922968749996
0 0.6942616703125 0.3824330078125 0.6928476906250001 0.3830494828125 0.6922063453125 0.384598025 0.6917929968750001 0.3863884296875 0.692939028125 0.388162 0.6939510796875 0.38745273281250003 0.6940138765625 0.38595824375 0.694675025 0.3855464140625 0.695015671875 0.3822302375 0.6942616703125 0.3824330078125
0 0.5953258171875 0.36260984218750003 0.5963892453125 0.3622892828125 0.5975466968750001 0.36217965625000004 0.5969677921875001 0.359783325 0.596255265625 0.359806446875 0.5952843390625 0.3603375859375 0.5953258171875 0.36260984218750003
0 0.61541811875 1 0.6157556140625 0.999338934375 0.6156018359375001 0.998171290625 0.6152193515625 0.9943129234375 0.6143614296875 0.9961883109375 0.6126269546875001 0.9988042484375 0.6130681453125 1 0.61541811875 1
0 0.6281827421874999 0.9743021125 0.6296694234375 0.9752114109375001 0.631488015625 0.96978614375 0.6297832375 0.9692033390624999 0.6281827421874999 0.9743021125
0 0.65889016875 0.821692146875 0.6578781140625 0.8199495078125001 0.656091903125 0.81727445 0.6536848640625 0.82463731875 0.6567522453125 0.824214940625 0.6579709734375 0.8250623765625 0.65887875 0.8235753453125 0.65889016875 0.821692146875
0 0.6493810156250001 0.7961162953125 0.647985671875 0.8003195156249999 0.648885071875 0.8007163828125 0.6509289734375 0.7979826578125 0.6493810156250001 0.7961162953125
0 0.3855975015625 0.8771934171875 0.38457519375000004 0.8748839437499999 0.3817970890625 0.8765052484375 0.38140389531249996 0.87943084375 0.381703425 0.8811966046874999 0.3836247796875 0.8814525640624999 0.38444995625 0.8803233078125 0.3855975015625 0.8771934171875
0 0.39048311562500004 0.866443484375 0.388562125 0.8735417203125 0.39021435625 0.8737339437499999 0.39187765625000004 0.872044490625 0.3918974546875 0.8707292984375 0.3920626484375 0.8675618406250001 0.39048311562500004 0.866443484375
0 0.3634442890625 0.87453085 0.36523201875 0.8747543546875001 0.36698816875 0.8732739609375001 0.368412053125 0.8756777484375 0.3725542796875 0.870599709375 0.3740219609375 0.8605680687499999 0.36760864375 0.8607856500000001 0.36515976875 0.8634258796875001 0.36323841875 0.8656218265625 0.3620413703125 0.8683618390625 0.36216392656249996 0.8702759671875 0.3632589328125 0.87165930625 0.363847734375 0.8721720890625001 0.3634442890625 0.87453085
0 0.352651915625 0.8888193062499999 0.35023426406249997 0.890713053125 0.35054369375 0.8930471703125 0.3514845703125 0.8932643890625 0.35376672343750004 0.8913393609375 0.352651915625 0.8888193062499999
0 0.43109945781250003 0.8822300953125 0.4308726265625 0.8795382015625 0.4303367234375 0.8794144781250001 0.429137796875 0.8797037546875 0.42766137656250003 0.884265103125 0.430294084375 0.884496065625 0.43126466093750004 0.8839664484374999 0.43109945781250003 0.8822300953125
0 0.345291609375 0.796805284375 0.34377335468750003 0.7966439921874999 0.341737828125 0.7974938171875 0.34297823437499997 0.799476796875 0.3425119875 0.8008781421875 0.3436481171875 0.80208335625 0.3417895640625 0.8027848125 0.3407828328125 0.8067009046875 0.3428781140625 0.8068077921875 0.3417937203125 0.810893575 0.3423410484375 0.81158600625 0.3459774296875 0.810539696875 0.344485071875 0.803973190625 0.345672575 0.80311520625 0.3458590953125 0.8010848125000001 0.348481546875 0.7982970359375 0.347118584375 0.794399928125 0.345291609375 0.796805284375
0 0.311697190625 0.7824505875 0.314052046875 0.78205133125 0.31467171718750003 0.7793672468749999 0.3125337875 0.779438134375 0.311697190625 0.7824505875
0 0.301331625 0.8573622609375 0.30119613125 0.859782884375 0.302105784375 0.8607465859375001 0.303726440625 0.8616868156249999 0.3027459640625 0.861648075 0.303779340625 0.862075875 0.3047700671875 0.8602295421875 0.304625834375 0.8571798718749999 0.305153003125 0.8542852078125 0.30503882656250003 0.8529390843750001 0.3035106703125 0.8522094359375 0.30204414687500003 0.854887234375 0.301579421875 0.8562889312499999 0.301331625 0.8573622609375
0 0.2990863140625 0.7850074140625 0.30241174531250004 0.784078540625 0.30323880000000003 0.7854000203125 0.3041168765625 0.7846598218749999 0.305532021875 0.7815933171875 0.304157640625 0.77957940625 0.30350755937499996 0.7781095609374999 0.30243423125 0.7778617640625 0.30037890156249997 0.777574875 0.29862275 0.77905526875 0.297847428125 0.7805728796875 0.2976209546875 0.782783275 0.2990863140625 0.7850074140625
0 0.26324925 0.7871042578125 0.26377713125 0.789110359375 0.264808984375 0.78953780625 0.2665849390625 0.7891941250000001 0.2670511859375 0.787792778125 0.268557665625 0.787386884375 0.269880665625 0.7865601828125001 0.27010866093749997 0.7843501390625 0.26871412499999997 0.7812010375 0.267062246875 0.7810072921875 0.26477857031249996 0.78293196875 0.26408736875 0.7840921562500001 0.263621475 0.7854919796875001 0.26324925 0.7871042578125
0 0.299138515625 0.6818839203125 0.2986326640625 0.6810118390625 0.2970002359375 0.68195633125 0.296638615625 0.6841339203125 0.2974538953125 0.6848882125 0.2991373484375 0.6843339515625 0.2992926453125 0.6830500421875 0.299138515625 0.6818839203125
0 0.3544867046875 0.7483986984375 0.3537228015625 0.7480331125 0.35279335 0.748384603125 0.3525040765625 0.74963758125 0.35264830625 0.750235346875 0.35354770625 0.7506322140624999 0.3548688328125 0.7498066828125001 0.3544867046875 0.7483986984375
0 0.3118375140625 0.7236565140625 0.31312741875 0.7235774671875 0.3137375421875 0.7227754078124999 0.3139030921875 0.7220583328125 0.31483219375 0.721708365625 0.3158541453125 0.7215674562500001 0.3164429453125 0.71962833125 0.31522386406249997 0.7187824171874999 0.3143358875 0.7189542578125 0.3128495609375 0.7204953421875 0.3113514609375 0.7214692421875 0.3113000875 0.723532440625 0.3118375140625 0.7236565140625
0 0.2836376765625 0.6700082421875 0.28392695 0.6687552640625001 0.284391321875 0.6673550875 0.28308009218749997 0.666297071875 0.28217044375 0.667785275 0.28160215 0.6708580671875 0.28267700156250003 0.671106215625 0.2836376765625 0.6700082421875
0 0.27118245625 0.6761834484375 0.2712125125 0.6778869953125 0.2748584390625 0.674958659375 0.2743525875 0.6740865796875 0.272761634375 0.6748514203125 0.27187365625000004 0.6750232609375 0.27118245625 0.6761834484375
0 0.41738262343750004 0.5873796687499999 0.41721707343750003 0.5880967453125 0.41637057187500004 0.5880889359375 0.41359211250000005 0.58725985625 0.4120441578125 0.5878454 0.41085548281250006 0.5887015109375 0.4102567828125 0.590072278125 0.4099461890625 0.5926400968750001 0.4110861234375 0.5957320234375 0.41174382343750004 0.5958838640625 0.41180545312500005 0.59683940625 0.4111953296875 0.597641465625 0.41104155468750003 0.5989257265625 0.41185683281249996 0.59968001875 0.4128475640625 0.60028559375 0.4141903671875 0.6005956046875001 0.416813175 0.600258209375 0.418145725 0.6000013859375 0.4189313 0.599050609375 0.419663625 0.5977122953125 0.4208625515625 0.59742301875 0.42381611093749993 0.5981049015625 0.42423935625000003 0.594430946875 0.42518023281249995 0.594648165625 0.42628477968749995 0.5916975734375 0.4249632984375 0.5900727234375001 0.42471514531250004 0.58869566875 0.4231356078125 0.5851254078125 0.42198958124999997 0.58580374375 0.42062545625 0.5868085734374999 0.41946917499999997 0.586920075 0.41738262343750004 0.5873796687499999
0 0.3924963609375 0.554296046875 0.3934570359375 0.5531980734374999 0.3934372328125 0.552061359375 0.39296225156250003 0.5504443171875 0.3917123 0.5503433656250001 0.3907931046875 0.5537135953125001 0.391608384375 0.5544678875 0.3924963609375 0.554296046875
0 0.3278211375 0.5980018390625 0.329163940625 0.59831185 0.3303925671875 0.5972757375 0.3305063890625 0.596171478125 0.32959825781249996 0.5952081265625 0.3281629546875 0.5946875359375 0.3278223046875 0.5955518078125001 0.3274390078125 0.5965938546875 0.3278211375 0.5980018390625
0 0.38844216249999997 0.6184084984375 0.3886389359375 0.616944940625 0.38825680625 0.6155369562499999 0.386531878125 0.616270865625 0.38651055625 0.6175857062500001 0.386841309375 0.618604984375 0.3876565875 0.6193592765625 0.38844216249999997 0.6184084984375
0 0.359817921875 0.5757880234375 0.361223521875 0.57460354375 0.36129469687500004 0.573677059375 0.3607371171875 0.57241779375 0.3594060890625 0.57267496875 0.3588686671875 0.5750028 0.359239371875 0.575842075 0.359817921875 0.5757880234375
0 0.3504126875 0.5485395546875 0.35201354218750003 0.5483430703125001 0.352478265625 0.546941371875 0.35245811250000003 0.54580618125 0.3518594078125 0.5447250421875001 0.3507944578125 0.54504525 0.34997918281249996 0.5467428625 0.349906484375 0.5476689968749999 0.3504126875 0.5485395546875
0 0.3855487390625 0.5298776421875 0.3857340921875 0.53029728125 0.3864153953125 0.5310206421875 0.38750049999999997 0.5318356265624999 0.389059878125 0.531818790625 0.3904849265625 0.5293206421875001 0.3912389234375 0.526665965625 0.389484290625 0.52569480625 0.38725350937499997 0.5255566359375 0.3855487390625 0.5298776421875
0 0.4157659859375 0.5374183109375 0.41474368281249996 0.5375607437500001 0.4145685828125 0.5377079390625 0.4155395140625 0.53962870625 0.4159098671875 0.5404695046875 0.41659152187500004 0.54119134375 0.41877092656250003 0.54094080625 0.419772721875 0.5372128 0.41805921250000005 0.5360635140625 0.41718113749999997 0.5368037109375 0.4157659859375 0.5374183109375
0 0.4025710421875 0.4977938984375 0.40202371875000004 0.4995533734375 0.40229167343750005 0.5020671390625 0.4033452046875 0.5036301296875 0.4045540328125 0.503909209375 0.40568025781249994 0.5020941609375 0.4053495046875 0.5010748828125 0.40641258281250003 0.500755846875 0.40670185468750003 0.4995028671875 0.40503972343749994 0.4987422875 0.40520527343749996 0.4980252125 0.40474054531250003 0.4969750046875 0.4031180140625 0.496035946875 0.4025710421875 0.4977938984375
0 0.42658280781249996 0.499755009375 0.4273566125 0.5006889515624999 0.4300536359375 0.49697386874999994 0.43072468124999996 0.49467849218750004 0.4301986765625 0.4926712203125 0.42843226718749994 0.491132875 0.4267389125 0.491118778125 0.42501433593750004 0.4918511671875 0.42668636875 0.493180103125 0.4255190203125 0.49517327968749997 0.42455835000000003 0.4987231578125 0.42658280781249996 0.499755009375
0 0.4402930578125 0.55307446875 0.44226578437499997 0.5512672281250001 0.44232670625 0.549773909375 0.441263275 0.5476425625 0.43868194687499995 0.5502522125 0.4384642046875 0.553029090625 0.4402930578125 0.55307446875
0 0.44012117812499996 0.5164566671874999 0.43924193437500003 0.5196468953125 0.4404507625 0.519925975 0.44089533750000004 0.5198409921875 0.4415039375 0.51903858125 0.44223813593749994 0.517699096875 0.44012117812499996 0.5164566671874999
0 0.43442278593749994 0.47988273281250005 0.4348052734375 0.4861930046875 0.4358485484375 0.48473725468750006 0.43637455 0.484292621875 0.4376344 0.482510025 0.437748571875 0.48140424218750005 0.4369744171875 0.48047182343749995 0.4356628359375 0.479415328125 0.43442278593749994 0.47988273281250005
0 0.47804844687500003 0.4550729984375 0.48017682968750003 0.4568841375 0.48238745312500003 0.4534352109375 0.48158207031250005 0.4507973703125 0.48055824375 0.45093945 0.4791956421875 0.45194463125000006 0.4788138671875 0.4529870296875 0.47834914375000004 0.454388728125 0.47804844687500003 0.4550729984375
0 0.38433465624999996 0.420993528125 0.385141553125 0.4187279109375 0.384458375 0.41800571875000003 0.3833538234375 0.41850440468750005 0.3824144703125 0.4182875390625 0.3805856203125 0.42069406562499995 0.380731371875 0.4212921828125 0.38105034843749996 0.4217442734375 0.381505175 0.422226125 0.382393153125 0.422054284375 0.3832301046875 0.42149221406250004 0.38433465624999996 0.420993528125
0 0.47043754218749995 0.4039169796875 0.46961119843750004 0.40749626718750004 0.47185223593750003 0.410653178125 0.473762521875 0.41279081093750003 0.47625135625 0.414874390625 0.478522090625 0.4148325609375 0.480939390625 0.4129403375 0.482282190625 0.4107984421875 0.4835423953125 0.4114662296875 0.48137370468749996 0.40738470937500004 0.4814779765625 0.40571056875 0.48042444531250006 0.4041475796875 0.4782861609375 0.401768084375 0.47541520156250006 0.40072842499999994 0.47132551562499997 0.40129323437500003 0.47043754218749995 0.4039169796875
0 0.45162198125 0.3861862109375 0.4507541578125 0.38749324218750003 0.45024831093750006 0.3890730671875 0.45006143906249996 0.3911049828125 0.454709875 0.39180131406249996 0.454977828125 0.391863175 0.455359596875 0.3883688703125 0.45284070625000006 0.3845817421875 0.45235617968749997 0.3848467265625 0.45162198125 0.3861862109375
0 0.4776495609375 0.3690038859375 0.4759550390625 0.371439821875 0.474478259375 0.3710988796875 0.473692684375 0.3720496578125 0.4745197390625 0.3733711359375 0.47572856718749995 0.373650215625 0.47623324843750003 0.3745204234375 0.4763885484375 0.37568841875 0.4779993046875 0.376060290625 0.478701928125 0.37546881249999997 0.4793931296875 0.3743086265625 0.47932195 0.37278320468750004 0.4795084703125 0.3707528109375 0.47846519218749994 0.36975665625 0.4776495609375 0.3690038859375
0 0.48677819062500005 0.3711113953125 0.4873357703125 0.37237066093750004 0.487934475 0.3734518 0.48904055 0.372953465625 0.48968072500000004 0.3714030484375 0.4892985953125 0.3699950640625 0.48870979375 0.3694822828125 0.4873883140625 0.3703093375 0.48677819062500005 0.3711113953125
0 0.49527760781249996 0.3802369234375 0.4963106296875 0.3782143390625 0.495875953125 0.3764157734375 0.495070575 0.3762298375 0.49416244843749996 0.3777183921875 0.494316578125 0.3788845140625 0.49527760781249996 0.3802369234375
0 0.4932381671875 0.31679109843750003 0.4937238609375 0.3140760828125 0.49337330625 0.3119200921875 0.4923197765625 0.310357103125 0.49252645 0.30946189999999996 0.49233084375 0.308475428125 0.4920103453125 0.3080229859375 0.4910394171875 0.308554125 0.48965548906249995 0.308422240625 0.4887987359375 0.30784759687499996 0.4877238828125 0.3075994484375 0.48670193125 0.30774035781250003 0.48574125625000003 0.30883833125 0.48510107968750005 0.3103887484375 0.48343778125 0.31207820000000003 0.48157922812500004 0.3127796578125 0.4827138390625 0.316436425 0.48399420156249995 0.320691309375 0.48478968125 0.32276079375 0.486162540625 0.3247743515625 0.4884248953125 0.32416451562500004 0.4898502984375 0.32411675 0.4917088515625 0.3234152921875 0.4922873984375 0.320909334375 0.4931041953125 0.3192120734375 0.4932381671875 0.31679109843750003
0 0.4976076765625 0.30460224999999996 0.49717452656249994 0.30525594218749996 0.496656903125 0.30626858125 0.49662720312499997 0.307015415625 0.4976693109375 0.308009696875 0.497897309375 0.30825155937500004 0.49870268749999996 0.30843749531250003 0.4992401125 0.30856157031250003 0.5005102156250001 0.307345809375 0.5004474140624999 0.30638839375 0.49993130937499997 0.304949478125 0.49942510625000003 0.3040789203125 0.498578253125 0.30407263281249997 0.4976076765625 0.30460224999999996
0 0.44604375 0.28477920156250003 0.44605552499999995 0.2853463875 0.445311425 0.286117515625 0.4442678 0.2875747890625 0.4434513546875 0.2892705265625 0.4432032046875 0.2903453796875 0.444122759375 0.2918774375 0.44517629062499997 0.293440428125 0.44564101875000006 0.2944906359375 0.44531062187500003 0.2959217421875 0.4454644 0.2970893859375 0.44619860312500004 0.29820180625 0.4478196109375 0.2991405140625 0.4487174890625 0.2995370296875 0.4515070171875 0.298484434375 0.45270442187500004 0.29819480625 0.45369667343750003 0.29880073125 0.45555522656249997 0.2980992734375 0.457124503125 0.29619889062500004 0.4575477515625 0.2949768421875 0.457661925 0.293871059375 0.45763187031249997 0.29216751093750004 0.45777574374999996 0.29031489375 0.4576117125 0.2885804140625 0.457672634375 0.2870870953125 0.4575599796875 0.285741325 0.4572608015625 0.283974040625 0.4565266 0.2828616203125 0.45522644218749997 0.282373834375 0.45388363906249996 0.2820638234375 0.452137384375 0.28166066875 0.4510640546875 0.281412871875 0.449959503125 0.2819115578125 0.44939085468749995 0.2825339671875 0.4482859515625 0.283034175 0.44743944999999996 0.283026365625 0.4468704484375 0.2836502984375 0.44604375 0.28477920156250003
0 0.4438754109375 0.28069615937500003 0.4416659515625 0.27924314843750003 0.4393213484375 0.2802092375 0.438413221875 0.2816977921875 0.4368112 0.284344309375 0.43665590312499997 0.28562821875 0.4385148109375 0.28737714531249997 0.44229507031250004 0.2869301234375 0.44329722031249996 0.2856525 0.4442263171875 0.28285062656250004 0.4438754109375 0.28069615937500003
0 0.45401957812499993 0.2649366859375 0.453090125 0.265288175 0.45137545 0.2665889203125 0.4513640296875 0.2684721171875 0.45191135625 0.2691645484375 0.45224210937500003 0.2701838265625 0.4528408125 0.2712649640625 0.45594012343749996 0.2725449640625 0.45661000312500005 0.2726996171875 0.45785004999999995 0.2697803078125 0.458005346875 0.2684963984375 0.45813896718749997 0.266076946875 0.4573648078125 0.2626926203125 0.45595082500000006 0.2608571890625 0.4549699953125 0.260819971875 0.45401957812499993 0.2649366859375
0 0.45747818437500004 0.276294875 0.45799428906250006 0.27773379062500003 0.45903639687500003 0.278728071875 0.4597393765625 0.2805869765625 0.46071985312499997 0.280625715625 0.462590178125 0.2780395390625 0.464407253125 0.275065825 0.4632410671875 0.2721570640625 0.4627763390625 0.27110685625 0.46045270625 0.270759628125 0.4579630625 0.27602836875 0.45747818437500004 0.276294875
0 0.4757559578125 0.286547375 0.47696478437499995 0.2868264546875 0.477646084375 0.2850979109375 0.47727537968749995 0.2842586359375 0.47687192968750003 0.2841654921875 0.476293028125 0.2842210671875 0.4755919265625 0.284812896875 0.47543662812500004 0.28609680625 0.4757559578125 0.286547375
0 0.45719087500000005 0.2603897859375 0.457716521875 0.25749476875 0.45747979218749996 0.25668642343750003 0.4554655875 0.25622140781249997 0.4544950109375 0.256751025 0.45389666249999994 0.25812026875 0.4537311125 0.25883734375 0.45389514374999995 0.26057182343749996 0.45530074843749996 0.2618392484375 0.4560947015625 0.2614564765625 0.45719087500000005 0.2603897859375
0 0.43502776093750006 0.2571588609375 0.43332334531249994 0.2639302515625 0.4375569078125 0.2639647296875 0.43822830625 0.2616678296875 0.43756797187499996 0.2596311484375 0.43502776093750006 0.2571588609375
0 0.44096252343750003 0.2896388515625 0.44014724375 0.288884559375 0.4397849171875 0.2886132890625 0.43872148906249997 0.288933846875 0.4384835921875 0.290575534375 0.43890719687499996 0.29180386875000003 0.4392893265625 0.293211853125 0.44096252343750003 0.2896388515625
0 0.51224506875 0.2712142140625 0.5118728421875 0.2703745859375 0.5114922359375 0.26896695312499996 0.510892009375 0.2678854640625 0.5101806546875001 0.267910459375 0.5098087812500001 0.26952121406249996 0.5095807875 0.2717312578125 0.5098289390625 0.2731083109375 0.51142979375 0.2729118265625 0.512048296875 0.2726777734375 0.51224506875 0.2712142140625
0 0.3793397203125 0.8174882968749999 0.37981586875 0.8166553078125001 0.38107606875 0.8148711890625 0.3793610375 0.8137215515625 0.378173534375 0.8145795359375001 0.3780696140625 0.816252153125 0.37813241406250003 0.8172095687500001 0.3793397203125 0.8174882968749999
0 0.395116009375 0.7583431796875 0.3974507109375 0.7568087328125 0.39802925624999996 0.754302775 0.396253303125 0.7546464562499999 0.3948990796875 0.7562196421875 0.395116009375 0.7583431796875
0 0.4030725765625 0.7104043484375 0.4022359765625 0.710964896875 0.401730128125 0.712544721875 0.4001608515625 0.7144451046875 0.3992614546875 0.7165001421875 0.3995096078125 0.717877196875 0.4004588625 0.7186624203124999 0.4009863875 0.7182181375 0.4027010640625 0.7169173921875001 0.40349618437499996 0.7140845890625 0.4042402796875 0.71086155625 0.4030725765625 0.7104043484375
0 0.399596925 0.7720108421874999 0.40058881875 0.7677144796875 0.400052559375 0.7651403734375 0.398295240625 0.7690707999999999 0.3980173921875 0.7708924859375 0.39820274375000003 0.771312125 0.399596925 0.7720108421874999
0 0.45424848906250004 0.6767780218749999 0.4552304859375 0.67436520625 0.454869678125 0.6716423828125 0.45233937187500006 0.67219035625 0.45170792656250003 0.67430725625 0.45192485624999995 0.67643079375 0.4529072078125 0.6764683625 0.45424848906250004 0.6767780218749999
0 0.4277716296875 0.6469096234375 0.4261399078125 0.650302975 0.42783361875 0.652767453125 0.4282466140625 0.650978571875 0.42811263437499997 0.648495734375 0.4277716296875 0.6469096234375
0 0.4505563765625 0.63029839375 0.45162970625 0.6305461921875 0.451950553125 0.62854520625 0.4519304 0.627410015625 0.45134159687500003 0.626897234375 0.450938146875 0.6268040906250001 0.45024694531250004 0.6279642765625 0.4499165484375 0.6293953828125 0.4505563765625 0.63029839375
0 0.4460387 0.6688498984375 0.4473202265625 0.6682028453125 0.4479501484375 0.66608559375 0.4476605203125 0.6648881906249999 0.4464832703125 0.666313009375 0.4459260453125 0.6675041265625 0.4460387 0.6688498984375
0 0.68381340625 0.5759230468750001 0.6861054656250001 0.57701828125 0.6873455109375 0.574098971875 0.68738663125 0.5714689390625 0.6881003171875 0.564091975 0.6873763671875001 0.5635463890625 0.6860537250000001 0.5692753796875001 0.6847326015624999 0.5725528171875001 0.68381340625 0.5759230468750001
0 0.7251799250000001 0.510054340625 0.7251715421875 0.5070344296875 0.7252222078125 0.502522371875 0.7238908234375 0.5003291640625 0.7214217921875 0.499382296875 0.719057390625 0.501663578125 0.7177659671875001 0.50419418125 0.7178900453125 0.5061086593749999 0.717693625 0.507570696875 0.7177134281249999 0.5087074109375 0.71936718125 0.508899984375 0.7203480140625 0.5113891078125 0.7199860421875 0.5135682203124999 0.720904075 0.5150999265625 0.7219987296875 0.5164847906250001 0.7232490328125001 0.5165842203125 0.72519018125 0.5130730812500001 0.7251799250000001 0.510054340625
0 0.7113739625 0.4981931109375 0.710960615625 0.499983515625 0.7111162671875 0.5011499890625 0.711166125 0.50399025 0.71134158125 0.5062934375 0.7135624640625 0.50831515625 0.714874040625 0.5069197453125 0.7154937109375 0.504235659375 0.7152668796875 0.5015437656249999 0.7156490046874999 0.50049984375 0.715546246875 0.49727052499999996 0.714762190625 0.49576974687500003 0.7131499125 0.4953975234375 0.7116217609375 0.49711978125 0.7113739625 0.4981931109375
0 0.7360327 0.4275241921875 0.7368894578125 0.43055074062500004 0.7383148609375 0.430502975 0.7404531375000001 0.427978659375 0.7417129859375 0.42619606406250005 0.7426736578125 0.422646184375 0.742621925 0.41980709374999997 0.74284001875 0.41702869375 0.7427471640625 0.41436773125000004 0.7424263078125 0.41146490468749997 0.742953478125 0.4085702390625 0.7398758437499999 0.40842578281249997 0.7398241078125001 0.4031347875 0.7394434984375 0.3992752484375 0.7370886390625 0.3972225984375 0.7360666890625 0.3998154140625 0.7355083015625 0.40590846875000003 0.7354972375 0.4102420484375 0.73530046875 0.4141575140625 0.734793453125 0.41818737031250003 0.7342149078125 0.42069332812500004 0.734163534375 0.42275652656249996 0.7344630640625 0.4245222875 0.73497916875 0.42596120156249995 0.7360327 0.4275241921875
0 0.4615106578125 0.7587773531249999 0.4616341515625 0.7619168484375 0.46414430468749995 0.7602336828125 0.46524466562500005 0.7582250421875 0.46567875000000003 0.7563448125 0.46563214531249997 0.7537891390625 0.464609253125 0.75270468125 0.462006603125 0.756629171875 0.4615106578125 0.7587773531249999
0 0.189421221875 0.9202368703125 0.189778065625 0.9177743406250001 0.1883833015625 0.9183006390624999 0.1874232140625 0.9206255015625 0.18647850625 0.9238006171875 0.189219678125 0.9238673953125 0.1900403109375 0.9212297062499999 0.189421221875 0.9202368703125
0 0.1631252203125 0.8301693828125 0.160570915625 0.8256187828125 0.159268296875 0.823905278125 0.15449824375 0.8225201875 0.1511983203125 0.82119226875 0.1475727796875 0.8240323015625 0.1464568125 0.8288660906249999 0.15380017343750002 0.831975815625 0.1597025171875 0.8330546406250001 0.163636909375 0.8362256468749999 0.1631252203125 0.8301693828125
0 0.150871315625 0.8363894625 0.149725871875 0.83584278125 0.148548621875 0.8372676015625 0.1479742625 0.8388316093749999 0.14986439375 0.8398340515625 0.1492915578125 0.8413984109375001 0.150344153125 0.8441879374999999 0.1517689734375 0.8453651875 0.154821678125 0.8440895140625001 0.1524664640625 0.8395864812499999 0.150871315625 0.8363894625
0 0.25487292500000003 0.6532727140625 0.2570868625 0.6506985140625 0.25850721718749997 0.64454628125 0.25994516875 0.639324990625 0.2568354390625 0.6367564984375 0.25394524375 0.642259896875 0.25296370625 0.6485118359375 0.2528292953125 0.6531087953125 0.25487292500000003 0.6532727140625
0 0.17288618125 0.724744334375 0.17332678125 0.7208354515625001 0.1726335359375 0.71882324375 0.17138409999999998 0.7182268984375 0.17072487812499998 0.7180747046875 0.1681387890625 0.720253490625 0.1656876703125 0.7218476546875 0.16321951562499998 0.7265232125 0.1631860515625 0.7286755359375 0.16575545625000002 0.7295766218749999 0.1714497515625 0.7299659765625 0.17288618125 0.724744334375
0 0.15077174843750002 0.6471336375 0.149994540625 0.652507471875 0.15156659374999998 0.6547209640625 0.154607575 0.653572475 0.1574643078125 0.6502214000000001 0.15756525625 0.6477767640625001 0.15498130000000002 0.6459454390625 0.152919721875 0.6448521 0.15077174843750002 0.6471336375
0 0.106821090625 0.595952303125 0.1065501875 0.6011335328125 0.11167069375000001 0.6020078046874999 0.11518726093750001 0.594798459375 0.11613416406249999 0.5906969703125 0.11089476093749999 0.5913379140624999 0.106821090625 0.595952303125
0 0.061677889062500005 0.6441513828125001 0.05931255625 0.646381134375 0.0585344375 0.6477441546875 0.058668796875 0.6511699953125001 0.0583985046875 0.6523407625 0.061879474999999996 0.651293853125 0.062826378125 0.6471923640624999 0.061677889062500005 0.6441513828125001
0 0.0603096078125 0.6370474500000001 0.0586700703125 0.6351262703125 0.0562375109375 0.6336393921875 0.054005978125 0.635282646875 0.05273889375 0.6417781578125 0.0559656453125 0.64283260625 0.0582303828125 0.6430459671875 0.0603096078125 0.6370474500000001
0 0.0658190453125 0.63924468125 0.0652118453125 0.633859121875 0.06264244062499999 0.6329580375 0.0595670859375 0.632248034375 0.0594825640625 0.6356217390625 0.0609013453125 0.6374919546875 0.0627436890625 0.6385346796875 0.06422995625 0.6401125828125 0.0658190453125 0.63924468125
0 0.02083128125 0.47027200156250004 0.0198849890625 0.47036302812499997 0.019022959375000002 0.471089290625 0.018330275 0.47308942031249995 0.0220403359375 0.47312010156250006 0.0224020703125 0.4684762015625 0.02083128125 0.47027200156250004
0 0.18659198593749998 0.361679965625 0.1859157265625 0.364609165625 0.18802901562500002 0.3725008796875 0.18956669375 0.3728558796875 0.19117185625 0.37291857031250003 0.19228749375 0.3741014125 0.194398959375 0.373971496875 0.195277415625 0.374174303125 0.1971547453125 0.37306505625 0.1980827375 0.37204613124999997 0.19962193749999999 0.372401484375 0.201159615625 0.37275648437500003 0.20264684531250002 0.370322403125 0.2012776 0.36723045625 0.202714940625 0.3660196296875 0.2034076265625 0.3640194984375 0.2023598265625 0.3625428234375 0.1999947515625 0.360763634375 0.1987441453125 0.3601654140625 0.19663115625 0.360294978125 0.19536412187500002 0.3587676875 0.193167221875 0.35826049375 0.1912914140625 0.3593700921875 0.1891948515625 0.3604287265625 0.18774260781250002 0.36071083593750003 0.18659198593749998 0.361679965625
0 0.1303601 0.2684793171875 0.127249759375 0.2699212875 0.122094515625 0.28724306718750003 0.12204345624999999 0.288464446875 0.12349565 0.2962051375 0.12241377499999999 0.30089124843750004 0.12489739375 0.301156746875 0.132604953125 0.2958402453125 0.13424454218749998 0.2897386265625 0.136899078125 0.28325554375 0.1370170640625 0.27772951562500003 0.14014505156249998 0.2691956875 0.13804909999999998 0.266243859375 0.1330474890625 0.26385437343749996 0.1303601 0.2684793171875
0 0.13219623281249998 0.325672271875 0.13341337656250002 0.32842281562500003 0.1363029625 0.3269298796875 0.1374356359375 0.325031328125 0.13767190625 0.32200054843750003 0.13655626875 0.32081770625 0.133920903125 0.320209284375 0.1321454328125 0.32288471093750004 0.13219623281249998 0.325672271875
0 0.2084297328125 0.335250953125 0.2069595390625 0.3346036421875 0.2060135984375 0.3346931453125 0.2049308140625 0.3353684421875 0.2037817140625 0.3363379234375 0.2035274953125 0.33843928125 0.20347795781250003 0.3396610140625 0.20452575781250001 0.3411376890625 0.207009728125 0.3414016640625 0.20941004687500003 0.33701994062499996 0.2084297328125 0.335250953125
0 0.2150147796875 0.396935103125 0.21317243437500003 0.395892378125 0.21148300937500003 0.3951944515625 0.20960720156249998 0.3963040515625 0.2087445609375 0.4010407765625 0.210873625 0.40184180312500006 0.21246271249999998 0.40097390156249996 0.2136118125 0.40000442031250005 0.2145249015625 0.398056778125 0.2150147796875 0.396935103125
0 0.192522190625 0.37909308125 0.1918629671875 0.3789408875 0.190562471875 0.379565921875 0.18890589687499998 0.380726134375 0.1911021859375 0.3852437921875 0.192455615625 0.38339620625 0.1926584234375 0.3825177515625 0.19308046406249998 0.381689909375 0.1929111203125 0.380416040625 0.192522190625 0.37909308125
0 0.17521001875 0.2766736875 0.176155959375 0.276584184375 0.176934078125 0.2752211625 0.17703537656249999 0.27277500625 0.1748895359375 0.27104643125 0.1721346625 0.2759636859375 0.174264078125 0.276763190625 0.17521001875 0.2766736875
0 0.0938679546875 0.32731424374999996 0.0932087328125 0.32716205 0.0917729140625 0.32837322812499997 0.0906222921875 0.329342359375 0.0901491921875 0.33139158125 0.0909102734375 0.333109953125 0.09354564062500001 0.3337183765625 0.0952532734375 0.3313367828125 0.0955074921875 0.3292354234375 0.094830321875 0.328153809375 0.0938679546875 0.32731424374999996
0 0.197775525 0.403445859375 0.196593925 0.40255567968749995 0.194886290625 0.40493727343749997 0.1933990625 0.4073713546875 0.1940068734375 0.4087464515625 0.196626165625 0.40842428125 0.1972525359375 0.4067183359375 0.197775525 0.403445859375
0 0.09251355312500001 0.3532268328125 0.0911276234375 0.35321475625 0.089962096875 0.35325516874999996 0.0887439890625 0.35451660937499996 0.08844023437500001 0.3578397 0.0950315453125 0.3553508203125 0.093408434375 0.35435870937499997 0.09251355312500001 0.3532268328125
0 0.10651565468749999 0.24446243281250002 0.1083904890625 0.2674178375 0.11070628593750001 0.2664098171875 0.109389725 0.2460512421875 0.10651565468749999 0.24446243281250002
0 0.1429170140625 0.253174240625 0.14131180000000002 0.26113434999999996 0.144758746875 0.258227428125 0.1456213875 0.253490703125 0.145419803125 0.2463482328125 0.14479343125 0.248054178125 0.1429170140625 0.253174240625
0 0.1519467859375 0.20805374843750002 0.155393071875 0.21718008906250003 0.158417978125 0.215101009375 0.1599228046875 0.21359787031250002 0.16208568125 0.2122450515625 0.1600922 0.2068489390625 0.1599574890625 0.2034246203125 0.1571512546875 0.201541978125 0.1543969921875 0.20244877031250003 0.152875740625 0.20302283906250002 0.1495981890625 0.1991808296875 0.14560878125 0.20443045624999998 0.1519467859375 0.20805374843750002
0 0.1083292671875 0.20353711875 0.10844664062500001 0.20202155312499998 0.10883582968750001 0.1993355734375 0.1080586734375 0.1966866078125 0.1070284703125 0.196140875 0.1063342625 0.1981406546875 0.1060639703125 0.1993114203125 0.1069600234375 0.200445171875 0.1062837640625 0.203374371875 0.1061648671875 0.2048895859375 0.107635059375 0.20553689843749998 0.1083292671875 0.20353711875
0 0.237624975 0.2238235140625 0.23787858125 0.22573261718749998 0.239637015625 0.22613858437499998 0.2405665296875 0.2251200109375 0.24132705156249998 0.222826046875 0.2404306484375 0.22169381875 0.2391137265625 0.2213897828125 0.238183859375 0.222409878125 0.237624975 0.2238235140625
0 0.101325515625 0.231817696875 0.1013066390625 0.23079505312499998 0.10092541875000001 0.2296887546875 0.099792628125 0.2290872671875 0.0995685875 0.22784887812500002 0.10016329375 0.234094290625 0.10125985312500001 0.23265084218749998 0.101325515625 0.231817696875
0 0.069532896875 0.8607029515625 0.0665758265625 0.8624881999999999 0.06491925312499999 0.8636484125000001 0.066861934375 0.866256965625 0.06785867500000001 0.868955021875 0.0709176046875 0.868735953125 0.0763926671875 0.86907469375 0.078927696875 0.8681172890625 0.08063568125000001 0.865734171875 0.0813450515625 0.860654171875 0.07511042968750001 0.858597409375 0.069532896875 0.8607029515625
0 0.084427634375 0.7931791578125 0.085491859375 0.795584903125 0.0886186265625 0.795072003125 0.0898698453125 0.791659759375 0.0896676484375 0.788527753125 0.088146396875 0.789101821875 0.0859145109375 0.7907466000000001 0.0846979265625 0.7920083921875001 0.084427634375 0.7931791578125
0 0 0.8834453578125 0.0026597609375 0.884755934375 0.0052622765624999995 0.8835062171875 0.005211828125 0.880717134375 0.0033530578125 0.878745340625 0.0024730796875 0.8785421812499999 0.0010883203124999999 0.8785319796875 0.00009096875 0.8798443859375 0 0.8801434218749999 0 0.8834453578125
0 0.0831905890625 0.11597223906250001 0.07650528906250001 0.11165138125 0.07467931875 0.119560525 0.089238778125 0.12785932656250001 0.0892403515625 0.11983687812499999 0.0831905890625 0.11597223906250001
0 0.076554396875 0.7731590125000001 0.0749650484375 0.7780358546875 0.07557438125 0.7794113031250001 0.0760128484375 0.77951253125 0.0778722296875 0.7774738625000001 0.0775347109375 0.774928 0.076554396875 0.7731590125000001
0 0.23290436250000002 0.3743059625 0.232965728125 0.3718313421875 0.2349739390625 0.36754350625 0.2358989203125 0.3624395171875 0.2342432578125 0.3626233484375 0.233171025 0.366899559375 0.23239642656249998 0.366948440625 0.23106441875 0.370147996875 0.23099598281249997 0.36934001875 0.230823328125 0.36714972968750004 0.2296951890625 0.366889278125 0.229484696875 0.3685372921875 0.2294902453125 0.3718195390625 0.228176846875 0.37015967031249997 0.2279725296875 0.37214907343750003 0.2271665234375 0.37490399375 0.2273268296875 0.3764115046875 0.2270295671875 0.379171628125 0.2278783296875 0.378801509375 0.229960428125 0.377131771875 0.23211678593750001 0.3766129234375 0.23290436250000002 0.3743059625
0 0.2219707046875 0.40402210937499994 0.22259082187499998 0.40280862968750003 0.22201481250000002 0.40199732499999996 0.22076912656249997 0.402614165625 0.2204406390625 0.403668865625 0.2219707046875 0.40402210937499994
0 0.316070928125 0.416131671875 0.31872232968750003 0.4193448359375 0.31968256093749997 0.41922816249999995 0.3210834515625 0.41830719062500005 0.320736715625 0.4153983890625 0.320297034375 0.4132603078125 0.3168012484375 0.4136976359375 0.3162814203125 0.414483659375 0.316070928125 0.416131671875
0 0.339454884375 0.421416428125 0.3401065796875 0.42190684687499996 0.3421080828125 0.42169060781249995 0.343513978125 0.42110915000000004 0.3440345296875 0.41885439687500003 0.3434523453125 0.417701703125 0.343056496875 0.41647817187499997 0.3417108921875 0.4160552625 0.3398027796875 0.41697138593750005 0.3392134421875 0.41841968281249997 0.3392885 0.4210396546875 0.339454884375 0.421416428125
0 0.3343256203125 0.41276588125 0.33273902187500004 0.41081683281250003 0.330966259375 0.41334856093749994 0.3309166984375 0.41356322656250005 0.3328068296875 0.41456566875 0.3343256203125 0.41276588125
0 0.357299784375 0.445560403125 0.3578937765625 0.44445314218750004 0.35794441093749996 0.4427682234375 0.35646890781249996 0.44253982968749994 0.3559540859375 0.4436653671875 0.35589271875 0.4461399859375 0.35674765625 0.44611125625000003 0.357299784375 0.445560403125
0 0.35723420781250004 0.4168103515625 0.3588511390625 0.4175236125 0.35932758124999997 0.41729364531249996 0.3596141109375 0.41532322343750006 0.35925369375 0.414675546875 0.35799530625 0.41461113281250006 0.35723420781250004 0.4168103515625
0 0.305171896875 0.4699531125 0.3084497703125 0.46788272343750004 0.3079294 0.46572601406249997 0.3077195359375 0.46443316875 0.3080418484375 0.46303707968749996 0.3065178609375 0.461553096875 0.3042182015625 0.46158825 0.30287339687500003 0.4626344234375 0.3014659796875 0.4632155296875 0.30004200625 0.464243425 0.2997131671875 0.46529964843749994 0.299749396875 0.467344584375 0.3002711953125 0.46802951875 0.3005986078125 0.4684450703125 0.29994235625 0.4690857421875 0.29944596093750003 0.46976331875 0.2993034578125 0.4707487046875 0.3003263015625 0.4710970984375 0.3003002703125 0.472675446875 0.30497267968749997 0.47375415624999995 0.30559932343749996 0.47288054375 0.305171896875 0.4699531125
0 0.33156830937500004 0.48351356718750005 0.333048815625 0.4840814765625 0.333829865625 0.48143465 0.3324596578125 0.48111831250000003 0.33156830937500004 0.48351356718750005
0 0.345354825 0.48296325468749995 0.3447966171875 0.48464484687500003 0.3453180640625 0.485331303125 0.345881371875 0.485461353125 0.3460611796875 0.48505064999999997 0.3463031546875 0.4836344078125 0.3457694546875 0.48373730156250005 0.345354825 0.48296325468749995
0 0.3630917421875 0.459793734375 0.36231714375 0.45984261562500006 0.3618457046875 0.46041209843750003 0.361405396875 0.461214875 0.3620137078125 0.4622613484375 0.36252745468750003 0.4626060640625 0.3636739265625 0.46094642812500003 0.3635447515625 0.4596722125 0.36347023749999996 0.45999497187499994 0.3630917421875 0.459793734375
0 0.318894634375 0.501290096875 0.316638359375 0.5007691953125 0.3156597953125 0.5028059546875 0.316873275 0.5034260734375 0.317356340625 0.5050080984374999 0.31938897499999996 0.505025153125 0.3197985046875 0.503987559375 0.318894634375 0.501290096875
0 0.2985448640625 0.49240658593750003 0.29586260000000003 0.4948421953125 0.2947465359375 0.49820385624999997 0.2955892203125 0.4989644765625 0.296928296875 0.49904751875000003 0.2969640796875 0.49962185156250005 0.297330671875 0.500610915625 0.29993886875000003 0.49996867187499994 0.30052820625 0.498520375 0.300900078125 0.49690961875 0.300359853125 0.4966726453125 0.2997530640625 0.4956265234375 0.29945025625 0.49510439999999994 0.3003797078125 0.494752909375 0.30075158125 0.4931421546875 0.2985448640625 0.49240658593750003
0 0.2842504234375 0.5565314265625 0.2843550890625 0.5593843421875 0.2850302171875 0.559766315625 0.286245125 0.55891465625 0.28663587343749997 0.5583265453124999 0.2866976875 0.5573225296875 0.2862830578125 0.5565484828125 0.285390815625 0.556002528125 0.2842504234375 0.5565314265625
0 0.3076972671875 0.5593419140625 0.30840970156249997 0.560298571875 0.30974833125 0.5589110093749999 0.3089240765625 0.5577024296875 0.3076972671875 0.5593419140625
0 0.3015301328125 0.5893679265625 0.300296796875 0.5906675453125 0.3002650390625 0.5933751078125 0.30180083281250003 0.5925991359375 0.3030964296875 0.5917661062499999 0.3015301328125 0.5893679265625
0 0.309044846875 0.599813590625 0.310253228125 0.5986220656250001 0.3101920421875 0.5966852234375 0.30889026875000003 0.5971768640625 0.3084499609375 0.597979640625 0.3085806578125 0.599254209375 0.309044846875 0.599813590625
0 0.32256592500000003 0.4041689359375 0.3219953671875 0.40516775000000005 0.3233579734375 0.40661447500000003 0.3244237546875 0.404936209375 0.32387235 0.4040183328125 0.32256592500000003 0.4041689359375
0 0.350018465625 0.4377712640625 0.34905930937499996 0.436417684375 0.3478187234375 0.43884616718749997 0.34807314218749996 0.43958483125000003 0.3497768421875 0.4391859828125 0.350018465625 0.4377712640625
0 0.3710815390625 0.292511425 0.370691865625 0.2916292828125 0.3690004203125 0.2912387828125 0.36803410937500003 0.29248619374999996 0.3691114 0.29421021718749996 0.3696141828125 0.294095375 0.3710815390625 0.292511425
0 0.36195947031250003 0.30409376093749996 0.36260964375000004 0.304583828125 0.3636646921875 0.3036952640625 0.3641530375 0.30267746875 0.36246159218749996 0.30228696718750003 0.36195947031250003 0.30409376093749996
0 0.3823812453125 0.26084161093749997 0.38368856562500003 0.26363221718749996 0.3840297546875 0.2632587703125 0.3864765703125 0.26257926875000004 0.386818834375 0.2607355703125 0.386210171875 0.25969061875 0.3840176796875 0.2596366578125 0.382399675 0.26039365000000003 0.3823812453125 0.26084161093749997
0 0.38152049374999997 0.2517060265625 0.3816268625 0.25014783125 0.38051097968750003 0.2490980296875 0.379321028125 0.24984159374999998 0.37894915625 0.25145235 0.3800404359375 0.252608721875 0.38073399218750004 0.252542734375 0.38152049374999997 0.2517060265625
0 0.3575090875 0.2546472046875 0.3569135734375 0.25575411406250004 0.356889065625 0.2573328125 0.3576760140625 0.257966709375 0.35866120156250003 0.2577419421875 0.3595110390625 0.2559015703125 0.358823209375 0.2548383421875 0.3575090875 0.2546472046875
0 0.3424963859375 0.2377190265625 0.34201994375 0.23794899374999998 0.342700171875 0.240142609375 0.3440887125 0.23853885937500002 0.342794190625 0.2379016359375 0.3424963859375 0.2377190265625
0 0.3174521140625 0.2160999453125 0.3152401171875 0.21796419843749998 0.31610060156249997 0.22121771406250001 0.3173461921875 0.219128746875 0.3182701921875 0.21696713750000002 0.3174521140625 0.2160999453125
0 0.3266542453125 0.20747709687500002 0.3288486109375 0.2075298875 0.329461478125 0.20744527031249999 0.329814921875 0.20628247656249998 0.32998963125 0.20406013125000003 0.328507603125 0.2034918703125 0.327410690625 0.204936840625 0.3270015125 0.2059729125 0.3266542453125 0.20747709687500002
0 0.34395345625 0.22221826249999999 0.344822703125 0.21698754999999997 0.3469437328125 0.214787990625 0.345789640625 0.21279928125 0.345033821875 0.2123986796875 0.34335973124999997 0.21303047031250003 0.342560975 0.214656528125 0.3431558609375 0.21649047812500002 0.34283354843749997 0.21788656718750002 0.3421823 0.218866753125 0.34088670312499997 0.21969978281250002 0.3406762109375 0.22134779531249998 0.34181705 0.2222895015625 0.3430616609375 0.2231429140625 0.34395345625 0.22221826249999999
0 0.33952401249999997 0.22413664687499998 0.3409555875 0.221978365625 0.338483271875 0.2198232296875 0.3382836078125 0.22215366875 0.33952401249999997 0.22413664687499998
0 0.327403359375 0.22812641406249998 0.32949780781250004 0.227139453125 0.32761992968750003 0.2253476625 0.3268272546875 0.22584298125000002 0.327403359375 0.22812641406249998
0 0.3018615234375 0.2233601546875 0.3036576359375 0.2266035703125 0.30580262187499996 0.2224595640625 0.30473021875 0.2223258359375 0.3037945921875 0.22233593749999997 0.3030203453125 0.2223832953125 0.3018615234375 0.2233601546875
0 0.32198094374999997 0.21963429531249998 0.323858725 0.219953959375 0.32441040625 0.2179325015625 0.3224027265625 0.2178073515625 0.32198094374999997 0.21963429531249998
0 0.296675184375 0.210171071875 0.294749365625 0.210066425 0.29484168125 0.2122365625 0.29598099843750003 0.21317791718749998 0.2968927453125 0.21180565625 0.296675184375 0.210171071875
0 0.3062634109375 0.20061907343750002 0.306635103125 0.20341978125 0.3081463875 0.2042225078125 0.30980008125 0.20256772031249998 0.31039049375 0.19964916875 0.3096714375 0.19688051875 0.3081343984375 0.1947168046875 0.30512883125 0.19413516718749999 0.3028607484375 0.19587421875 0.3024950515625 0.19782636250000002 0.3030961125 0.20000170156250002 0.3056363203125 0.20002208281249997 0.3062634109375 0.20061907343750002
0 0.33641950625 0.2195728796875 0.33650592343749997 0.2184622921875 0.335112634375 0.218252878125 0.3339538140625 0.2192297359375 0.33333952031249997 0.220786128125 0.3351615671875 0.2209790703125 0.3362209171875 0.22043306562499998 0.33641950625 0.2195728796875
0 0.28195080781250004 0.23573270000000002 0.2828491296875 0.23514791562499998 0.283450371875 0.2329117921875 0.282352915625 0.23141403125 0.28123792812500004 0.2333054390625 0.280191375 0.23600482656250002 0.2807735578125 0.23715752031249998 0.28195080781250004 0.23573270000000002
0 0.29074725 0.19726299375 0.292439321875 0.1947126359375 0.2913740734375 0.19197791718749999 0.2882445265625 0.19340583125 0.287760834375 0.19476466406249998 0.2874512234375 0.19684200937500002 0.288460290625 0.1979794015625 0.29074725 0.19726299375
0 0.2815250828125 0.212217040625 0.28138213125 0.2117318234375 0.28023091093749997 0.2115782953125 0.27987094218749997 0.21240122343749998 0.27948636875 0.2133307234375 0.280526565625 0.2147014109375 0.28112825468749997 0.213935890625 0.2815250828125 0.212217040625
0 0.28239316875 0.2143401703125 0.2817915765625 0.2165778171875 0.283079571875 0.21687517500000003 0.2839421109375 0.2157160578125 0.28239316875 0.2143401703125
0 0.2858563015625 0.21366919687500002 0.28641353125 0.21492998437500002 0.28728116875 0.21558251093749997 0.288334696875 0.21469359531249999 0.2886504828125 0.2129576390625 0.2879318734375 0.21165959218750002 0.2858563015625 0.21366919687500002
0 0.2605887390625 0.191544746875 0.2623547953125 0.1930846140625 0.26318512968749996 0.19316245625 0.2629314328125 0.1909550609375 0.26226238281250003 0.18944235 0.2611465953125 0.1898646765625 0.2605887390625 0.191544746875
0 0.296788971875 0.19571683125 0.297426890625 0.19699624843750002 0.2979533390625 0.1980222203125 0.29856728125 0.19646734999999999 0.2984488390625 0.19440343437500002 0.2972231046875 0.194572665625 0.296788971875 0.19571683125
0 0.2797518734375 0.2294552828125 0.28149905468749997 0.22997250781249998 0.2817345015625 0.22821639999999999 0.2805256734375 0.2279373203125 0.2797518734375 0.2294552828125
0 0.2854054390625 0.19467309375 0.28381963906249996 0.1941931265625 0.2827661125 0.19508204375 0.2833983046875 0.197490675 0.28412299218750003 0.1976579828125 0.28523180625 0.1954251859375 0.28530059375 0.196231640625 0.2854054390625 0.19467309375
0 0.27167895 0.2045140921875 0.2731174984375 0.20416627968749998 0.27458637812500003 0.20258268125 0.2728949328125 0.2021921796875 0.2726590375 0.20247768281249998 0.27167895 0.2045140921875
0 0.26624813125 0.23685891875 0.26552961875 0.237033 0.264902975 0.2379066140625 0.264773171875 0.23957325625 0.2662674546875 0.2393521671875 0.2669916953125 0.23804887031250002 0.266793009375 0.2374369296875 0.26624813125 0.23685891875
0 0.2772261609375 0.258399265625 0.278515678125 0.258696975 0.2797236109375 0.2560348453125 0.278156240625 0.25510691875 0.2771281171875 0.2573583453125 0.2772261609375 0.258399265625
0 0.2595224265625 0.261212328125 0.2598824921875 0.2618615265625 0.26048310468749997 0.2625662609375 0.26079351562499997 0.2619579984375 0.261246078125 0.26036587187500004 0.261047040625 0.25975545312500004 0.2604030421875 0.2596067734375 0.2598509140625 0.260157628125 0.2595224265625 0.261212328125
0 0.26420235000000003 0.2508671234375 0.264269890625 0.24873389218750003 0.26236750625 0.24852080000000001 0.262374128125 0.2503327921875 0.2632106359375 0.25075202343749997 0.26420235000000003 0.2508671234375
0 0.27243995781249997 0.233196984375 0.27367231406250003 0.23483974531250001 0.27424135 0.2338405796875 0.273195328125 0.23212698125000003 0.27243995781249997 0.233196984375
0 0.2747437390625 0.23791585468749998 0.27559912343750004 0.23935772968750002 0.27638562499999997 0.23852102187500002 0.27547450625000003 0.2369524234375 0.2747437390625 0.23791585468749998
0 0.2189033125 0.26993610625 0.217930828125 0.270842128125 0.2169645171875 0.2720895390625 0.21709369218750002 0.27336375468749996 0.21881626718749997 0.2739875515625 0.22076928750000002 0.272515725 0.2202489171875 0.27035901562500003 0.2189033125 0.26993610625
0 0.2301239453125 0.2871193546875 0.22880991874999998 0.28840034531250003 0.22902748125 0.2900349296875 0.2303093015625 0.28999089843750003 0.23097280312500001 0.28822136249999997 0.2301239453125 0.2871193546875
0 0.22388184843749998 0.315997521875 0.2246060890625 0.314694225 0.225474803125 0.31387649687499997 0.22475619375 0.31257845156249997 0.2230270921875 0.3116147890625 0.2215577640625 0.3117277828125 0.2211920671875 0.313679928125 0.22208510937499998 0.3156949640625 0.22388184843749998 0.315997521875
0 0.26705691875 0.3303767765625 0.2650064828125 0.3278668234375 0.2631536578125 0.327439065625 0.26270074375 0.3290327140625 0.26319996093750003 0.3319687 0.26705691875 0.3303767765625
0 0.2513517453125 0.36679926093750004 0.246902796875 0.3706358609375 0.24762140625 0.37193390625 0.251642746875 0.3695813390625 0.2513517453125 0.36679926093750004
0 0.2579608890625 0.39513569375 0.26003735625 0.3960673 0.2604338328125 0.394349971875 0.260762671875 0.3932937484375 0.2596591375 0.3929267265625 0.258779596875 0.393062028125 0.2579608890625 0.39513569375
0 0.20668615468749998 0.44597149375 0.20953034218750002 0.44651587499999995 0.21091235625000002 0.44457225781250004 0.2117248890625 0.442157203125 0.2093134078125 0.44194043125000004 0.2075851046875 0.4424458515625 0.20679860312499998 0.44328255937499994 0.20658811093749999 0.4449305734375 0.20668615468749998 0.44597149375
0 0.1957076890625 0.49389259062499996 0.194016690625 0.49497269531250004 0.19344578125 0.49597303125 0.1925106015625 0.4974537375 0.19384860312500002 0.49900703281250003 0.19565186875 0.4996494578125 0.196902559375 0.49937213125 0.19884895625000001 0.49608831093749994 0.19865752187500002 0.49434750625 0.197864396875 0.4933722203125 0.1957076890625 0.49389259062499996
0 0.1675501609375 0.6268794703125 0.1671906390625 0.6291730046875 0.168579628125 0.6290398578125 0.1697880078125 0.627848334375 0.1691681671875 0.626122478125 0.1675501609375 0.6268794703125
0 0.18625294375 0.6171690546875 0.1855956171875 0.619279978125 0.1866430640625 0.6195218 0.187306565625 0.617752265625 0.1869465 0.6171030671875 0.18625294375 0.6171690546875
0 0.19265123281250002 0.5762229734375001 0.191536871875 0.5751735234375001 0.1890574984375 0.57709150625 0.189751503125 0.5784961234375 0.191598153125 0.57858249375 0.19265123281250002 0.5762229734375001
0 0.1815673765625 0.559183553125 0.18069410625 0.561132371875 0.1817711625 0.5616071375 0.1825034515625 0.5606440578125 0.18252188125 0.560196096875 0.1815673765625 0.559183553125
0 0.16961794531250002 0.59183390625 0.1695614125 0.5902381 0.16832252812499998 0.5882554734375 0.16735621875 0.589502884375 0.1680006640625 0.5911221671875 0.16961794531250002 0.59183390625
0 0.0360581828125 0.846197890625 0.035036585937499996 0.8487891843750001 0.037378203124999995 0.8496697515625 0.037656684375 0.8473591125000001 0.0377680578125 0.8461404312499999 0.0360581828125 0.846197890625
0 0.017570635937500002 0.8810719812500001 0.019727792187500003 0.882022215625 0.0202906515625 0.8806816609375 0.0204531078125 0.8792486640625 0.019399484375 0.8786654531250001 0.01820300625 0.8790691515625 0.017570635937500002 0.8810719812500001
0 0.0885446890625 0.7618155093750001 0.09031011875 0.766296234375 0.092466828125 0.7657758640625 0.093110825 0.7659245421875001 0.0905099640625 0.7595543328125001 0.0885446890625 0.7618155093750001
0 0.0763514890625 0.751421871875 0.078036759375 0.751470984375 0.078811634375 0.7484827671875001 0.0775839296875 0.74718104375 0.0763514890625 0.751421871875
0 0.0662346546875 0.7243105937500001 0.06768403125 0.724645209375 0.06846543125 0.721996859375 0.0668546765625 0.7216249875 0.0662346546875 0.7243105937500001
0 0.0791441375 0.6959550328125 0.08200200625000001 0.6942382874999999 0.08107165937500001 0.69164856875 0.079454728125 0.6909353078125 0.07840772812499999 0.6921640890625 0.0779986453125 0.6946722890625 0.0791441375 0.6959550328125
0 0.095076003125 0.6986149078125 0.0935013828125 0.6988158453125 0.092999984375 0.6991539062500001 0.0924233484375 0.701283459375 0.0946285421875 0.7020186765624999 0.09547220468749999 0.699836915625 0.0957511328125 0.69899688125 0.095076003125 0.6986149078125
0 0.11877080625 0.570253625 0.12007150312499999 0.5712322359375 0.12067363906249999 0.571937321875 0.1220730078125 0.571015996875 0.12382689375 0.567461625 0.122389771875 0.5663376609374999 0.12028915 0.5669832328125 0.11957681093750001 0.567498703125 0.11877080625 0.570253625
0 0.10151694687499999 0.540250240625 0.10120018125000001 0.5449285765625 0.1043911890625 0.54249816875 0.10410671406250001 0.54005595625 0.10151694687499999 0.540250240625
0 0.1453158859375 0.5122380328125 0.14488220000000002 0.5148528031249999 0.14768908281249998 0.5148225 0.14767083281249999 0.5108589984374999 0.1462575921875 0.5110971921874999 0.1453158859375 0.5122380328125
0 0.09323352968750001 0.5169570625000001 0.09185106875 0.5174300734374999 0.0917085640625 0.5184154609375 0.092371790625 0.5195852609375 0.0935679171875 0.5191830859375 0.0942187171875 0.5167322953125 0.0940449875 0.516012259375 0.09323352968750001 0.5169570625000001
0 0.08917533125 0.52020555 0.0891998390625 0.51862685 0.08856774375000001 0.5176903453125 0.0873404875 0.517859225 0.086492171875 0.5196999484375 0.087824 0.5209118562499999 0.0881590140625 0.5201970218749999 0.08917533125 0.52020555
0 0.0723317484375 0.537296803125 0.071366065625 0.53560335625 0.0700947953125 0.53926915 0.0707948796875 0.539543028125 0.0717551109375 0.53942635625 0.0723317484375 0.537296803125
0 0.118354378125 0.508842228125 0.11808860000000002 0.5118341234375 0.1186830375 0.5121974671875 0.1203321734375 0.5116737703124999 0.1213353421875 0.5095304375 0.12018985 0.50824769375 0.118354378125 0.508842228125
0 0.10728770000000001 0.5134136828125 0.107195203125 0.5156550078125 0.10785762968749998 0.5153557265625001 0.10865065781250001 0.5148588843749999 0.1095624046875 0.513486625 0.10840313593749999 0.5129928796875001 0.10728770000000001 0.5134136828125
0 0.09900580625 0.49012085625 0.10081515156250001 0.48963254218749996 0.1014591484375 0.48978122187500006 0.10102564375 0.48798452968749995 0.0995762671875 0.48764991562500004 0.099005359375 0.48865025156249997 0.09900580625 0.49012085625
0 0.1125645609375 0.48431267343749995 0.11329542343750001 0.48482137031250006 0.1145406609375 0.48273392499999995 0.113300703125 0.48222155000000005 0.1125645609375 0.48431267343749995
0 0.0852270671875 0.4527750828125 0.0835171921875 0.4528325421875 0.08223474374999999 0.45581743125 0.0831208125 0.456021996875 0.085010846875 0.4555523109375 0.0852270671875 0.4527750828125
0 0.141467275 0.45614236718749995 0.142992240625 0.45468396875000006 0.140705909375 0.45245951875 0.139143190625 0.4518726296875 0.13759514374999998 0.45343795 0.1371233546875 0.45400895625000004 0.1370185078125 0.455567503125 0.1380272234375 0.45670641874999995 0.1390757453125 0.4554779875 0.1398315640625 0.4558785890625 0.141467275 0.45614236718749995
0 0.15485830312499999 0.44554559843749997 0.155297984375 0.4476836796875 0.1565495140625 0.44718043906249993 0.156203459375 0.444497903125 0.15485830312499999 0.44554559843749997
0 0.094134021875 0.43344901093750005 0.0960226296875 0.4344511 0.0968475125 0.4327188234375 0.0954976078125 0.4319533546875 0.094134021875 0.43344901093750005
0 0.0894569578125 0.41585214375 0.0913593421875 0.4160652359375 0.091706259375 0.414562575 0.09042899531250001 0.41347551562499996 0.0894569578125 0.41585214375
0 0.22433175 0.1819297671875 0.2327123171875 0.1796230515625 0.23791645468749997 0.17912791249999999 0.2413720296875 0.181622303125 0.2434162921875 0.18379086718749998 0.2520438484375 0.1877631421875 0.257837725 0.186554246875 0.26298175156250003 0.18265201250000002 0.26862091875 0.18395391562500002 0.272833515625 0.1877536171875 0.2845688140625 0.1867874734375 0.2906721203125 0.18791269531250002 0.29474678593750003 0.1913999234375 0.3021042328125 0.19168414843749998 0.3100820640625 0.196636959375 0.3110109359375 0.1999623921875 0.3165581859375 0.1998287 0.3193311640625 0.197923978125 0.325853178125 0.1963187203125 0.3308864078125 0.1974807328125 0.334790515625 0.20262358906250003 0.3370819953125 0.2073957453125 0.3428918421875 0.21071589687499998 0.348003484375 0.21246208281249998 0.351194940625 0.2115022796875 0.355098334375 0.20929246406250002 0.3601947203125 0.2138622765625 0.366345225 0.22122196718749998 0.36925788437499996 0.215954671875 0.3741685625 0.2176544625 0.3775754296875 0.22126975 0.38546053593749996 0.2321392859375 0.391176228125 0.22667081875 0.39611983125 0.226963834375 0.396892471875 0.2327997140625 0.40363119062499997 0.239445296875 0.40779893281249996 0.23701427812500003 0.4084039265625 0.233476896875 0.4109749984375 0.22784850625000003 0.4127716890625 0.2274150015625 0.4141506171875 0.23338925000000002 0.41397970937500006 0.2350464015625 0.417698109375 0.2373192375 0.42053295 0.23514656406249998 0.4230581296875 0.23431517343750002 0.42285658593750003 0.2379456984375 0.4279205859375 0.2481639296875 0.4309411328125 0.248861278125 0.4321652171875 0.2463167328125 0.4313135859375 0.2435736015625 0.4328326515625 0.23883447812499997 0.4367510734375 0.23747643749999997 0.43831651718750003 0.2389683875 0.4365811078125 0.2428108625 0.4359911421875 0.2472000171875 0.4380053484375 0.24766503437499998 0.44082493125 0.2483159859375 0.44438803125000004 0.24942082656250003 0.445782215625 0.25257145 0.4464638703125 0.25329328906250004 0.44795055 0.2542025875 0.4524277234375 0.2541056859375 0.454829409375 0.2501347984375 0.459074390625 0.2482860796875 0.45775593593749997 0.2530731203125 0.46325635312499996 0.2540591546875 0.469251421875 0.24922125624999997 0.47134251562499996 0.2502700953125 0.4679810953125 0.2565643234375 0.46923465468750003 0.25940024687499996 0.4725652125 0.2587547921875 0.47791531875000004 0.2540502265625 0.4795420453125 0.2589511453125 0.483105725 0.2563790640625 0.48098270000000004 0.25362784843749997 0.4855070578125 0.2524096984375 0.491067234375 0.2568043515625 0.4972015390625 0.26331039375 0.5014461703124999 0.26146319687499997 0.5072244390625 0.26307945 0.5095787109375001 0.263905209375 0.5130342859375 0.2663996015625 0.5214458515625 0.2694737046875 0.5266040984375 0.273775565625 0.5277963765625 0.27320251875 0.52997996875 0.2720100328125 0.54305499375 0.2741803359375 0.5497476875 0.2745933234375 0.5574160874999999 0.2772120171875 0.5647085921875 0.2806323234375 0.5780921046875 0.281459471875 0.582848425 0.2856685390625 0.58106618125 0.290630740625 0.5891064546875 0.291638678125 0.5945747124999999 0.29459773437500003 0.5975484265625 0.2964148078125 0.6054027625 0.298228125 0.60744644375 0.304073609375 0.6129465078125 0.305061165625 0.620365815625 0.3050774390625 0.6224719390625 0.3069780515625 0.6248572078125 0.3131846328125 0.6299235390625 0.31605089531249997 0.6437443593750001 0.3243331140625 0.6590796375 0.32957015156249997 0.6671048828125 0.329726315625 0.6678932640624999 0.343766640625 0.6708053453125 0.3421762671875 0.6731445890625001 0.34215025468750004 0.67607321875 0.34141200625 0.6781340296875 0.3444326953125 0.6842670421875 0.3472629875 0.6872575328125 0.3462567890625 0.6928034890625 0.342447346875 0.6914547515625 0.34920623906250003 0.699460565625 0.35048845625 0.7053322750000001 0.35354065625 0.7089728421875 0.351552396875 0.7130157015624999 0.3570111234375 0.713929546875 0.35948478125 0.71733699375 0.3594231484375 0.7217823609375 0.361297746875 0.7230524703125 0.3649857953125 0.7253761078125 0.3677849296875 0.7295586484375 0.3698810828125 0.735535359375 0.37469422343750003 0.74430201875 0.378980846875 0.75337963125 0.3856019375 0.7553774203125 0.396244421875 0.7615420109375 0.4007786125 0.7686221843750001 0.39675569843749997 0.774106640625 0.400568403125 0.77494149375 0.40613480781250005 0.7833534109375 0.4092073890625 0.7874121046875 0.40816557031249995 0.7863739578125 0.40990473749999995 0.7868078265625 0.4190556234375 0.7906021734374999 0.418235009375 0.793902446875 0.4195614046875 0.7947072453125 0.42342426250000004 0.793467203125 0.4287954765625 0.792194909375 0.45084470625 0.8010391718750001 0.463067821875 0.80469615625 0.4509020953125 0.8103359015624999 0.448527078125 0.8174313312500001 0.4416805390625 0.8202358875 0.44147971718749995 0.8263475484375 0.4409503484375 0.8291512953125 0.44810184687500004 0.8340003406250001 0.44639419062499996 0.84292323125 0.4481703640625 0.84662508125 0.449591075 0.8546653546874999 0.4505990140625 0.8597920234374999 0.4531969734375 0.8616364796875 0.4479652984375 0.870637203125 0.45400256875 0.8792805953125 0.451474296875 0.8865933109374999 0.449201678125 0.8909914921875 0.45219752343749997 0.8946008453125 0.455859559375 0.8978853765625001 0.448981509375 0.900100546875 0.449492921875 0.9029363171875 0.4436418046875 0.9088564640625 0.423513921875 0.905308971875 0.419583934375 0.9009254656250001 0.417441384375 0.8941558828125 0.41644457343749997 0.885790925 0.41592614218749996 0.8831869812500001 0.4161748828125 0.87891229375 0.41631853281250003 0.8743260749999999 0.4178046328125 0.8694610718750001 0.42233895937500004 0.8671381484375 0.42689249843750005 0.867123121875 0.426040725 0.8615452359375 0.4281477890625 0.8554877265625 0.4369305609375 0.8511030500000001 0.4347861375 0.8497400921875 0.433340934375 0.8411277921875 0.42654503593750004 0.8417492015624999 0.4128301859375 0.830098415625 0.41551405468749997 0.8211602687499999 0.4165615046875 0.8132284640625 0.4178412890625 0.806552671875 0.41827890312499993 0.8000621015625 0.41055846718750005 0.7962820671874999 0.40487818437499995 0.7785461296875 0.3852286 0.7629638625 0.373712571875 0.7516398546875 0.36487464687500004 0.7364288796875 0.35542478437499997 0.706823884375 0.3319028703125 0.6859891218749999 0.3220013546875 0.6698324953125 0.3120493359375 0.6523451062500001 0.30203383281249996 0.6437006484375 0.29721095468750003 0.636172871875 0.294906959375 0.63030174375 0.2881778390625 0.6202172109374999 0.2850013359375 0.6085375296875 0.2786278140625 0.591342403125 0.270416484375 0.5760693390625 0.2649099734375 0.548960940625 0.2518634671875 0.49328372812500004 0.228262040625 0.44602129062499996 0.209714303125 0.4101709765625 0.195781709375 0.39368873125000003 0.189997640625 0.370422228125 0.182363465625 0.35937701718750004 0.17783303125 0.3502369625 0.17515681249999998 0.3019341109375 0.16004593125 0.2795649015625 0.1540332875 0.2643687265625 0.14911059843750002 0.23784703281250003 0.14270535 0.21883995937499998 0.13775115 0.210878678125 0.1336504640625 0.20200087031249997 0.1344296109375 0.1894533703125 0.1318150265625 0.1820959234375 0.13153080156250002 0.181042034375 0.1250655234375 0.171886953125 0.12153753125 0.16699305312499998 0.1170144671875 0.15023397968750002 0.09221674375 0.139995534375 0.07684300468750001 0.13034495 0.0607566796875 0.12383912500000001 0.05585986875 0.1140810171875 0.041163095312499995 0.1077313 0.030081960937500003 0.09741341718749999 0.0325074828125 0.0932460375 0.042292696875 0.0955072328125 0.049036703125 0.08610006875000001 0.0759958890625 0.08877790937499999 0.10942056874999999 0.0888093515625 0.100094875 0.09241812656250001 0.1074338328125 0.092526365625 0.113396953125 0.088204721875 0.1109864515625 0.09532377812500001 0.186729171875 0.0969345328125 0.18710104375 0.0977248828125 0.18643520625 0.098560896875 0.18464776875 0.0954636875 0.1796911984375 0.0955712125 0.178301646875 0.0987002265625 0.1812867171875 0.09947589999999999 0.1797675828125 0.099630259375 0.17725830625 0.09809697187500001 0.173793334375 0.09729217343749999 0.1699304765625 0.0963166953125 0.164049371875 0.0965500453125 0.158447346875 0.09540401093749999 0.154221871875 0.0986423 0.15214234375 0.0989369203125 0.142593571875 0.0986523953125 0.14316611562499998 0.0979462796875 0.1248311 0.0970815859375 0.10653003125 0.1007079359375 0.096337678125 0.10595867968749999 0.0983982125 0.11102290781249999 0.1049410453125 0.1195750984375 0.1083298484375 0.12228482656249999 0.11772232187500001 0.13027849375 0.11617458750000001 0.1320554546875 0.12131384687499999 0.14023425 0.1263130546875 0.14294362656249998 0.13570705 0.147312103125 0.13699782656249998 0.15316726249999998 0.1391979 0.1518819078125 0.1456891921875 0.1535230828125 0.15511880625000002 0.1524693265625 0.159683121875 0.152343284375 0.1749267109375 0.1537056640625 0.18004883437500002 0.15805853281249999 0.1841647578125 0.1582604390625 0.1878884265625 0.1603821703125 0.18696389062500002 0.1654475578125 0.18615288125 0.17015807968750002 0.1804539546875 0.172156315625 0.176389925 0.1775941546875 0.17029123906250002 0.17939236875 0.169858084375 0.1867342078125 0.17296745625 0.1942637234375 0.1642406875 0.1994994390625 0.1654494484375 0.2054792640625 0.17079089218750002 0.21119509218750002 0.1763520171875 0.2172061296875 0.176043165625 0.2194831609375 0.1762866265625 0.22433175 0.1819297671875
0 0.1044234265625 0.109639403125 0.10386619687500001 0.108378615625 0.1024726046875 0.1089067875 0.1011244453125 0.11198875781249999 0.100891325 0.113915384375 0.10259587031249999 0.11572168125 0.104035946875 0.11407530625 0.1044234265625 0.109639403125
0 0.2269183890625 0.81460198125 0.2227025140625 0.8120250703125 0.22153056875 0.8205743062499999 0.2269183890625 0.81460198125
0 0.0467118234375 0.4699175859375 0.040973496875 0.46698918906250003 0.0409725171875 0.4774123640625 0.0467118234375 0.4699175859375
0 0.2455628171875 0.5671411609375 0.2439238546875 0.5603483765624999 0.24005848749999997 0.5666721859375 0.2455628171875 0.5671411609375