0 0.21440322812499998 0.092694084375 0.21599684843750003 0.090399759375 0.217698084375 0.0928745265625 0.21794040468749998 0.0939944640625 0.21746416562499998 0.09466752187500001 0.2163583015625 0.0944525640625 0.2154692515625 0.0948909796875 0.21492425312500002 0.097694753125 0.21446106718750002 0.1006672359375 0.215166871875 0.10294851093749999 0.21590846562500002 0.103858290625 0.2188431015625 0.1041231109375 0.219346428125 0.10330251093750001 0.219276134375 0.101297575 0.21946121093749998 0.0985766484375 0.219829534375 0.0972713828125 0.220387584375 0.0967670359375 0.2220228765625 0.096624890625 0.22453851875000003 0.093132928125 0.22515381093750003 0.09233409218750001 0.2251581625 0.091722115625 0.2237810578125 0.090535996875 0.2232230078125 0.0869049921875 0.223726334375 0.0819490375 0.22486205468749998 0.07788323124999999 0.226000890625 0.07733896875 0.22726756250000002 0.078503621875 0.227918940625 0.0804671109375 0.226706696875 0.07962024375 0.22573148281250002 0.0805019265625 0.2248048125 0.082313071875 0.22448938125 0.08393582499999999 0.22420257187499998 0.08541133281249999 0.22462873437500003 0.08794386562499999 0.2253301875 0.09083711718750001 0.22674026406249997 0.091264015625 0.2280713453125 0.0909099296875 0.22929352656250002 0.0905346765625 0.2297436625 0.089398121875 0.2287597484375 0.08736840312500001 0.2286577171875 0.08612451875 0.230513578125 0.0818914859375 0.23111611718749997 0.08292704375 0.23429772343750002 0.08369829375 0.2339207 0.0903628625 0.2344743984375 0.090470490625 0.236312559375 0.0762808375 0.23727625468750002 0.068964675 0.23417799375 0.068362434375 0.23220581562499998 0.0690503265625 0.22882074531250002 0.06992359375 0.225316540625 0.07199934687500001 0.22244349687499998 0.074963415625 0.2204025578125 0.077782021875 0.2182468359375 0.0811911390625 0.21572684375 0.0852950765625 0.2137919875 0.08874712500000001 0.21207953281249997 0.0922424046875 0.21011170468749998 0.0964536734375 0.2079777359375 0.1009382625 0.2065216359375 0.1031065125 0.20547331249999998 0.106730884375 0.207243309375 0.1070749375 0.2099041875 0.1069793375 0.21333374843750003 0.1076459765625 0.214690634375 0.107756921875 0.21403955312499998 0.1057918984375 0.2127772328125 0.10401527031249999 0.2132603390625 0.0979841421875 0.21440322812499998 0.092694084375
0 0.31478479843749996 0.1481908609375 0.3134898046875 0.15130727187499998 0.31415393593749996 0.15557171875 0.315096475 0.1554477234375 0.31565422656250003 0.154944909375 0.3164331421875 0.150348140625 0.3180264640625 0.14805534843749998 0.31717443749999996 0.1471241015625 0.3163756015625 0.146508809375 0.31478479843749996 0.1481908609375
0 0.3025700546875 0.1271358375 0.30282824218750004 0.1258075734375 0.303123753125 0.1231081125 0.3021065703125 0.12183914843749999 0.3005776578125 0.12261320312499999 0.3002908484375 0.1240887109375 0.3003325203125 0.126240890625 0.3010741140625 0.127150671875 0.3025700546875 0.1271358375
0 0.2236591515625 0.51359966875 0.2225119125 0.519501703125 0.222761696875 0.523531209375 0.223849175 0.5268051109375 0.22539830625 0.52710623125 0.2273247578125 0.5248766015624999 0.22854510781249998 0.5203672312500001 0.22853205625 0.51806780625 0.22683235468750002 0.5155933375 0.22495009375000002 0.5110937015625 0.2236591515625 0.51359966875
0 0.19973388281249999 0.478935128125 0.199692209375 0.4809183 0.1995130171875 0.4830275484375 0.2001441765625 0.48391586249999996 0.20089012031250003 0.48421366718750003 0.20166903593750002 0.4837522515625 0.2025123625 0.481772096875 0.20299546875000002 0.47987632343750003 0.202783303125 0.47860943906250003 0.2002658296875 0.4779672828125 0.19973388281249999 0.478935128125
0 0.1762623703125 0.49688318281250005 0.17667266406249998 0.497728565625 0.17747585 0.49773188125 0.17816736875 0.4977119 0.1789789578125 0.49649279843749994 0.1800403328125 0.49516784999999996 0.1801837375 0.49443009531250004 0.18016381718750002 0.4933533875 0.1793646828125 0.492739628125 0.1759954796875 0.495300046875 0.1762623703125 0.49688318281250005
0 0.2111273078125 0.5485251609375 0.2122832484375 0.54966988125 0.21303324375 0.5452218906249999 0.21226302968750002 0.5444593531249999 0.2111273078125 0.5485251609375
0 0.232621009375 0.5366248984374999 0.22907078125 0.5371604484375 0.2289118078125 0.5403448703125 0.22906237968749998 0.54251821875 0.2300021015625 0.5430064984375 0.2310261546875 0.5430527453125 0.2317232578125 0.5424226203125 0.232169340625 0.5418965078125 0.2323413671875 0.541011509375 0.2325952046875 0.540295221875 0.23285057656250002 0.5395792312500001 0.232621009375 0.5366248984374999
0 0.2460707796875 0.5300517171875 0.2447023765625 0.531777 0.244907671875 0.5342666 0.2464524515625 0.535179696875 0.247366071875 0.5352044796875 0.24770325468749999 0.5346572 0.2480718765625 0.5333504015625 0.2460707796875 0.5300517171875
0 0.235481896875 0.5561689234375 0.2349210296875 0.5572855453125001 0.233835384375 0.5581457609375 0.23239233750000002 0.5584780828125 0.2313595828125 0.5596557875 0.23079313125 0.561382553125 0.2302279140625 0.5631111515625 0.22799097656249998 0.574619196875 0.22878294375000002 0.5764572046875001 0.2282379453125 0.579260978125 0.2316273671875 0.5819110875 0.23450757812499998 0.57772276875 0.23681975624999999 0.5758753234375 0.23873720937499998 0.5707358265625 0.2398156890625 0.5669645062499999 0.23866815156249999 0.56459736875 0.2392660421875 0.5621110828125 0.23858045625000002 0.5609049828125 0.2377125609375 0.5582865859374999 0.23600262343749998 0.5570357718750001 0.235481896875 0.5561689234375
0 0.24097474375 0.56749541875 0.24290089843749998 0.5652673234375001 0.2448158328125 0.5648739203125 0.2415437140625 0.561022559375 0.2408195234375 0.561800228125 0.2406876359375 0.5648371078125 0.24097474375 0.56749541875
0 0.2234462125 0.5914980640625 0.22274194062500002 0.593352440625 0.22258296562500002 0.5965368640625 0.2248733921875 0.5936139453125 0.2243109921875 0.590594915625 0.2234462125 0.5914980640625
0 0.244783159375 0.569766959375 0.24426243281249999 0.5689001109375 0.243425975 0.5696575484374999 0.24302873281249998 0.5711115906249999 0.24341040625 0.5721042171875 0.2429298171875 0.5733892515625 0.24315221718750002 0.57343248125 0.24381635 0.5735615765625 0.24459808125000002 0.5724878859375 0.2449091625 0.571477109375 0.244971053125 0.5705691109375 0.244783159375 0.569766959375
0 0.24682874687499998 0.5746055484375 0.24647134375 0.5740776546874999 0.245562075 0.573440896875 0.24508148593749998 0.5747259296875 0.2449094609375 0.5756109281249999 0.2450127265625 0.5768566453124999 0.24545194062500003 0.57755325 0.2461975859375 0.5778525875 0.24650461406250002 0.5774522531249999 0.246926128125 0.57646294375 0.2470452625 0.5752604578125 0.24682874687499998 0.5746055484375
0 0.23412156875 0.41487590937499996 0.2348746796875 0.4139494640625 0.235415328125 0.41175766718749995 0.2359071359375 0.408637940625 0.23502213749999998 0.4084659140625 0.2336366296875 0.41263756718750005 0.23412156875 0.41487590937499996
0 0.21584482968750002 0.4805355203125 0.2175659859375 0.4799516421875 0.21746395624999998 0.4787077578125 0.2163938796875 0.4771213046875 0.215308234375 0.477981521875 0.21521366875 0.47964720625 0.21584482968750002 0.4805355203125
0 0.716832478125 0.73349479375 0.71677845 0.734779971875 0.717568571875 0.7357103281249999 0.719954103125 0.7364334828125 0.7215498124999999 0.7362247484375 0.722445328125 0.7356220484375 0.7229653640625 0.7349447687499999 0.7228821015625 0.7333750421875 0.7223747625 0.7319807453125 0.721827625 0.7298003484375 0.721743128125 0.7282287890625 0.7222713640625 0.7265184703124999 0.72180565625 0.7259090375 0.7205301640624999 0.7274756953125 0.719301734375 0.7287920484375 0.7178807515625001 0.731107196875 0.716832478125 0.73349479375
0 0.7525344031250001 0.75779570625 0.7550113984375 0.7590555484375 0.756267228125 0.7605953375000001 0.758514234375 0.7610321109375 0.7602071359375 0.7603233609375 0.7627381609375 0.760298025 0.7637640015625 0.7610147453125 0.7658737171875 0.7611669703125 0.7677950734375 0.7612809890625 0.77023616875 0.7607192640625 0.770984659375 0.7608647562499999 0.7713245375 0.7591162328125 0.7719414687499999 0.757940471875 0.7724627390625 0.7572650249999999 0.7738767578125 0.7559847468750001 0.7747294078125 0.7545953515625 0.7752093453125 0.75313350625 0.775500628125 0.7516349921875001 0.7751804109375 0.7502770671875 0.7747715000000001 0.7483845859375 0.7751113796875 0.7466360625 0.7751253109375 0.74456631875 0.7756523125 0.74285416875 0.7708520156249999 0.7385529531249999 0.768687971875 0.739687440625 0.767841053125 0.7400401328124999 0.766288509375 0.7410340296875 0.764741396875 0.74099275625 0.7635685296875 0.741024228125 0.76144611875 0.7429435796875 0.760739259375 0.7435829515625 0.7593792703125 0.74357805 0.7578336921875 0.743537075 0.7570767015625 0.7444261562500001 0.756834015625 0.7456746640625 0.7559744 0.74809893125 0.755184278125 0.7471685765625 0.7539631140624999 0.7474485234375 0.7536302015625 0.748162175 0.75347774375 0.7499455375 0.7522562796875001 0.7502270171875 0.751687946875 0.7511527703125 0.750779734375 0.753827046875 0.750668609375 0.7563968062499999 0.7525344031250001 0.75779570625
0 0.714385503125 0.756081940625 0.7135956796875 0.7551500515625 0.7122496218750001 0.7530754078124999 0.7110713234375 0.75414205 0.709891490625 0.75520839375 0.7086356609375 0.7536686046875001 0.706651775 0.7558743375 0.7039059296875 0.7530086921875 0.7032461328124999 0.7533977578125 0.7013317406249999 0.7522488671875001 0.7002020390625 0.7530655015625001 0.6986409953125 0.7550939703124999 0.696996690625 0.7555527140625 0.698717765625 0.7646975640625 0.6999878265625 0.7641660765625 0.700888775 0.7625282046875 0.7017845890625 0.7619239703125 0.7027202031249999 0.7621058359374999 0.7038514375 0.7612895 0.7043854046875 0.7585424765625 0.70615400625 0.7604413937500001 0.7091908359375 0.76181005625 0.7101279828125 0.76199221875 0.711487971875 0.7619971203125 0.7122434296875 0.761107740625 0.7134633578125 0.7608259609375 0.7144144375 0.75893838125 0.7148928421875 0.7574762390625 0.714385503125 0.756081940625
0 0.650094953125 0.690202778125 0.648589471875 0.6909463687499999 0.6466055875000001 0.6931521 0.6452675671875 0.6970385109375 0.6442482296875001 0.702282546875 0.64589601875 0.7064898859375 0.6481792234375 0.70874669375 0.6520216390625 0.7089762656249999 0.6559685125 0.7076694171875 0.65815191875 0.703430015625 0.6584158 0.699075359375 0.6578324624999999 0.6950749296875001 0.6572877484374999 0.6941922765624999 0.65650335625 0.6922252171875 0.65388210625 0.691715696875 0.6510791640625 0.690134634375 0.650094953125 0.690202778125
0 0.62963526875 0.7144713296874999 0.6297598625 0.7168274546875 0.6305026234375 0.71800965 0.631909675 0.7177642453125 0.6328537890625 0.7169115359375 0.633755034375 0.71527213125 0.6345660546875 0.713097871875 0.632194453125 0.7103049734375 0.6321458578125 0.7105549812499999 0.62963526875 0.7144713296874999
0 0.6152091328125 0.7266980203125 0.6160062203125001 0.7265935031249999 0.617135921875 0.7257768703125 0.6171987484375 0.723455584375 0.6162701 0.7222388468750001 0.614633059375 0.721661184375 0.61251035 0.7235820687500001 0.6135720906250001 0.72612035625 0.614133459375 0.7262294765624999 0.6152091328125 0.7266980203125
0 0.6191267609375 0.7085416421875 0.61800945625 0.707288234375 0.6166008703125 0.7075333421875001 0.6154642031249999 0.7093848484375 0.616518978125 0.7129580078125 0.617080346875 0.7130671265624999 0.6184473015624999 0.7120371546875 0.61911979375 0.7095765140625 0.6191267609375 0.7085416421875
0 0.6108534953125 0.747099571875 0.6118462046875 0.7459968546875 0.6126572234375 0.74382259375 0.6104657796875 0.742100940625 0.6099804093750001 0.7445979546875 0.608980734375 0.7467355437500001 0.6108534953125 0.747099571875
0 0.744256271875 0.7706985390625001 0.743570309375 0.7682332953125 0.742037428125 0.7661207437499999 0.7386731171875 0.7644305625000001 0.7375291859375 0.7673184734375 0.738596359375 0.7688215921875 0.7386865874999999 0.769356446875 0.73853383125 0.77114134375 0.7398312921875 0.7734659953125 0.74165545625 0.77408003125 0.74334109375 0.7744076875 0.7437709015625 0.773195553125 0.744256271875 0.7706985390625001
0 0.7449295390625 0.7752353578125 0.7453399828125 0.7771281375 0.746122840625 0.7790948984375 0.7478501093750001 0.7802074171875 0.7492100984375 0.7802123171875001 0.7497853984375 0.7782516937499999 0.7502221718750001 0.7760046875 0.749993715625 0.7751819171875 0.74798213125 0.7745330421875 0.746636371875 0.7724568640625 0.7449295390625 0.7752353578125
0 0.7531083875 0.7931501 0.7535798265625 0.7927228296875 0.754198290625 0.7915473671875 0.7525806140625 0.787864790625 0.7519497515625 0.7911102953125 0.7509585750000001 0.7922133109375 0.7514713468750001 0.7925724375 0.7523113 0.7932546171875 0.7531083875 0.7931501
0 0.693547490625 0.6556321921875 0.6930957140625 0.6529530140625 0.6920698734374999 0.6522362937499999 0.6908487078125 0.652516240625 0.6897244375 0.6522977046875 0.6879431406250001 0.6524703640625 0.6867702734375001 0.6525018359375 0.685876290625 0.6531048359375 0.6847380890625 0.65495604375 0.6833654046875 0.65702271875 0.6842454546875001 0.6584894625 0.6842384890625001 0.659524334375 0.6841774953125 0.6618443843749999 0.684967615625 0.662774740625 0.6860432890625 0.663243284375 0.6863133765625 0.66485091875 0.686826146875 0.6652100453124999 0.6879504171875 0.66542858125 0.68931040625 0.6654334828125 0.690564703125 0.6669729734375001 0.6911762015625 0.6668323828125 0.69300733125 0.666411546875 0.693949909375 0.6655585390625001 0.69433141875 0.6645948796875001 0.6955236499999999 0.66145849375 0.694080696875 0.6598823312500001 0.6945120390625 0.6586704953125 0.6946146640624999 0.657135309375 0.6944761374999999 0.656848928125 0.693547490625 0.6556321921875
0 0.6492184765625 0.659712853125 0.6505298703125 0.6599677609375 0.6516541390625 0.660186296875 0.6521808421874999 0.65847568125 0.6527491765625 0.657549928125 0.6535532296875 0.6564105390625 0.654920184375 0.65538056875 0.6506885203125 0.6501520671875001 0.6493716953125 0.650932328125 0.6473392125 0.65338806875 0.6471864578125001 0.6551729640625 0.6476922625 0.6565669640625 0.648206865625 0.6569248546875001 0.6481440390625 0.659246140625 0.6492184765625 0.659712853125
0 0.6518723890625 0.6130669125 0.652392425 0.612389634375 0.6523091625 0.6108199078125 0.6534820296875 0.6107884343750001 0.6551731000000001 0.6100809203125 0.6555561421875 0.6091175578125 0.65472285625 0.607402040625 0.6529958859375 0.6062879890625 0.650845775 0.6053527328125 0.6489660484375 0.6060235765625 0.6475797296875 0.6101584609375 0.6472884484375 0.6116569765625 0.6485497109375 0.6121615953124999 0.6493896640625 0.612843775 0.6508881796875 0.61313505625 0.6518723890625 0.6130669125
0 0.6720147734374999 0.6084297515625 0.67244458125 0.6072176171875 0.6717999515625 0.6055387703124999 0.669738534375 0.605138071875 0.668788990625 0.6070259499999999 0.6690590765625 0.6086335843749999 0.66979516875 0.61084911875 0.6711065609375 0.611104028125 0.6719519468749999 0.6107510375 0.672610509375 0.6103601390625 0.673506025 0.6097574390625 0.6732359390625 0.6081498046875 0.6720147734374999 0.6084297515625
0 0.6205101375 0.655428196875 0.6187453546875 0.6532721609375 0.6182325828125 0.6529130328125 0.6171982421875 0.6532308875 0.616810065625 0.655227884375 0.6153185156250001 0.6539017312500001 0.6141402171875 0.6549683734375 0.6131405421875 0.6571059625 0.6130363828125 0.65864085 0.6134537921875001 0.6594987578125 0.6144723703125 0.661251884375 0.614882515625 0.663146196875 0.6161313796875 0.6657208578125 0.6181426671875 0.6663712671875001 0.6189397546875 0.6662667515625 0.6209166734375 0.665095890625 0.6223735578125 0.664602309375 0.6227134375000001 0.6628537859375 0.6232474031249999 0.6601067625 0.6234900890625 0.65885825625 0.6232200031249999 0.657250621875 0.6205101375 0.655428196875
0 0.6199233421875 0.6382124296875 0.6183348984375 0.6373847578125 0.6165520671875 0.63755711875 0.6155195578125 0.6378737375 0.61462374375 0.638477971875 0.6133343203125 0.6421143734375 0.6153942031249999 0.642514775 0.6161372609375 0.6436954359375 0.617954459375 0.6453443437499999 0.6189456359375 0.6442413296875 0.6197496890624999 0.643101940625 0.620276690625 0.641389790625 0.620054903125 0.6395336828125 0.6199233421875 0.6382124296875
0 0.5963723734374999 0.5913944515625 0.598591978125 0.588975084375 0.59851598125 0.5863689515625 0.5976343953125001 0.5849019078125 0.5979809421875 0.582120046875 0.5965796203125 0.5813287484375 0.59544991875 0.5821453828125 0.5940899296875 0.58214048125 0.59550548125 0.580860503125 0.594062528125 0.579284340625 0.5921897671874999 0.5789203125 0.5912526203125 0.5787381500000001 0.5892340703125 0.579124146875 0.58749286875 0.580081371875 0.5871046921875 0.5820783703125 0.5882633296875001 0.584118175 0.58744534375 0.58732730625 0.5875213421875001 0.5899334406250001 0.5883473640625 0.5926853624999999 0.5935497703125 0.5929198359375001 0.5963723734374999 0.5913944515625
0 0.5918088796875 0.6078701515625 0.5911089859375 0.6074746515625 0.58999168125 0.6062212437500001 0.5891532625 0.6055393625 0.5884032375 0.605393571875 0.5876061499999999 0.6054980890625 0.58685069375 0.60638746875 0.5867535 0.606887484375 0.5860034749999999 0.6067416953125 0.5843540359375 0.6082340734375 0.585602603125 0.61081026875 0.5846445578125 0.6137327203125 0.5846375921875 0.6147675921875 0.585054703125 0.615627034375 0.5876415875000001 0.614315284375 0.5889529812500001 0.61457019375 0.58988859375 0.6147520578125001 0.589020940625 0.611215271875 0.5902910015625 0.6106837828125 0.5910808249999999 0.611615671875 0.592198128125 0.6128690796875 0.593183871875 0.612801234375 0.594840575 0.61027245 0.592926184375 0.609123559375 0.5918088796875 0.6078701515625
0 0.599080278125 0.6214620078124999 0.5985799046875 0.6190328390625 0.5976566890624999 0.61678093125 0.596811303125 0.617133921875 0.5954443484375 0.61816389375 0.5939817328125 0.6196941796875 0.5945361359375 0.6208381703125 0.5949517140625 0.6216973140625 0.5957919656249999 0.622377959375 0.5963463671875 0.62352195 0.5975189359375 0.6234920109375001 0.599080278125 0.6214620078124999
0 0.6156782078124999 0.6280580421875 0.614491409375 0.6301592578124999 0.614200128125 0.6316577734375 0.61484599375 0.6333384515625 0.615830203125 0.6332703078125 0.6162545796875001 0.6330933437499999 0.6171485624999999 0.6324903453124999 0.6174814750000001 0.63177669375 0.6176339328125 0.62999333125 0.61749540625 0.62970695 0.6156782078124999 0.6280580421875
0 0.609810275 0.6292493375 0.609706115625 0.6307842265625 0.6095606250000001 0.6315327171875 0.6102119218750001 0.632178225 0.611197665625 0.6321103796875 0.6123759640625 0.6310437375 0.612994428125 0.629868275 0.6128127375 0.62879673125 0.611551475 0.6282921124999999 0.6101428890625 0.6285372203125 0.609810275 0.6292493375
0 0.5708635140625 0.6206426281249999 0.57012771875 0.6184255609375 0.5674509046875 0.619200921875 0.56627260625 0.6202675640625 0.5655985796875 0.62272790625 0.56535589375 0.6239764140624999 0.5675971703125 0.625449890625 0.5683942578125001 0.625345375 0.5694285984375 0.625027521875 0.5702326515625 0.6238881328125 0.570662459375 0.6226759984375 0.5708635140625 0.6206426281249999
0 0.55761781875 0.6457945296875 0.5585118015625 0.6451915296874999 0.5585603984375 0.644941521875 0.559691634375 0.6441251859375 0.560218634375 0.6424130359375 0.560322496875 0.64087968125 0.5589211749999999 0.6400883828125 0.55540440625 0.6401815640625 0.5539888546875 0.64146154375 0.5538360984375 0.643246440625 0.5545791578125 0.6444271015624999 0.5552304546875 0.645072609375 0.5557450578124999 0.6454305015624999 0.5568191984374999 0.645898746875 0.55761781875 0.6457945296875
0 0.5587069609374999 0.6511889578125001 0.55950375 0.6510859765625 0.560169278125 0.64966020625 0.5601349109375 0.6478389375 0.558123625 0.6471885281249999 0.5569453265625001 0.6482551703125 0.5570282890625 0.64982643125 0.558332715625 0.6511162125000001 0.5587069609374999 0.6511889578125001
0 0.5631392187500001 0.66137971875 0.5610651046874999 0.6630505953125 0.5610997703125 0.6648703312500001 0.5616484421875 0.667051025 0.56258405625 0.667232890625 0.5652696671874999 0.665421421875 0.56552475 0.6621028734375 0.5631392187500001 0.66137971875
0 0.5801545828125 0.5768403640625 0.58136878125 0.5775952890625 0.5832415421875 0.5779593171874999 0.5848372515625 0.5777505828125 0.5858284265625 0.5766475671875 0.5874796984375 0.575153953125 0.5896920390625 0.573770990625 0.593306 0.57317779375 0.5949916375 0.5735054484375001 0.5972528734375 0.5718709453125 0.5995554421875 0.5710228390625 0.602239221875 0.56921260625 0.6017874453125 0.5665334296875 0.6028843140625 0.5638958234375 0.603833859375 0.5620079453125 0.60393801875 0.56047305625 0.6021277859375 0.5577892765625 0.6016080484375 0.558465021875 0.5998321828125001 0.5576025109375 0.5972163640625 0.556057821875 0.5953022703124999 0.554907396875 0.5919865578125 0.5529672062500001 0.5874023187499999 0.5515588046875 0.58561281875 0.5527645031249999 0.5833226484375 0.55154256875 0.5817145421875 0.5538213437499999 0.5801049015624999 0.556099821875 0.5790581640625 0.5584877171875 0.5790026015625 0.5597725984374999 0.57871131875 0.5612711125 0.5780457921875 0.5626968828125001 0.577325 0.5654059984375001 0.5764777828125001 0.565760225 0.5752095546875 0.5662904765625 0.574258178125 0.5681795921874999 0.5741555515625001 0.569714778125 0.5746613578125 0.5711087765625 0.57536155 0.57150274375 0.5764372234375 0.5719712875 0.5779913 0.5709776890625 0.5792109328125 0.5706974453125 0.57990539375 0.5721281140625 0.578157228125 0.5741202109375 0.5792259359374999 0.575623628125 0.5801545828125 0.5768403640625
0 0.60889589375 0.54796265 0.6108102859375 0.5491115421874999 0.610588796875 0.5472539000000001 0.610082990625 0.5458599000000001 0.609055615625 0.54514288125 0.6079799421875001 0.5446743374999999 0.6076196296874999 0.5425318484375 0.6036314218750001 0.5430523 0.6023492625 0.5456522968749999 0.6030904890625 0.54683419375 0.6038751796875 0.54879971875 0.604997915625 0.5490179578125 0.60715469375 0.548919875 0.6075304734375 0.54899291875 0.60889589375 0.54796265
0 0.51548535 0.49352643125 0.5164765250000001 0.49242341562499997 0.517142053125 0.490997646875 0.517253178125 0.4884278859375 0.51726014375 0.4873930140625 0.5171285828125 0.48607176250000006 0.51826555 0.48421872187500004 0.5193551546874999 0.48261752187500007 0.521907671875 0.479484503125 0.521497228125 0.4775917234375 0.52183710625 0.4758432 0.52280088125 0.47188404375 0.519610225 0.46530435 0.5180287453125 0.4634418078125 0.5148931890624999 0.46257286249999996 0.510454740625 0.46041443437499996 0.5090735546875 0.463515684375 0.50729255625 0.46368680937500006 0.505794040625 0.46339552812499996 0.5037754890625 0.46378152500000003 0.5038866140625 0.4612117640625 0.5026168531249999 0.46174171875000003 0.4998914421875 0.46276708749999995 0.4968249171875 0.46553914843750005 0.49388422343749994 0.47066916406250003 0.4932336984375 0.4770211171875 0.49434946875 0.4782742265625 0.494315875 0.48345041875000005 0.4937193796875 0.4885171921875 0.49608525 0.4923467953125 0.49920687499999994 0.4952854828125 0.503285309375 0.4952998875 0.5097489765625001 0.4960389796875 0.513917340625 0.4965897734375 0.5142155875000001 0.49405638593749995 0.51548535 0.49352643125
0 0.48514538749999997 0.4736343203125 0.48624768906250004 0.46996154375000004 0.4845273859375 0.4678141546875 0.48391742187500003 0.46795504374999997 0.48336331718750003 0.46680951875 0.48208629218750004 0.4683758796875 0.48137943125 0.4690152515625 0.48056114843750003 0.47222591718749996 0.48119851406249997 0.47494116875000003 0.48019340625 0.478113928125 0.4789525796875 0.481500321875 0.4790841390625 0.482821575 0.479728471875 0.4845019546875 0.481358546875 0.4861144890625 0.48477841875000005 0.48651979062499995 0.48704632343750004 0.4838519484375 0.49042456406249996 0.4834723875 0.4907370421875 0.47886772187500004 0.489529809375 0.477077925 0.48878674999999994 0.4758972640625 0.488752084375 0.47407752812500004 0.4859853421875 0.4743164984375 0.48495100156250004 0.4746343515625 0.48514538749999997 0.4736343203125
0 0.5020539 0.5394017609375 0.50138265 0.5385231640625 0.5011530343749999 0.537542584375 0.501021678125 0.5367689312499999 0.5009622171875 0.5356336015625 0.5006012453124999 0.5338793703125 0.49862788125 0.535367678125 0.49484094843750004 0.5346315734375 0.49496016875000004 0.5369007 0.49526138125 0.5375211359375001 0.49230524999999997 0.5390046484375 0.49425532812500006 0.5412555968749999 0.494585034375 0.5424418656250001 0.49423957500000004 0.5434984859374999 0.4947758515625 0.5443508484375 0.4956873203125 0.544714253125 0.4965299609375 0.5454399328124999 0.49682963906250005 0.5460600703125 0.49702045625 0.547969053125 0.497421759375 0.548795178125 0.49915490625 0.5478220625 0.500651753125 0.5466151875 0.5002519828125 0.545789359375 0.5003659953125 0.5437533953125 0.5004117765625 0.5420766375 0.50082185 0.5414082265625 0.5013684296875 0.5407663515625 0.50201356875 0.5403298671875 0.5020539 0.5394017609375
0 0.45743248750000004 0.49311053125 0.458219284375 0.49195346406249996 0.45838943906249996 0.49179871249999996 0.459472296875 0.4920091984375 0.46127005624999995 0.49142429375 0.4621217640625 0.490653903125 0.46304353593750003 0.4895230703125 0.462877296875 0.48892887187499995 0.46152964374999994 0.48791879375 0.4602768734375 0.48280931718750003 0.4587244828125 0.48213191093749996 0.4578885265625 0.48065941093750003 0.45714176406249996 0.48088990625 0.45565398437500004 0.48060071249999997 0.45596971406250003 0.47897642500000004 0.45483224843750003 0.47688502499999996 0.45449615468750004 0.4764440421875 0.452628034375 0.4773909234375 0.451264628125 0.47862373593749996 0.45061433749999996 0.47980733750000004 0.449997396875 0.4808111890625 0.44911080625000005 0.48176103281250005 0.4491963796875 0.48421144531250004 0.44925767343749995 0.4853455390625 0.4503635765625 0.4868705109375 0.4511361546875 0.48795663125 0.45099057968749995 0.489426165625 0.4512905546875 0.49004476874999997 0.451656678125 0.4910518828125 0.45157754843750003 0.4929083921875 0.45258365781250004 0.49422614062500003 0.45326005937499997 0.49435762031249997 0.45455310625 0.4934867828125 0.454647746875 0.494441125 0.45586557812499995 0.494677846875 0.45651586875000005 0.4934942453125 0.45743248750000004 0.49311053125
0 0.4415873890625 0.48797243124999995 0.44096712812499994 0.4897221640625 0.4420742671875 0.4912489671875 0.4427894671875 0.49045204218749994 0.44267931406249994 0.48668684687499997 0.4415873890625 0.48797243124999995
0 0.5215446421875 0.5257846484375001 0.5197763156249999 0.5269387515624999 0.5187702062499999 0.5256210046875001 0.5173473390625001 0.5257184875 0.51730700625 0.5266465921875 0.5174680921875 0.5279879109375 0.5172579046875 0.529069234375 0.5169460921875 0.5299445703125001 0.5163658640625 0.53076773125 0.5164256234375 0.5319015281249999 0.5167268359375 0.5325219640625 0.5165812609375 0.5339914984374999 0.5176277015624999 0.5343811406250001 0.5183741671875 0.534152178125 0.51911548125 0.534670334375 0.5193763609375 0.5362188765625 0.5219260359375 0.5346563578125 0.52298278125 0.5335517609375 0.5230231125 0.5326236546875001 0.5229985328125 0.5313088718750001 0.5233088125 0.5304332375 0.52311284375 0.5292713734375 0.5228480484375 0.5284717828125001 0.5223872843749999 0.5265103265625 0.5215446421875 0.5257846484375001
0 0.5298640531250001 0.5017619515625 0.5286513734375 0.5007781109375 0.5279659031249999 0.5021427015625 0.527580409375 0.5041258953125001 0.5278452046875 0.5049254859375 0.5287876390624999 0.5058583875 0.5301091796875 0.505553384375 0.5313724953125 0.50411488125 0.5317528375 0.50287880625 0.5315322890624999 0.5004021578125 0.5302705078125001 0.5018409593750001 0.5298640531250001 0.5017619515625
0 0.5468721890625 0.5153618125 0.5482950578125 0.5152643296874999 0.548905015625 0.515008834375 0.5501983578125 0.5141364625 0.550233240625 0.513957009375 0.5502735734375 0.513028903125 0.550177396875 0.5120742625 0.55015281875 0.510759478125 0.549376621875 0.5104207749999999 0.5494815671875 0.5098808796875 0.5491855078125 0.5085133265625 0.5482391578125 0.5083293734375001 0.54788884375 0.5101315796875 0.5470774671874999 0.5099738640625 0.546365884375 0.5100233734375 0.54575439375 0.510278571875 0.5458803 0.5118008765625001 0.54431730625 0.5126192421875 0.5443067046875 0.5141150125 0.5458296640625 0.5142232203125 0.5468721890625 0.5153618125
0 0.5419589296875 0.459757396875 0.541378703125 0.46058055781249996 0.5421497468750001 0.46166637968749996 0.5429259421875 0.46200508281249997 0.5434728203125 0.4613616734375 0.543912625 0.461260928125 0.5445644484375001 0.4600776234375 0.544739753125 0.459175753125 0.5448798796875 0.458454871875 0.54428260625 0.45646688125 0.5434063203124999 0.4559224875 0.5430013984375 0.4558437796875 0.5419746828124999 0.45751450625 0.5417993765625 0.4584163765625 0.54189401875 0.45937071874999996 0.5419589296875 0.459757396875
0 0.5624396765624999 0.4908761078125 0.562945925 0.49116233906250006 0.5639975171875 0.49080486093750003 0.5647142515625 0.490008234375 0.565464334375 0.48903185625 0.56631604375 0.48826146562500006 0.566731565625 0.486844403125 0.566836809375 0.4863029734375 0.56667180625 0.48571060624999995 0.565399665625 0.4835914359375 0.564513075 0.48454127968750005 0.5632161140624999 0.48616106718749996 0.561914 0.48852797499999995 0.5614320328125 0.4895580609375 0.56159856875 0.49015072656249997 0.5624396765624999 0.4908761078125
0 0.5310248203125 0.474851515625 0.531254734375 0.47583056093750004 0.531860775 0.47632401562500004 0.5329436328125 0.4765345015625 0.5339654953124999 0.47560935937500004 0.534615784375 0.47442575781249996 0.5345211437499999 0.473471415625 0.533949984375 0.47279850625000003 0.5334434375 0.472513809375 0.5332384015625 0.472848015625 0.53232723125 0.472483075 0.53180155625 0.4701349421875 0.530853671875 0.46995069218749996 0.5299877453125 0.472964271875 0.5302225109375 0.47319773125 0.5307936703125 0.47387063906250004 0.5310248203125 0.474851515625
0 0.534622965625 0.5141045765625 0.5346193484375 0.51485199375 0.5358653765625 0.5156560828125001 0.53656298125 0.5127960203125 0.5346038375 0.512041140625 0.534622965625 0.5141045765625
0 0.4787027828125 0.502111021875 0.47792628906249995 0.501773853125 0.4771097609375 0.50236325625 0.47672426718749994 0.50434645 0.476855325 0.5051216375 0.47759663906250005 0.50563979375 0.4787182953125 0.504921875 0.47912866562499995 0.50425193125 0.4794052984375 0.5035575828125001 0.479785640625 0.5023215078125001 0.4787027828125 0.502111021875
0 0.5336248015625 0.399371778125 0.5324524546875 0.39745983125 0.5303686953125 0.40023668749999997 0.5307999718749999 0.396576734375 0.5291720671875 0.39700842187499996 0.5273776265625 0.3968474453125 0.52628055 0.398880146875 0.5246474953125 0.400058953125 0.5238971140625 0.40103686562499996 0.522999921875 0.40348248125 0.5212264421875 0.40538370312499994 0.520164546875 0.4072354171875 0.520185209375 0.4092991515625 0.5214382203125 0.4093548875 0.5225896078125001 0.409204634375 0.5227858750000001 0.4103649640625 0.5235917999999999 0.41127133281250006 0.5246291750000001 0.41315704374999995 0.5246240234374999 0.4139041625 0.5257366109375 0.4146823125 0.5274994890625 0.41427686250000006 0.5287157859375 0.4145132859375 0.530133503125 0.41516292187500003 0.5315824828125 0.416380521875 0.5327987796875 0.4166169453125 0.5330041140625 0.41628120625 0.5339361890625 0.4136561375 0.53514886875 0.41463997812500003 0.535690296875 0.41474522187499996 0.5370118374999999 0.4144402171875 0.5377634546875 0.4134641375 0.5379035796875 0.4127432546875 0.5379439125000001 0.4118151484375 0.5385241390625 0.4109919875 0.5388711328125 0.40993566406250004 0.538850171875 0.4078734625 0.540423525 0.41061307031250005 0.541575209375 0.4104612828125 0.5424618 0.4095114390625 0.545011475 0.40794891875 0.54600360625 0.4064561125 0.5478523 0.4034473296875 0.550737075 0.3972702171875 0.5509915109375 0.39451183749999996 0.55049165 0.39348031875 0.549589546875 0.3916193109375 0.5483820203125 0.3898883515625 0.545851715625 0.38846056406249996 0.54660878125 0.38673583125 0.546312721875 0.3853682765625 0.5462881421875 0.38405349218749996 0.546502246875 0.38222321875 0.546242603125 0.3806765078125 0.5447287109375 0.37907223125 0.542661003125 0.37960466406250004 0.54071221875 0.38240775625 0.540051328125 0.38508713125 0.53919961875 0.385857521875 0.5379026578125 0.387477309375 0.537711896875 0.3906205359375 0.5384441437499999 0.3926347609375 0.5373819484375 0.394488009375 0.5369002796875 0.3955165625 0.53627456875 0.3980149484375 0.5368108453125 0.3988673109375 0.5365251453125001 0.40105772812499996 0.5356085265625 0.40144144062500003 0.534942725 0.399814190625 0.5336248015625 0.399371778125
0 0.47142630781249995 0.369127765625 0.4728285125 0.3669665484375 0.47218699218750004 0.366655615625 0.470429265625 0.3663139484375 0.4696075859375 0.3676504703125 0.46905709062499995 0.369041296875 0.4692518234375 0.3702013296875 0.47046965468749996 0.3704380515625 0.47142630781249995 0.369127765625
0 0.427765575 0.3542771828125 0.42716438593749995 0.35303814375 0.42669847031249997 0.3518238078125 0.42581158124999996 0.3527751859375 0.425226203125 0.35434546562499997 0.424735465625 0.35687008750000004 0.4247600453125 0.358184871875 0.4246460328125 0.3602208359375 0.425451959375 0.361127203125 0.4269891375 0.3589922234375 0.42775135468750003 0.35652037187499996 0.427765575 0.3542771828125
0 0.3708853015625 0.3024546015625 0.3700232328125 0.2996670203125 0.369457225 0.29824699374999997 0.3685199421875 0.29656697187500003 0.36726693125 0.29651123749999997 0.3663415421875 0.2983894859375 0.3650937390625 0.30263884218750003 0.36493939375 0.3056029125 0.36572594999999997 0.3094995875 0.36765898125 0.308939384375 0.3683705640625 0.3088898765625 0.36943246093750004 0.3070381609375 0.3708853015625 0.3024546015625
0 0.468372803125 0.31578857656250003 0.47072265 0.3188653515625 0.47275695312500005 0.31346046250000004 0.47083298906250004 0.3125245953125 0.468372803125 0.31578857656250003
0 0.4657598796875 0.24113560937499998 0.4684199484375 0.2382845421875 0.4691806328125 0.2358123921875 0.46760728125 0.2330727859375 0.46612465312499995 0.232036471875 0.4646930171875 0.233628490625 0.4637554921875 0.23700221250000003 0.4632960203125 0.24009479687500002 0.4657598796875 0.24113560937499998
0 0.44629144531250003 0.2206953109375 0.445080596875 0.219710234375 0.445501271875 0.21754605312500003 0.44361218906250005 0.2164307328125 0.44188419375 0.2166567296875 0.44152843124999996 0.21920758906249999 0.43820226093750003 0.2204329390625 0.43970946718750004 0.2227840359375 0.44132860156250003 0.22384688437500003 0.4427550875 0.22300198437500002 0.44451434843750004 0.22334394999999999 0.44629144531250003 0.2206953109375
0 0.43120634999999996 0.182765371875 0.43154274218750005 0.18320482031250002 0.43430290312500003 0.1805594421875 0.4335005953125 0.1789056578125 0.4329397390625 0.1767385125 0.4303445234375 0.1749240484375 0.42906178125 0.17430064843749998 0.426713525 0.1762763796875 0.42712880625 0.179913059375 0.42935244843750003 0.18146906406250002 0.43120634999999996 0.182765371875
0 0.5021654640625 0.20404440156249998 0.5008791031250001 0.20416841875 0.4996106375 0.206354040625 0.4994508421875 0.21006676249999998 0.5010387125 0.2105616484375 0.5030081609375 0.20982228906249997 0.5032938609375 0.207631871875 0.502901625 0.20530967812499998 0.5021654640625 0.20404440156249998
0 0.48906636406250004 0.2035563203125 0.48989325156249997 0.2065248890625 0.49321942031250005 0.2052995390625 0.4944812015625 0.20386073906250002 0.49399070624999997 0.20133161875 0.492227828125 0.20173707031250002 0.48911184687500003 0.201881096875 0.48906636406250004 0.2035563203125
0 0.408791040625 0.1984324265625 0.40764327187499994 0.1978352625 0.40722259687499995 0.19999944375 0.40700695937500003 0.2018294203125 0.4075432375 0.2026817828125 0.40886631093750003 0.2023770765625 0.40894514375 0.20052209843750002 0.408791040625 0.1984324265625
0 0.4088813953125 0.2203476234375 0.40996425312499996 0.22055810937500003 0.4110965109375 0.2183444203125 0.4108705125 0.216616425 0.4099590453125 0.21625302031250002 0.40909703437499995 0.2185176484375 0.4088813953125 0.2203476234375
0 0.4912082375 0.23803440625 0.492440046875 0.24108168437500002 0.4928449671875 0.2411603921875 0.4941082828125 0.239721890625 0.49493932812499997 0.236887765625 0.493972015625 0.2346416125 0.49215453125 0.23316615000000002 0.49024999375 0.23429218437500002 0.490847265625 0.236280175 0.4912082375 0.23803440625
0 0.3972876015625 0.16662654062499999 0.39936075781249997 0.16534545625 0.39923093593750003 0.1645721015625 0.399374978125 0.1631022671875 0.3983339859375 0.1619639734375 0.39778740625000003 0.16260585 0.3972876015625 0.16662654062499999
0 0.43720771562499994 0.10495272343749999 0.4383048484375 0.10797223125 0.43974708749999997 0.1048844421875 0.43916165156250003 0.10140251250000001 0.4399135671875 0.1004248984375 0.4361706390625 0.103065478125 0.43720771562499994 0.10495272343749999
0 0.5102755359375 0.10455777656250001 0.508010028125 0.10392958125 0.5061525078125 0.103380690625 0.5041827624999999 0.10412158281249999 0.502901553125 0.10349847968749999 0.501187778125 0.101481290625 0.49915341875 0.10183397031250001 0.4975955765625 0.10190521718750001 0.4947161953125 0.1022814671875 0.4933036875 0.10593692187499999 0.4947108015625 0.1080823296875 0.494996559375 0.110944121875 0.4964139765625 0.111595290625 0.4999712953125 0.11135081718749999 0.5006319453125 0.1137251875 0.5028610375 0.11453253906250001 0.5051863046875 0.11629453125 0.509194028125 0.11445354062499999 0.51072575625 0.1130672125 0.5122347375 0.110364865625 0.513440675 0.10704331874999999 0.5143727499999999 0.1044182484375 0.5136368859375 0.10315143906249999 0.511777534375 0.10260378437499999 0.5102755359375 0.10455777656250001
0 0.5026341734375 0.0925908078125 0.5017033343749999 0.0952177078125 0.5039882703125 0.09790780624999999 0.5053852671875 0.0914415 0.5039675515625001 0.0907918640625 0.5035262140625 0.0908923109375 0.5026341734375 0.0925908078125
0 0.5112259875 0.0938868265625 0.5102587328125 0.0966928828125 0.5123176703125 0.09765498593750001 0.5126840359375 0.09360835625 0.5112259875 0.0938868265625
0 0.5342653265624999 0 0.5343188484375 0.0018044640625 0.5358663859374999 0.00322745625 0.5374994421875 0.00204865 0.5374451328125 0.00016620156250000002 0.5373987875 0 0.5342653265624999 0
0 0.5299679937499999 0.0451264796875 0.530239475 0.04517925 0.53055490625 0.0435564984375 0.529337075 0.043319775 0.5288253765625 0.043782196875 0.52797366875 0.044552587500000004 0.5273534078125001 0.046302321875 0.5278490546875 0.0480843234375 0.5292722203125 0.0479853078125 0.5309753390624999 0.046446059375 0.5299679937499999 0.0451264796875
0 0.45913435937499997 0.04052945 0.458147975 0.0412720703125 0.456745771875 0.0434332875 0.45791811875 0.045345234375 0.4589048 0.04460108125 0.45979139062499996 0.0436512359375 0.46031215625 0.0416927453125 0.45913435937499997 0.04052945
0 0.46047410937500005 0.0632477984375 0.46152570156249995 0.062890321875 0.46299920468750005 0.06037049531250001 0.46270344375 0.0590014078125 0.461550225 0.059152896875000006 0.45980285781249997 0.0623692015625 0.46047410937500005 0.0632477984375
0 0.45012456875 0.0616101125 0.450830703125 0.06230925625 0.45260418125 0.060408034374999996 0.45194199843750005 0.0580333671875 0.4506905203125 0.0579779296875 0.4496986875 0.059469203125 0.45012456875 0.0616101125
0 0.4578736859375 0.057128243749999995 0.457167553125 0.056429099999999996 0.45659639375000005 0.0557561921875 0.455779865625 0.056345595312499996 0.45455296718750005 0.057604942187499994 0.4550489125 0.059385409374999996 0.4562315625 0.059803118749999995 0.45732348749999996 0.0585175359375 0.4578736859375 0.057128243749999995
0 0.48278404999999996 0.10950619531250001 0.4839809203125 0.10768071718750001 0.4845960296875 0.10667810312499999 0.484131646875 0.1054640640625 0.48297872656249996 0.10561401875000001 0.48147157656250006 0.10831513125 0.48278404999999996 0.10950619531250001
0 0.4832770015625 0.137301559375 0.48201883749999996 0.13799294374999999 0.48221510468749995 0.1391532734375 0.4826497578125 0.139799646875 0.4839376515625 0.13967592812500002 0.48448814687499997 0.138285103125 0.48466345312500003 0.1373832328125 0.4832770015625 0.137301559375
0 0.42177726406250005 0.409634440625 0.4218527765625 0.40852534687500003 0.42122185781250004 0.40671864375 0.419793540625 0.40756477812499997 0.41903830624999994 0.40928827500000003 0.4187577578125 0.41073157499999996 0.41969895625 0.41166264531249996 0.42098684999999997 0.41153892656249996 0.42177726406250005 0.409634440625
0 0.4289786953125 0.43686031718749996 0.430876546875 0.43648110156250003 0.43142312812499994 0.43583922656249996 0.43166849531249996 0.434576915625 0.4306714546875 0.43176309843749994 0.42948365156249996 0.43209250624999995 0.429103309375 0.43332858124999996 0.42895773437500007 0.43479811718750006 0.4289786953125 0.43686031718749996
0 0.3728632953125 0.4338142171875 0.3728827234375 0.43587611875 0.3737851234375 0.43773559375 0.374966240625 0.43815300625000003 0.376629325 0.43754032968749995 0.37673972031249997 0.4362517828125 0.37658531875 0.43416364375 0.375742678125 0.43343796562500003 0.374936453125 0.43253313125000004 0.3728632953125 0.4338142171875
0 0.382261390625 0.4410672796875 0.3790701953125 0.442318865625 0.3791842078125 0.44028290156249994 0.3793998453125 0.438452925 0.37784715625 0.43777705312500004 0.37668516875 0.4394230765625 0.3742614 0.44250790156250003 0.373339628125 0.443638734375 0.37114056562500003 0.4433975140625 0.36881658906250003 0.4466895625 0.3694369078125 0.44999203750000005 0.37295389375 0.4506756703125 0.3761151171875 0.4539101625 0.37954107812500004 0.45289203593750005 0.383042553125 0.45076481562500004 0.3805137828125 0.44933732656250003 0.3795115890625 0.44727062812499996 0.379315321875 0.446110296875 0.381900178125 0.444366790625 0.38255561875 0.44243606875 0.382261390625 0.4410672796875
0 0.40964364687500004 0.45761961093750003 0.4089217609375 0.45916335625000004 0.409322765625 0.459991015625 0.41002919687499995 0.46068862499999996 0.4109106359375 0.4604859 0.411290978125 0.459249825 0.410554815625 0.45798455000000005 0.40964364687500004 0.45761961093750003
0 0.38778638125 0.44513689218749997 0.388252596875 0.4463496953125 0.3889235484375 0.4472298265625 0.390571121875 0.44380629843749997 0.388442121875 0.44320463749999994 0.38778638125 0.44513689218749997
0 0.3665758453125 0.43727019843750004 0.366721121875 0.435802196875 0.365748659375 0.4343031625 0.36398578125 0.43470861406249994 0.363029128125 0.4360189 0.3632900078125 0.4375674421875 0.3641662953125 0.438111834375 0.36568895625 0.43822157656250005 0.3665758453125 0.43727019843750004
0 0.40991089843750006 0.4836854453125 0.41019635781249997 0.4865487703125 0.41073263437499996 0.48740113125000006 0.41288645625 0.484263834375 0.413471834375 0.4826935546875 0.41212933281249997 0.4809363578125 0.41150748125 0.47763358437500003 0.40970942343749994 0.4782200234375 0.40894358750000004 0.48143929218750003 0.40991089843750006 0.4836854453125
0 0.40812884687500006 0.5275083765625 0.40861596718750004 0.5257311703124999 0.41005305312500007 0.5233905 0.41222783593749995 0.522315403125 0.413995865625 0.5211628328125 0.41542779999999996 0.51956928125 0.4160535109375 0.5170708953125 0.41631463281250003 0.51356569375 0.416309425 0.509260603125 0.41545280625 0.5057243703125 0.41427892499999996 0.5038121249999999 0.4126421953125 0.5006861390624999 0.4117100640625 0.4982589984375 0.41042732187500003 0.4976355984375 0.40902903281249997 0.499047865625 0.4084785359375 0.5004386921874999 0.40738661093750006 0.501724275 0.40561858281249996 0.5028768453125 0.4042955078125 0.5031815515625 0.4026585359375 0.5051093078125 0.4017664953125 0.5068078046875 0.4013406703125 0.5097191046875 0.4019715890625 0.5115258093749999 0.40247268593749996 0.5125591578125 0.40348548125 0.5131300859375 0.403510059375 0.51444486875 0.40462264843750007 0.5152230203125 0.40471213749999996 0.51692448125 0.40510283906250005 0.519246378125 0.40580535468749995 0.5206929390624999 0.405209375 0.523758990625 0.40518847031250005 0.5267489999999999 0.40633078906250003 0.528094815625 0.40812884687500006 0.5275083765625
0 0.32696418125000004 0.5442954796875 0.32881654843749997 0.5455914890625 0.3290880296875 0.545644259375 0.3302497203125 0.54399976875 0.329988840625 0.542451228125 0.3303394515625 0.5406474875 0.32916195312499996 0.5394826593750001 0.3274988671875 0.540095334375 0.326603209375 0.5425412484375001 0.32696418125000004 0.5442954796875
0 0.33620831406249996 0.584833834375 0.33571236875 0.5830533671875 0.33585794375 0.58158383125 0.33494494218750004 0.581220128125 0.3338338890625 0.580442275 0.3332172453125 0.5814445921875 0.3329315453125 0.583635009375 0.33309263125 0.5849763265625 0.33304685 0.5866530859375 0.33453101093750004 0.587689696875 0.3353460046875 0.5870999968749999 0.3360627390625 0.58630336875 0.33620831406249996 0.584833834375
0 0.39202244531249997 0.582207290625 0.392027596875 0.581460171875 0.39220805468750003 0.5798111828125 0.39157198437499996 0.5787515984375 0.3904891265625 0.5785411109374999 0.3899844109375 0.5782551796875001 0.38896255 0.5791803203125 0.38895194843750003 0.5806760921875 0.3896231984375 0.581554690625 0.3900245015625 0.582380815625 0.3909007890625 0.582925209375 0.39178222812499996 0.5827224828124999 0.39202244531249997 0.582207290625
0 0.39960146406249997 0.5829323828125 0.39955230625000004 0.580302815625 0.398334475 0.5800660921875 0.3978227765625 0.5805285140625001 0.397342640625 0.5815573656249999 0.3968012125 0.5814521234375001 0.39645575312500003 0.58250874375 0.3963769203125 0.5843637203125 0.39738788281250004 0.584935884375 0.39840459375 0.5847578609374999 0.39891599375000003 0.5842969734375 0.39960146406249997 0.5829323828125
0 0.42890768437500004 0.6004205812500001 0.4298892140625 0.6004235453125 0.43020102812500005 0.599548209375 0.42986978750000004 0.5983616421875 0.430285309375 0.5969445796875 0.43083580625 0.595553753125 0.42854695468750004 0.59361260625 0.427490209375 0.5947172015625 0.42659816875 0.5964156984375 0.4264528921875 0.5978837 0.42654906718749996 0.598838340625 0.427115075 0.6002583671874999 0.42800166562499997 0.599308521875 0.4280316953125 0.599874653125 0.42890768437500004 0.6004205812500001
0 0.38852974218749997 0.6290658375 0.3895864875 0.6279612421875 0.3904066328125 0.626624421875 0.3902525296875 0.62453475 0.3899161375 0.6240953015625 0.388118078125 0.624681740625 0.3875014359375 0.6256840578125 0.38718570625000004 0.62730834375 0.38785333906249997 0.6289343578125 0.38852974218749997 0.6290658375
0 0.390227765625 0.6333259171875001 0.388834628125 0.633991065625 0.387882828125 0.6345557656249999 0.38586398125 0.6377193 0.3859201234375 0.6396005125 0.3872271453125 0.6415402296875 0.39137505156249996 0.6440305671875 0.39206720625 0.64191915625 0.3934081171875 0.6386238453125 0.3933292296875 0.6354266125 0.39266189375 0.6337990640625 0.39148954687500004 0.6318871171875 0.390227765625 0.6333259171875001
0 0.41945134843750004 0.6172965984375 0.41982262343750004 0.61755659375 0.42123518750000005 0.6189533484374999 0.42188156093750007 0.618518696875 0.4224023265625 0.6165602046875 0.4221711765625 0.615579328125 0.4212648609375 0.6144688046875 0.419901753125 0.6157000828125 0.419326678125 0.615776125 0.41945134843750004 0.6172965984375
0 0.4223525 0.634144075 0.4243258640625 0.6326557671875 0.42443110781250004 0.6321143375 0.4242312234375 0.6317014249999999 0.42355997187499994 0.6308228265625 0.423088903125 0.6303556078125 0.42238247187500005 0.6296579984374999 0.42180071249999995 0.6304808609375 0.4207755296875 0.6321518859374999 0.4223525 0.634144075
0 0.49077374531249995 0.6012163640625 0.490679103125 0.600262021875 0.49055473125000004 0.598740015625 0.4892719890625 0.598116615625 0.4884293484375 0.5973909359375 0.48722182031249994 0.5956599765624999 0.48488778281249995 0.5953925203125 0.4834261171875 0.59641840625 0.48266359999999997 0.5988917921875 0.48224322500000005 0.6010544390625 0.48209765000000004 0.602523975 0.481918725 0.6041732609375 0.48208342968749995 0.6047671625000001 0.4829597171875 0.60531155625 0.48312595625 0.6059057546875 0.4833555703125 0.6068863343750001 0.48290001406250005 0.60922996875 0.4833607796875 0.6111914234375 0.48495895312500004 0.610192071875 0.48651164218750004 0.61086794375 0.48700758750000006 0.6126484125 0.488691334375 0.614099471875 0.492207028125 0.6097290625 0.49065949062499997 0.608306071875 0.4907104234375 0.6058821937500001 0.4907841046875 0.6047743359375 0.49117504843750004 0.6020424906249999 0.49077374531249995 0.6012163640625
0 0.4420522390625 0.5911839765625 0.44089540156249996 0.5920828828125 0.44170162656249995 0.5929877171875 0.44144719062500004 0.5957460984375 0.44235865781249994 0.596109503125 0.443401184375 0.5972480953125 0.44492414374999995 0.597356303125 0.44699185 0.5968238703125001 0.448083775 0.5955382874999999 0.44918085156250004 0.5935055859375 0.44888994374999996 0.5913909125 0.448564153125 0.58945569375 0.44819956406249994 0.588448878125 0.44725683125 0.587517509375 0.44548880156250004 0.5886700796875 0.44370104687499995 0.5877622812500001 0.443114134375 0.5893322624999999 0.44266372968749995 0.5909287796875 0.4420522390625 0.5911839765625
0 0.44576279375 0.572815440625 0.44671582968749995 0.572252571875 0.44751169375 0.5695994343749999 0.44806189218750003 0.5682101421875 0.44702089999999994 0.567071846875 0.44500076093749996 0.5651813406249999 0.44370895 0.566054009375 0.44265220625 0.5671586046875 0.4420965578125 0.56929655 0.44219149843750005 0.570249359375 0.4429325140625 0.57076905 0.4434038796875 0.571234734375 0.444516765625 0.5720113515625 0.44576279375 0.572815440625
0 0.440504515625 0.5998669375000001 0.4399297375 0.5999414468750001 0.43935312812499994 0.6000171921875 0.43887269531250006 0.6010475765625001 0.4390025171875 0.60182093125 0.439167221875 0.6024148328125001 0.4392673125 0.602620521875 0.4395336421875 0.6034204125 0.43952819375 0.6041690640625 0.4396595484375 0.6049427171875 0.44019944375 0.6050476625 0.440945909375 0.6048187 0.441287453125 0.6045110296875 0.4421743421875 0.6035596515625 0.4423144671875 0.6028387687500001 0.442353265625 0.601910365625 0.44222344375 0.601137009375 0.44209391875000004 0.600362121875 0.441081125 0.59979119375 0.440504515625 0.5998669375000001
0 0.4525739046875 0.6280406421875 0.45309075468750004 0.6268311015625 0.4536060703125 0.6256212624999999 0.4526687890625 0.623941240625 0.452169225 0.622908190625 0.45060985000000003 0.6229791390625 0.4495879875 0.6239042796875001 0.4487714609375 0.6244936828125 0.4481211703125 0.6256772859375 0.4473046421875 0.6262666890624999 0.44709415625000004 0.627349546875 0.446578840625 0.6285593859375 0.44687336718750004 0.6299266421875 0.44757949999999996 0.6306257859375 0.4489077265625 0.6295739609375001 0.44951951562500003 0.629317228125 0.44988410468750006 0.6303240437500001 0.4496438875 0.6308392359375 0.4494337 0.6319205593749999 0.4498644359375 0.633315884375 0.45104738437499997 0.6337320609375 0.45190424531250006 0.6322145515625001 0.45285574687499996 0.631651384375 0.45333102812500004 0.6313681171875001 0.45242471249999994 0.63025759375 0.4523285375 0.6293029531250001 0.4525739046875 0.6280406421875
0 0.456225865625 0.6287505109375 0.45591043437499995 0.6303732625 0.4559717265625 0.6315073578125 0.45582615156250006 0.6329768921875 0.45670759062500005 0.6327741671875 0.4569775390625 0.6328266390625 0.457858978125 0.6326239140625 0.4594626 0.630875909375 0.4583812765625 0.6306657203125 0.45780981875000004 0.629994346875 0.4584901375 0.629376875 0.45866544375 0.6284750046875 0.45836546718750004 0.6278564015625 0.457689065625 0.627724921875 0.457112753125 0.6277991328125 0.456225865625 0.6287505109375
0 0.46006256875 0.6068505359375 0.4608442140625 0.6064405875000001 0.46221123750000004 0.6044603578125 0.46043255 0.602056490625 0.45974192968749994 0.6041681984375 0.459636984375 0.60470809375 0.4587152125 0.605838925 0.459184746875 0.6063058453125 0.46006256875 0.6068505359375
0 0.4500129484375 0.60077924375 0.4495379640625 0.6010609765625 0.449932284375 0.60263545625 0.45060506875 0.603514353125 0.45145524375 0.6027436640625 0.4518319671875 0.60225500625 0.4525484046875 0.6014599125 0.4525171390625 0.6008919500000001 0.45140608593750003 0.600114096875 0.45052464687500005 0.600316821875 0.4500129484375 0.60077924375
0 0.45408081562499997 0.676619134375 0.453660140625 0.6787833156249999 0.4540211125 0.6805375484375 0.45611007968750006 0.6820657828125001 0.45710191250000004 0.680574509375 0.4580727859375 0.6770210359375 0.4567008515625 0.6746946406250001 0.456294396875 0.674615634375 0.45480116718749997 0.675075090625 0.45408081562499997 0.676619134375
0 0.42504945312500003 0.663490034375 0.42435883125 0.6656017421875 0.4265879234375 0.66640909375 0.42709962187499995 0.665946671875 0.427590359375 0.66342205 0.4275994265625 0.66192598125 0.42554564062500005 0.660216759375 0.42452377812500003 0.6611419015625 0.42478495625 0.662688909375 0.42504945312500003 0.663490034375
0 0.4671112578125 0.6926261171875 0.46742153750000004 0.6917504828125 0.4683833421875 0.689693078125 0.46855864843750006 0.6887912078125 0.46805755156249995 0.687757859375 0.46677480937500004 0.687134459375 0.46599861249999996 0.68679575625 0.4651223265625 0.6862513625 0.4637085265625 0.6848527765625 0.463263271875 0.6857021734375001 0.462101284375 0.6873481984375001 0.46168967812500006 0.6880163109375 0.4607782109375 0.6876529046875001 0.4603629859375 0.6890684328125001 0.4601473484375 0.690898409375 0.46034331718750005 0.6920602734375 0.460198040625 0.693528275 0.45958109843750006 0.6945321250000001 0.45974218593750005 0.69587344375 0.45969154999999995 0.6982957875 0.46056392187500006 0.69958913125 0.46195190625000004 0.6996711015625 0.463374775 0.6995736203125 0.46382002812499995 0.6987242218749999 0.46483644062499996 0.6985477328125 0.46567908124999996 0.6992734109375001 0.4662593078125 0.6984502499999999 0.46674489374999995 0.696672746875 0.46688501875000005 0.6959518640625 0.467230478125 0.6948952421875 0.46821869375 0.6941513859375 0.46873401093749995 0.692941546875 0.4671112578125 0.6926261171875
0 0.45823141562499997 0.6530961109375 0.45631260312500005 0.651413125 0.455786984375 0.6541172015625001 0.45625289999999996 0.6553315375000001 0.45658414062499997 0.6565181046874999 0.45757597499999997 0.65502683125 0.45805095937500007 0.6547450984375 0.45823141562499997 0.6530961109375
0 0.477171053125 0.7123613328125 0.47694505468750004 0.7106333375 0.47607392031250007 0.709341825 0.474551259375 0.709232084375 0.4730634796875 0.7089428890625 0.4712638875 0.7095290296875 0.470602996875 0.712208403125 0.47167010156250005 0.7146617796875 0.47331896718750005 0.7162922921875 0.47412519062499997 0.7171971265625 0.47591418125 0.7181067578125 0.47626479374999997 0.7163030171875 0.4770552078125 0.7143985328125 0.477171053125 0.7123613328125
0 0.4665109921875 0.716653021875 0.4643765421875 0.7168000125 0.46388580468749996 0.7193246359375001 0.46372085937499996 0.7237844765625 0.4634351578125 0.7259748953125 0.46440762031249994 0.727473928125 0.46535942031250005 0.726909228125 0.466933015625 0.724595090625 0.4677531609375 0.723258271875 0.46852082812500007 0.7200377671875 0.46815470625 0.7190306546875 0.4665109921875 0.716653021875
0 0.469486790625 0.71217766875 0.469626915625 0.7114567859375 0.4695413421875 0.709006375 0.4681885375 0.708743415625 0.467783615625 0.7086647078125 0.4674627359375 0.7110361125 0.4675224953125 0.712169909375 0.4686053515625 0.7123803953125 0.469486790625 0.71217766875
0 0.47930526249999994 0.717268084375 0.47816264531249997 0.7159238015625 0.47750720312499995 0.7178545234375 0.4773318984375 0.71875639375 0.47644530781250005 0.7197062375 0.475963340625 0.7207363250000001 0.47653449999999997 0.7214092328125 0.47778751093749994 0.7214649671875 0.47897922968750006 0.7203866078125001 0.47986611874999996 0.7194352296875001 0.479701115625 0.7188428625000001 0.47930526249999994 0.717268084375
0 0.369862953125 0.653323159375 0.3654257296875 0.6537706562500001 0.3618138609375 0.6571864234375 0.361654065625 0.6608991468750001 0.365120175 0.669058865625 0.3675558375 0.6695323109375 0.37203339375 0.6681567078125 0.3746482203125 0.6619271234374999 0.3745677984375 0.6587295921874999 0.37284004375 0.653901846875 0.369862953125 0.653323159375
0 0.3562182671875 0.6585325281250001 0.3571945890625 0.6542304031249999 0.35633252187500003 0.651442821875 0.35475555000000003 0.64945063125 0.3529574921875 0.6500370703125 0.3523302484375 0.6525351578125 0.351629025 0.6561426390625 0.3547253375 0.658990453125 0.3562182671875 0.6585325281250001
0 0.31940732031249996 0.613945734375 0.31964753749999997 0.613430540625 0.32080407499999997 0.61253316875 0.3193268984375 0.610748203125 0.3183790140625 0.610563953125 0.3176325484375 0.610792915625 0.317683240625 0.6134227812499999 0.31787920937499997 0.6145846453125 0.31940732031249996 0.613945734375
0 0.3094379375 0.6211779234375 0.3092132328125 0.6245039703125 0.30995969687499997 0.6242750078125 0.3113513 0.6236095625 0.3119382125 0.6220395796875 0.312288825 0.620235840625 0.3110815953125 0.6185033468750001 0.3100949125 0.6192475015625 0.3100843109375 0.620743271875 0.3094379375 0.6211779234375
0 0.4086960546875 0.6434674109375 0.4096478546875 0.6429027109375001 0.40952710000000003 0.6406332859375 0.40847550625 0.6409907625 0.40732258593750004 0.64114071875 0.40798476875 0.6435153859375 0.4086960546875 0.6434674109375
0 0.368702034375 0.0021757328125 0.3678503265625 0.0029461234375 0.3668882234375 0.0050050625 0.367082659375 0.006166628125 0.367599565625 0.010009296875 0.3683915140625 0.008105109374999999 0.3700336375 0.005430234375000001 0.368702034375 0.0021757328125
0 0.3521967828125 0.035088903125 0.3539208625 0.035611856250000004 0.3553424375 0.0304603328125 0.353824928125 0.029603471875 0.3521967828125 0.035088903125
0 0.33078074375 0.18064875 0.32992541875 0.18216655625 0.329979728125 0.18404900625 0.331051984375 0.18575526250000002 0.332930465625 0.18836635468750001 0.33507907812500004 0.18092396718749998 0.33202830625 0.1814531375 0.33078074375 0.18064875
0 0.3407107734375 0.20466281875 0.3387635234375 0.20746620937500002 0.34037567343749997 0.2092774125 0.34162347656250003 0.20502805624999998 0.3407107734375 0.20466281875
0 0.6029918249999999 0.11471837031250001 0.6022065624999999 0.11587573749999999 0.601168946875 0.11904376875 0.60227123125 0.1213161578125 0.6049910609375 0.11959888593750001 0.6052819125 0.11666135 0.6049209421875 0.11490711875 0.6029918249999999 0.11471837031250001
0 0.5950984265625 0.12572381562499998 0.595043875 0.12889510937499998 0.5966614765625 0.12995765937499998 0.598333571875 0.12279670625000001 0.5966756390625 0.12266226250000001 0.5950723140624999 0.1244087328125 0.5950984265625 0.12572381562499998
0 0.6236870453125001 0.12379490312500001 0.62308070625 0.1233029828125 0.6234015875 0.120931578125 0.621607146875 0.12077059999999999 0.6199037296875 0.12231138125 0.618396821875 0.11995875 0.614434340625 0.1251782578125 0.6133176515625001 0.13525500937499998 0.6197194703125 0.1348137390625 0.622074709375 0.132089653125 0.6239182515625 0.12982798906249998 0.625018946875 0.1270478703125 0.6248296625 0.1251391859375 0.6236870453125001 0.12379490312500001
0 0.634700228125 0.1017920640625 0.6324866484375 0.103795565625 0.6336887265625 0.10627517812500001 0.6360388140625 0.1042982109375 0.6356481125 0.1019763140625 0.634700228125 0.1017920640625
0 0.556244734375 0.11330545781250001 0.5552932328125 0.11386862499999999 0.55551893125 0.11559815468750001 0.5558395703125 0.1182804921875 0.556379465625 0.1183854375 0.5575675671875 0.11805449531250001 0.5588838984375 0.1134444 0.556244734375 0.11330545781250001
0 0.6410157359374999 0.1965967609375 0.642513875 0.20044392812499998 0.644255790625 0.1979762765625 0.6457787500000001 0.1980844828125 0.647783378125 0.1971641375 0.6464745234375 0.19522565625 0.6468915796875 0.1938088921875 0.64571408125 0.1926440625 0.6475470203125 0.1918781703125 0.6484164703124999 0.1879293296875 0.6463187328125 0.18789563125 0.647259875 0.18377449375 0.6466887156250001 0.183101584375 0.643091065625 0.1842741640625 0.64481168125 0.1907845875 0.64365484375 0.19168349375 0.6435392984375 0.193719159375 0.6410157359374999 0.1965967609375
0 0.6754656109375 0.21433507187499998 0.6775997625 0.214189615625 0.678330715625 0.2111498 0.6759912296875 0.211630996875 0.6754656109375 0.21433507187499998
0 0.685449878125 0.13842039374999998 0.6858654 0.13700333125 0.6860755890625 0.1359220078125 0.686126521875 0.13349813125 0.6851837890625 0.1325667625 0.68353130625 0.131683665625 0.6845125390625 0.1316881640625 0.6834648624999999 0.131296690625 0.6825391749999999 0.1331764734375 0.6827897515625 0.1362192515625 0.6823639265625 0.1391305515625 0.6825250125 0.1404718703125 0.6840777015625 0.14114774218749998 0.685449878125 0.13842039374999998
0 0.6922375749999999 0.21254301406249998 0.6923867671874999 0.2103260625 0.6908446796875001 0.20815441875000001 0.6875536906249999 0.20919878125000002 0.6866810203125 0.207906971875 0.6858293125 0.20867736250000002 0.6845220484375 0.2117913875 0.6859658765625001 0.21375610625000002 0.6866668578125 0.21520236874999998 0.6877481828125 0.21541255625 0.6898122718749999 0.21562754062499997 0.6915156875 0.214086759375 0.6922375749999999 0.21254301406249998
0 0.7258542453125 0.20784767343750002 0.726271003125 0.20643244218749998 0.7265867328125 0.20480815625 0.7259891625 0.20282170000000002 0.72494301875 0.20243052499999997 0.7231801421874999 0.2028359765625 0.7227630859375 0.204252740625 0.7212716890624999 0.2047109625 0.7199783453124999 0.20558333437499998 0.71982761875 0.2077999875 0.72133120625 0.2108985015625 0.722988840625 0.21103447812499998 0.72520395625 0.209031275 0.7258542453125 0.20784767343750002
0 0.694307128125 0.308768334375 0.694196734375 0.31005688125 0.6943914671875 0.31121691406249996 0.694927446875 0.312070809375 0.6965259171875 0.3110699234375 0.6968113203125 0.3088810390625 0.6959702140624999 0.308155659375 0.694307128125 0.308768334375
0 0.6376161406249999 0.244409353125 0.6363246296875 0.2452804875 0.6367556624999999 0.24667427812499998 0.637531859375 0.24701298125 0.638448478125 0.24662926875000002 0.6386938468750001 0.2453669578125 0.63852884375 0.244774590625 0.6376161406249999 0.244409353125
0 0.6808044546875001 0.27208193125 0.6807837921875 0.27001819843749997 0.6802423625 0.2699129546875 0.6789560031249999 0.27003697187500003 0.6783742421875 0.270859834375 0.67823381875 0.27158225156250004 0.677317496875 0.2719644296875 0.676301084375 0.2721409203125 0.67578031875 0.2740994109375 0.6770281796875001 0.27490226406249996 0.6779096171875 0.2746995390625 0.6793412546875001 0.2731075203125 0.6808044546875001 0.27208193125
0 0.712301946875 0.321624040625 0.711219090625 0.32141355312500003 0.71029731875 0.3225443859375 0.71005195 0.323806696875 0.7096367265625 0.325222225 0.71098408125 0.3262338375 0.7118412390625 0.32471479375 0.712301946875 0.321624040625
0 0.7209977125 0.3173245890625 0.7218791515625 0.3171218640625 0.722529440625 0.3159382609375 0.7224399499999999 0.3142368 0.7188984421875 0.3172905921875 0.7194344203124999 0.3181444890625 0.7209977125 0.3173245890625
0 0.576296615625 0.41047417656249996 0.5774483 0.4103223890625 0.5795175421875001 0.40979025468749997 0.5796579656249999 0.40906783906250005 0.5805042234375 0.40904610156250004 0.583309925 0.40977770781249995 0.5848365015625 0.4091384984375 0.5859945734374999 0.40824142500000005 0.5865450703125 0.40685059843750004 0.586765859375 0.40427350312500004 0.5855187125 0.4012232453125 0.5848561140624999 0.4010944484375 0.584761175 0.40014164062499996 0.5853429359375 0.39931877656250003 0.5854517968749999 0.39802993125 0.5846106890625 0.3973045515625 0.583599428125 0.396733921875 0.5822466234375 0.39647096249999997 0.5796371890625001 0.39689968593749997 0.5783144124999999 0.397202859375 0.5775624984375 0.39818047343749996 0.5768773265625 0.3995435296875 0.575689225 0.39987447187499997 0.57271366875 0.3992960828125 0.5724189 0.40298256875 0.5714710171874999 0.40279831875000005 0.5704701156249999 0.4057856609375 0.5718475 0.4073634046875 0.5721435593749999 0.40873095781249996 0.573846734375 0.4122439203125 0.5749683906249999 0.4115260015625 0.576296615625 0.41047417656249996
0 0.6072657921875 0.44250786093750005 0.6064246859375 0.4417824796875 0.605543246875 0.44198520625000004 0.604621475 0.4431160375 0.6046809359374999 0.4442513671875 0.6052120624999999 0.4458508484375 0.606464775 0.4459081171875 0.6072657921875 0.44250786093750005
0 0.6687381 0.3984974859375 0.6690847953125 0.3974426953125 0.6686537609375 0.3960489046875 0.66730095625 0.395785946875 0.6661092375 0.39686430625 0.6660340234375 0.39797186562500003 0.666975221875 0.3989029359375 0.6684278203125 0.39937311875 0.6687381 0.3984974859375
0 0.608950503125 0.37751808593749997 0.608109396875 0.37679270468750004 0.60735748125 0.3777703203125 0.60721190625 0.3792398546875 0.607642940625 0.3806336453125 0.60934120625 0.3798399828125 0.6093166265625001 0.3785251984375 0.608950503125 0.37751808593749997
0 0.6384278 0.420117478125 0.6380280296875 0.41929165 0.6374517187500001 0.41936586093750006 0.6360883125 0.4205986734375 0.6360495140625 0.421527078125 0.636650703125 0.4227661171875 0.6379719453125 0.422462646875 0.6384278 0.420117478125
0 0.6482981265625 0.44804996093750005 0.648338459375 0.4471218546875 0.64780218125 0.4462694921875 0.646209159375 0.4465217265625 0.6457936375 0.44793878906250006 0.645853396875 0.449072584375 0.6464894671875 0.45013217031249997 0.64754259375 0.4497749921875 0.6482981265625 0.44804996093750005
0 0.60955165 0.4704639046875 0.61178589375 0.4705241375 0.613338825 0.4661462671875 0.6131389406250001 0.46573335312499997 0.6124328078125 0.4650342078125 0.6113199218750001 0.46425759062500005 0.6097620796875 0.4643288375 0.608425084375 0.46687519843749997 0.60776419375 0.469554571875 0.60955165 0.4704639046875
0 0.5806322734375 0.4610987625 0.58148398125 0.46032837187500003 0.5828768203125 0.45966475781250005 0.58389353125 0.459486734375 0.5840633875 0.45933351718750004 0.5830260125 0.45744780625 0.5826265421875 0.45662044531249996 0.5819201109375001 0.45592283437500003 0.579750778125 0.45624927968750006 0.5788796984375 0.4600099765625 0.5806322734375 0.4610987625
0 0.595306996875 0.4996986453125 0.5969613109374999 0.5005805062500001 0.5974465984374999 0.49880453593749996 0.5979321843750001 0.49702703281250005 0.5975766625000001 0.4945241484375 0.5964692265625 0.492998878125 0.5952513953125 0.49276215624999997 0.5941892 0.4946154046875 0.5945553234375 0.49562251718750006 0.593504028125 0.49597846093750003 0.593258659375 0.49724077187500004 0.5949463234375 0.4979428796875 0.5948059 0.49866529687499994 0.595306996875 0.4996986453125
0 0.5746040578125 0.5022244312499999 0.5754402546875 0.49864318750000003 0.5733810187499999 0.49768261875 0.5725750921875 0.4967762515625 0.570009365625 0.50058319375 0.5694188359375 0.5029005921875 0.5700145734375 0.504888284375 0.57183359375 0.506364046875 0.5735264078125 0.5063190359374999 0.575224375 0.5055269078125 0.57350698125 0.504257134375 0.5746040578125 0.5022244312499999
0 0.5595269234375 0.44763842968749995 0.5596476218750001 0.4448556453125 0.5578182984375 0.44487412187500003 0.5559098453125 0.4467491078125 0.5559010765625 0.44824364375 0.55703824375 0.45033657812500005 0.5595269234375 0.44763842968749995
0 0.5577959906250001 0.4789315328125 0.5571089875 0.48029582499999995 0.5592680156250001 0.48146361718749997 0.5600353859375 0.478244646875 0.5588175546875 0.478007925 0.5583762171875 0.478108371875 0.5577959906250001 0.4789315328125
0 0.5636687125 0.5173167203125 0.565016365625 0.518326796875 0.5662393484375 0.5178164015625 0.56563686875 0.5115233203125 0.564645034375 0.51301459375 0.5641348703125 0.5134773140625 0.562938 0.5153027921875 0.5628624875 0.5164118859375 0.5636687125 0.5173167203125
0 0.5228139546875 0.5462449453125 0.523229478125 0.5448278828124999 0.5235061109375 0.544133534375 0.5213158171875001 0.542397778125 0.51922690625 0.545921753125 0.52012385625 0.54852988125 0.5211421015625 0.54835215625 0.52246879375 0.5473000328125 0.5228139546875 0.5462449453125
0 0.6202554703125001 0.5737938125000001 0.6194386453125 0.57438475 0.6183521703125 0.57492168125 0.617624834375 0.5772140796875 0.6183327984375 0.5779119875000001 0.6194192734375 0.57737505625 0.6203656234375 0.577559009375 0.6221093718749999 0.575090121875 0.6219428359375 0.57449745625 0.6216082765625 0.574056771875 0.621136909375 0.5735910875 0.6202554703125001 0.5737938125000001
0 0.52803435 0.5983531046875 0.5321018328125 0.5976459109375 0.532897696875 0.5949927734375 0.533598621875 0.591386828125 0.531248775 0.5883100515625 0.5292650515624999 0.5862403890625 0.5267050171875 0.5842449375000001 0.5244371265625001 0.5843659890625 0.5220873359375 0.586341421875 0.52082010625 0.588528875 0.5195373640625001 0.5879054765625 0.5218471765625 0.5919088234375 0.52180139375 0.5935855828125 0.52290883125 0.595110853125 0.52512885625 0.5974142734375001 0.52803435 0.5983531046875
0 0.5511586046875 0.6137021125000001 0.5516335875 0.6134203796875 0.5523205921875001 0.6120560875 0.553142271875 0.610719565625 0.5535926765625 0.60912305 0.5537085203125 0.60708585 0.5490386140625 0.606552171875 0.5487686671875001 0.6064997 0.5485090796875001 0.6100051984375 0.5511586046875 0.6137021125000001
0 0.524989709375 0.6284533109375 0.5260671171875 0.6294124484375 0.526908521875 0.6301362953125 0.5285169984375 0.62764270625 0.5300047765625 0.6279319 0.5307566921875 0.6269542859375 0.5298840234375 0.6256624765625001 0.5286661921875 0.6254257546875001 0.5281314484374999 0.624573690625 0.5279354796875 0.6234118265624999 0.5263127265625 0.6230963953125 0.5256311734375 0.623712034375 0.5249808828125 0.6248956375 0.52510525625 0.62641764375 0.524989709375 0.6284533109375
0 0.51583833125 0.6300441859375 0.5171301421875001 0.6291715171875001 0.5177119015625 0.6283486546875 0.5171107140625 0.6271096140625 0.51647464375 0.6260500296875 0.515386634375 0.6265866625000001 0.5148009578125 0.628158475 0.5152319921874999 0.629552265625 0.51583833125 0.6300441859375
0 0.5101015624999999 0.622003390625 0.5099068296875 0.6208433578125 0.5088991859374999 0.6195253109375 0.50793738125 0.621582715625 0.5084345625 0.623365015625 0.5092459375 0.62352273125 0.5101015624999999 0.622003390625
0 0.513958078125 0.6787124015625 0.5132010109375 0.680437134375 0.5131516109375001 0.6828613109375 0.512760965625 0.6855916234375 0.51318655 0.6877340656250001 0.5142939875 0.6892593359375 0.51411868125 0.69016120625 0.5143485953125 0.69114025 0.5146846890625 0.6915812328125 0.5156364890625 0.6910165312500001 0.5170241765625 0.6911000375 0.5179004640625 0.6916444296875001 0.5189833203124999 0.691854915625 0.5199997328125 0.6916784265625 0.5209215046875 0.6905475953125 0.52150718125 0.68897578125 0.52311050625 0.6872293093749999 0.5249434468749999 0.6864634171875 0.5236819078125 0.682848475 0.52225383125 0.6786408671874999 0.5213866109375 0.6766004046874999 0.5199443171875 0.6746359843749999 0.5177046234375 0.6753244046875 0.5162817546875 0.6754218875 0.5144488140625 0.6761877796875 0.513958078125 0.6787124015625
0 0.507412090625 0.6957816671875 0.508258646875 0.6957583953124999 0.5092101484375 0.695195228125 0.509620221875 0.6945268171875 0.5101021890624999 0.69349673125 0.51010580625 0.6927493140625 0.509029634375 0.6917920078125 0.508793334375 0.69155825 0.5079819578125 0.691400534375 0.507440528125 0.6912952906250001 0.5062136296874999 0.6925546375 0.5063098046875 0.693509278125 0.5068758124999999 0.6949293046875 0.507412090625 0.6957816671875
0 0.560100803125 0.7150071234375 0.5606476812500001 0.7143637140625 0.561434478125 0.7132066453125 0.561402915625 0.712640215625 0.56211965 0.7118435890625 0.5631117828125001 0.7103507828125 0.56386855 0.7086275828125 0.5640790375 0.707544725 0.5631065734375 0.7060456921875 0.5619991375 0.7045204218750001 0.561498040625 0.7034870718749999 0.5617782921875001 0.7020453078125 0.56158385625 0.7008837421874999 0.560811278125 0.6997976218749999 0.5591584968750001 0.698916059375 0.558247328125 0.6985511203125 0.555496234375 0.699700428125 0.5543096671875001 0.70003166875 0.553296871875 0.699460740625 0.5514639328125 0.7002266328125 0.549961934375 0.7021806265625 0.5495815921875 0.7034167015625 0.5495060796875 0.7045257953124999 0.5495955703125001 0.7062272562499999 0.5495164390625 0.7080837671875 0.549740903125 0.7098114640625 0.549732134375 0.711306 0.5498916859375 0.7126470203124999 0.550252359375 0.7144027859375 0.5510249375 0.7154889046874999 0.5523413265625 0.71593101875 0.55369413125 0.716193978125 0.5554533921875 0.7165359437500001 0.556534715625 0.7167461312500001 0.557621190625 0.7162092015625 0.5581677703125 0.7155673250000001 0.55925454375 0.7150288609375 0.560100803125 0.7150071234375
0 0.5641488578125 0.7122380265625 0.5633181109375001 0.71507061875 0.56374399375 0.717211528125 0.566002815625 0.7185865437500001 0.568312275 0.7175392171875 0.5691678984374999 0.7160198765625 0.57067658125 0.7133190625 0.5707869765625 0.7120305140625 0.5688681640625 0.7103475296874999 0.565105809375 0.7109262078125 0.5641488578125 0.7122380265625
0 0.5523683046875 0.7374598375 0.5533498359375 0.7374628015625 0.554156003125 0.7333154265624999 0.5550726234375001 0.7329317140625 0.556740859375 0.7315719203125 0.55668655 0.7296894703125 0.556115390625 0.7290165625 0.5557492671875 0.72800945 0.555113196875 0.7269498640625 0.551971103125 0.7257788093750001 0.551296234375 0.725647628125 0.550158825 0.7286084359375 0.55004843125 0.7298969828125 0.5499993296875 0.7323196249999999 0.550891128125 0.7356748718749999 0.5523683046875 0.7374598375
0 0.5475235765625001 0.7277205437500001 0.5498278265625001 0.7223681265625 0.5503031078125 0.722084859375 0.5497371 0.7206648328124999 0.548660928125 0.7197075265625 0.5478935015624999 0.7178742875 0.5469122703125 0.7178697890625 0.545133340625 0.7205196640625 0.5434211546875 0.7235549812500001 0.54468814375 0.7264212718749999 0.545189240625 0.7274546203125001 0.5475235765625001 0.7277205437500001
0 0.5319031265625 0.7142041875 0.532013521875 0.712915640625 0.5316786625 0.7124764906250001 0.53046083125 0.7122397687500001 0.5298402734375001 0.7139910359375 0.5302400421875 0.7148168625 0.530646496875 0.7148958703125 0.53122310625 0.7148201249999999 0.5319031265625 0.7142041875
0 0.5529837125 0.7364556890625 0.5522036015625 0.7368659359375 0.551145321875 0.7379702328125 0.5507210296875 0.7408818312500001 0.5509858265625 0.7416814234375 0.553015034375 0.7420758609375 0.5539665359375 0.7415126937500001 0.5545167328125 0.7401234015625 0.55465715625 0.739400984375 0.55443269375 0.7376732875 0.5529837125 0.7364556890625
0 0.5700517375 0.736031184375 0.570782746875 0.738043578125 0.57340769375 0.7404257078125001 0.5748747515625 0.733598959375 0.570642565625 0.7337122515625001 0.5700517375 0.736031184375
0 0.5683215265625 0.7059371953125 0.5678904921875 0.7045434046875 0.5663430109375 0.7081726234375 0.56718411875 0.7088980031250001 0.567555690625 0.7091564640625 0.568607284375 0.7087989875 0.568787740625 0.7071499984375 0.5683215265625 0.7059371953125
0 0.49650243125 0.72734873125 0.4958924734375 0.7276042281249999 0.49574689843749997 0.7290737625 0.496148203125 0.7298998890624999 0.496577703125 0.73129338125 0.49721530625000004 0.7323532640625 0.49792535625 0.7323034578125001 0.4982407875 0.73068070625 0.49839151406250004 0.7284640515625 0.49809545312500003 0.7270964984375 0.49650243125 0.72734873125
0 0.6108190687499999 0.1796851890625 0.6107228921875001 0.1787305484375 0.6095065953125001 0.178494125 0.6090598078125 0.179343225 0.607862640625 0.18117023593749998 0.6096167484375 0.1822593203125 0.610773584375 0.1813604140625 0.6108190687499999 0.1796851890625
0 0.5947964640625 0.24188796093749998 0.596094959375 0.24026847031249998 0.5958040515625 0.238153796875 0.5935243234375001 0.2397687890625 0.5930335859375 0.24229341249999997 0.5947964640625 0.24188796093749998
0 0.5889735843749999 0.282677890625 0.5883424234375 0.2859249296875 0.589525371875 0.28634110625 0.5903419000000001 0.285751703125 0.5907923046875 0.2841551859375 0.592294303125 0.28220119375 0.5931214328125 0.28011601875 0.592825371875 0.2787484640625 0.591849290625 0.2779968484375 0.59133759375 0.2784592703125 0.58966935625 0.2798190640625 0.5889735843749999 0.282677890625
0 0.592466471875 0.2257133921875 0.5922665874999999 0.225300478125 0.5908488703125 0.22465084218750003 0.5900075218749999 0.22897920468750002 0.5906332890625 0.231533028125 0.5922523671875 0.227543665625 0.592466471875 0.2257133921875
0 0.5418885109375 0.3219988859375 0.540905446875 0.3219956234375 0.5395541765625 0.3217329625 0.538656984375 0.324178578125 0.539112596875 0.3268871515625 0.5416222375 0.3262512046875 0.5421794203125 0.3241135578125 0.5418885109375 0.3219988859375
0 0.5664406 0.34660924375 0.566661146875 0.3490858921875 0.5670572984375 0.35065913593750003 0.5685696 0.34721090625 0.5667909125 0.34480703749999997 0.5664406 0.34660924375
0 0.54525685625 0.37037731875 0.5455371078125 0.3689355546875 0.5448661546875 0.368055421875 0.54378483125 0.367845234375 0.5435340125 0.3698561984375 0.543593771875 0.37098999374999997 0.5442001125 0.3714819140625 0.5446065671875 0.371560921875 0.54525685625 0.37037731875
0 0.5476798890625 0.331920596875 0.5481952046874999 0.33071075781250003 0.5480356515625 0.3293697390625 0.5467774875 0.330061121875 0.546221840625 0.33219906718750003 0.54655308125 0.333385634375 0.5476798890625 0.331920596875
0 0.3116419375 0.4372600015625 0.312847875 0.43393845468750003 0.3136488921875 0.43053819843749996 0.31132000625 0.42952362343750006 0.310182596875 0.43248443124999997 0.31023328906250003 0.435114296875 0.3097774921875 0.442511675 0.310520040625 0.4430316625 0.3116419375 0.4372600015625
0 0.27630818281249997 0.4912171609375 0.2744907546875 0.49479390624999997 0.2746063578125 0.49781044999999996 0.274720128125 0.5008282281249999 0.2748269625 0.50533930625 0.2762340765625 0.5074847140625 0.27873465 0.5083448359375 0.2810179953125 0.505982428125 0.282220315625 0.503408296875 0.28202949843749997 0.5014993140625 0.282174775 0.5000313125 0.2821153140625 0.4988959828125 0.28045584687499997 0.49876124062500005 0.2793887421875 0.49630786562500007 0.27967444218750004 0.4941174484375 0.2787035140625 0.4926187125 0.2775611953125 0.491272896875 0.27630818281249997 0.4912171609375
0 0.28714055625 0.512038496875 0.288607671875 0.5102639578125 0.28881785937500004 0.509182634375 0.289168471875 0.50737889375 0.28897220468749996 0.5062185640625 0.288823253125 0.503381771875 0.288567525 0.5010861125 0.2862774375 0.49914313125 0.2850153578125 0.5005834671875 0.28448973906249997 0.5032875421874999 0.284810378125 0.50596988125 0.28446491875 0.5070265015625 0.284680315625 0.51025026875 0.2855162703125 0.5117227671875 0.28714055625 0.512038496875
0 0.26831389843750003 0.5836143765624999 0.26774789062500004 0.58219435 0.2666404546875 0.5806690796875 0.2656785921875 0.577674275 0.264255725 0.5777717578125 0.26220684843750003 0.5803691609375 0.26100997812500004 0.5821946390625 0.26017378125 0.5857758828125 0.260324565625 0.5886114375 0.26020356875 0.5913957562500001 0.260389234375 0.5940518578125 0.26081120156250004 0.59694171875 0.260385375 0.5998530171875001 0.26346617656250004 0.5998899796875 0.2637025328125 0.605175946875 0.2642176078125 0.6090198499999999 0.26664266875 0.610989065625 0.2675735078125 0.608362165625 0.26791891093750003 0.6022533343750001 0.26777872812500003 0.5979220078124999 0.2678387296875 0.5940020609375 0.2682047953125 0.589956965625 0.26869553281249997 0.5874323421875001 0.26867487031250004 0.585368609375 0.26831389843750003 0.5836143765624999
0 0.5265499218749999 0.24621414062500002 0.529014021875 0.24220120937499998 0.529434696875 0.240037028125 0.5292017109375 0.2369037546875 0.526751828125 0.2386734984375 0.5257222390625 0.24071931875 0.5253540375 0.2426135515625 0.52548980625 0.24516604218750002 0.5265499218749999 0.24621414062500002
0 0.79579824375 0.0655447359375 0.7950701640625 0.0682094578125 0.7957235265625 0.06918008437499999 0.795452840625 0.0716535671875 0.7968283875 0.07107891250000001 0.7977067531250001 0.068721959375 0.7985400765625 0.065515809375 0.79579824375 0.0655447359375
0 0.82846674375 0.1552720359375 0.8244240812499999 0.1522402703125 0.8251468187500001 0.1582749875 0.8278583812500001 0.1627336703125 0.8292200078124999 0.16440067187500002 0.8340354937500001 0.1656184453125 0.83737975 0.1668303890625 0.8409039671875 0.16386555625000002 0.8418505578125 0.158995765625 0.8344031421875 0.156144215625 0.82846674375 0.1552720359375
0 0.8329594984375 0.1440735453125 0.8354704312499999 0.148491640625 0.83717618125 0.1516310421875 0.8383400062499999 0.1521374140625 0.8394668140625001 0.15067237656250002 0.8399862390624999 0.14908927656249998 0.8380622750000001 0.1481534109375 0.8385801671875001 0.14657001249999999 0.837430859375 0.14381891875 0.8359658234375 0.1426921109375 0.8329594984375 0.1440735453125
0 0.7417028171875 0.342957190625 0.7416767140625 0.33835834062500003 0.739628609375 0.3382658453125 0.737505859375 0.34091574062499996 0.7363010796875 0.347113796875 0.7350462234374999 0.3523820890625 0.7382436984375 0.3548404890625 0.7409400671874999 0.3492395765625 0.7417028171875 0.342957190625
0 0.8260288234375001 0.2588982640625 0.8203244078124999 0.258707875 0.8190710859375001 0.263976465625 0.818767171875 0.2678983453125 0.81953021875 0.26988513125 0.8207997078125 0.2704375109375 0.8214638390625 0.2705666046875 0.8239723140624999 0.26829889218749997 0.8263663046874999 0.26662015625 0.82866978125 0.261861309375 0.8286281093750001 0.2597091296875 0.8260288234375001 0.2588982640625
0 0.8397151015625001 0.3421024875 0.8418135796874999 0.3431232125 0.8438806218750001 0.340768103125 0.8444698109375001 0.3353704171875 0.8428214671875001 0.3332131375 0.8398224203125 0.33446705625 0.837084378125 0.3379157875 0.8370688078124999 0.34036245625 0.8397151015625001 0.3421024875
0 0.880466715625 0.3959615546875 0.885680559375 0.39513815 0.8895907078124999 0.3903844015625 0.8896806249999999 0.385196875 0.884532725 0.3845018390625 0.881269903125 0.39182951875 0.880466715625 0.3959615546875
0 0.9325735546875 0.333508125 0.9317703671875 0.3376401625 0.9330242859375 0.34063920937500003 0.9353103609375 0.3383282671875 0.9360404359375 0.33693892187499996 0.9357865984375 0.33351985625 0.9360158671875001 0.33234037031249997 0.9325735546875 0.333508125
0 0.938779075 0.341757828125 0.936508271875 0.341623634375 0.9346396578125 0.3476910625 0.93634524375 0.349553853125 0.9388282125 0.3509549296875 0.9410010375000001 0.349234796875 0.9420406609375 0.342699021875 0.938779075 0.341757828125
0 0.9321551546875 0.3462896875 0.9306147265625 0.3447646140625 0.92905689375 0.345687446875 0.9298516781249999 0.351048534375 0.9324509640624999 0.35185939843749997 0.9355492249999999 0.3524616390625 0.9355159546875 0.349087040625 0.9340327687500001 0.3472674796875 0.9321551546875 0.3462896875
0 0.9786065984375 0.5101829718750001 0.9784071546875 0.5148366671875 0.9799143140625001 0.5129871406250001 0.9808568531249999 0.5128631453125 0.9816930125000001 0.512107240625 0.982315471875 0.5100841546875 0.9786065984375 0.5101829718750001
0 0.81548678125 0.6286393078125 0.8169282953125 0.6283066875000001 0.8180443937499999 0.6272979921874999 0.8186180140625 0.624346975 0.8162305953125 0.6165338218749999 0.8146814656249999 0.6162327015625 0.8130750921875001 0.61622606875 0.811918853125 0.6150828828125 0.8098132078125 0.6152864078125 0.8089282093750001 0.61511438125 0.8070907359374999 0.616288471875 0.8061988687499999 0.6173391625 0.804648203125 0.61703774375 0.8030990734375001 0.6167366234375 0.8016976984375 0.6192211249999999 0.803174015625 0.6222634031250001 0.8017798078125 0.6235236546875 0.8011573484375001 0.625546740625 0.8022560453124999 0.62698595 0.8046817718750001 0.6286815140625001 0.8059524953125001 0.629235725 0.808059675 0.6290324968750001 0.8093792390625 0.6305146374999999 0.8115925015625001 0.630944853125 0.813428440625 0.6297704656249999 0.81548678125 0.6286393078125
0 0.86988838125 0.7209818390625 0.8749703375 0.7231953156250001 0.87749468125 0.7184794 0.8805528031250001 0.7169297593749999 0.885100384375 0.6994386171875 0.8851087874999999 0.6982161984374999 0.8833873328124999 0.690530903125 0.8843050046875 0.6858098906250001 0.8818136328125 0.68563123125 0.8742963125 0.6912134828125 0.872870665625 0.69736860625 0.870444003125 0.7039403828124999 0.8705189453125 0.7094671625 0.8676906890625 0.71810495625 0.86988838125 0.7209818390625
0 0.872130696875 0.666905215625 0.873811715625 0.66416945625 0.8736636624999999 0.6613853671875 0.872351265625 0.658678975 0.8695155437500001 0.660271846875 0.8684498187499999 0.6622087718749999 0.8683194640625 0.66524595 0.8694757031250001 0.6663891375000001 0.872130696875 0.666905215625
0 0.7983467921875 0.648276509375 0.7961008546875 0.6527393328125 0.7971423093750001 0.6544730296875 0.7986341968749999 0.6550686390625 0.7995764390625 0.6549461765625 0.800634996875 0.6542335031250001 0.8017495625000001 0.653224509375 0.8019302890625 0.651115559375 0.8019371578125 0.6498928421875 0.8008384609375 0.6484536328125 0.7983467921875 0.648276509375
0 0.789703521875 0.5899398609375 0.7888589609375 0.591918184375 0.788408528125 0.593056271875 0.790286140625 0.594034065625 0.7919988953125 0.59467260625 0.793834834375 0.5934982171875001 0.794531640625 0.588734271875 0.79237591875 0.5880080359375001 0.7908180875 0.5889308671875 0.789703521875 0.5899398609375
0 0.8108615312499999 0.60752668125 0.8110752296875001 0.6087938640624999 0.8115100937499999 0.6101024453125 0.812174225 0.6102315390624999 0.8134521156250001 0.6095614984375 0.815067190625 0.6083441796875 0.812714575 0.6039059234375 0.8114264500000001 0.6057996171875 0.8112544234374999 0.606684615625 0.8108615312499999 0.60752668125
0 0.8354843656250001 0.712457503125 0.8333283453125 0.7117327999999999 0.8323861046875001 0.7118552609375 0.8314438640624999 0.7119777234375 0.8307137875 0.7133670703125 0.83069791875 0.715815271875 0.8329027796874999 0.7174679046875 0.8354843656250001 0.712457503125
0 0.9102057 0.656543965625 0.9109202062499999 0.6576012890625 0.9119112859375 0.65840675625 0.91257541875 0.6585358515624999 0.9139680921875 0.6572753015624999 0.9150841921874999 0.6562666046875 0.9154854875 0.6542021203124999 0.9146648984375 0.65251135625 0.912009903125 0.6519952765625 0.9103864265625001 0.6544350156250001 0.9102057 0.656543965625
0 0.8063849734374999 0.5809323390625 0.8058185218749999 0.5826591062500001 0.805410059375 0.585947840625 0.8066220062499999 0.586796240625 0.8082454828125 0.584356503125 0.8096468578125 0.581872 0.8089914265625 0.580518953125 0.8063849734374999 0.5809323390625
0 0.9097699421875 0.63042786875 0.9114266890625 0.6313627296875 0.912360528125 0.6324626859375 0.913746034375 0.6324263859375 0.9149094390625001 0.632345321875 0.9160827812499999 0.6310421374999999 0.916270378125 0.6277104718750001 0.9097699421875 0.63042786875
0 0.8972087468750001 0.71986173125 0.899235009375 0.7401619578124999 0.902162778125 0.7416494953125 0.899487953125 0.71877350625 0.8972087468750001 0.71986173125
0 0.863216515625 0.7411225796875 0.86378296875 0.7393958125 0.8654795562500001 0.734213384375 0.8668059890625001 0.7262021015625 0.863462590625 0.72922755 0.8627657843750001 0.7339914953125 0.863216515625 0.7411225796875
0 0.86068679375 0.788407071875 0.8644905609375 0.783021415625 0.8580299671875 0.7796215234375 0.8542672765624999 0.770621015625 0.8513167703125 0.7728043984374999 0.8498653203125001 0.7743591375000001 0.8477509734374999 0.7757866156250001 0.8499315609375 0.7811098703125 0.8501856968749999 0.7845274015625 0.8530559249999999 0.786310959375 0.8557768640625 0.7853085984375 0.8572771546875 0.7846817890625 0.86068679375 0.788407071875
0 0.9038944234375 0.7811859921875 0.9024025359375001 0.7805903843750001 0.9017785421875001 0.782613171875 0.9017141328125 0.7841319109375 0.9014189203124999 0.7868298375 0.9022880499999999 0.7894500671875 0.9033366718750001 0.7899595125000001 0.9039606656249999 0.787936725 0.904189934375 0.7867572390625 0.9032548609375001 0.7856554499999999 0.9038284796875 0.7827044328125 0.9038944234375 0.7811859921875
0 0.7704507046875 0.7693356953125 0.7713444046875 0.76828376875 0.7718536140625 0.766851490625 0.7715335343749999 0.7649524000000001 0.7697620046875 0.76460805 0.7688686031249999 0.7656584421875 0.768188603125 0.76797755 0.7691239750000001 0.7690778046875 0.7704507046875 0.7693356953125
0 0.9088731125 0.7517896281249999 0.9078275953125001 0.753270465625 0.9077910499999999 0.7541053953125 0.9078456046875001 0.7551267578124999 0.9082652015624999 0.7562190765625 0.9094182937499999 0.756780665625 0.9096854171875 0.7580104796875 0.9088731125 0.7517896281249999
0 0.9058132656250001 0.1249546828125 0.9121158703125 0.12679260625 0.9176165234375 0.12449369375 0.9205094875000001 0.1226063328125 0.9221245609375 0.1213890140625 0.9200920265624999 0.11884984843749999 0.9190017312500001 0.116188221875 0.9159523109375 0.1165139109375 0.9104687609375001 0.116366453125 0.9079686890625001 0.117411746875 0.9063449140625 0.11985301875000001 0.9058132656250001 0.1249546828125
0 0.9036863281249999 0.194979140625 0.9048581359375 0.1936756578125 0.9050874062500001 0.192496171875 0.90393986875 0.1901290328125 0.90083290625 0.19075074375 0.8997015359375 0.194204575 0.9000129140625001 0.19732761875 0.9015132046875 0.1967008078125 0.9036863281249999 0.194979140625
0 0.9853971796875 0.10428684531250001 0.986348121875 0.10294043125 0.987201384375 0.09973815625 0.9836094843750001 0.098121525 0.98105216875 0.0994613078125 0.9811999234375 0.1022469296875 0.9831263765625 0.104152653125 0.9840129093750001 0.10432497656249999 0.9853971796875 0.10428684531250001
0 0.929957878125 0.8692473828124999 0.9367899 0.8733322953125 0.9383387328125 0.86536424375 0.92349851875 0.857578615625 0.9237769265625 0.86559623125 0.929957878125 0.8692473828124999
0 0.9121869234375 0.2079631203125 0.9126130859374999 0.21049565312500002 0.9136545406250001 0.21222935 0.9150727203125 0.2073000109375 0.91441575625 0.20594666562500002 0.9139740234374999 0.2058608015625 0.9121869234375 0.2079631203125
0 0.7741631109375 0.6133691359375 0.7720261734375 0.6139629234374999 0.7713195890625 0.616295965625 0.7713446234375 0.61877121875 0.769487278125 0.623126528125 0.7687409890625 0.628259690625 0.7703892265625 0.6280181890625001 0.7713115687500001 0.6237071624999999 0.7720839890625 0.623631278125 0.7733035234375001 0.620387184375 0.773400115625 0.6211922828125 0.7736491046875 0.6233752109374999 0.7747856453125 0.62359613125 0.77493849375 0.6219417765624999 0.7748184015625 0.6186617234375 0.7761889281250001 0.6202747421875 0.7763236921875001 0.618279421875 0.7770330609375 0.61549805 0.7768202421875 0.6139970515625001 0.7770209953125 0.6112282359375001 0.7761856671875 0.6116277515624999 0.7741631109375 0.6133691359375
0 0.7824594890625 0.5875814921875 0.78275096875 0.5865159703125 0.7812095078125 0.5862163406249999 0.7806321171875 0.5874507234374999 0.781236090625 0.58824143125 0.7824594890625 0.5875814921875
0 0.6860990609375001 0.579856246875 0.686591140625 0.5790525609375 0.6867439890625 0.57739820625 0.683982065625 0.5742795328125 0.683026490625 0.5744296453125 0.6816585953125001 0.575398946875 0.6821066359375 0.5782938765625001 0.6826206671875 0.580415309375 0.6860990609375001 0.579856246875
0 0.6635357234375 0.57591925 0.663369275 0.57330349375 0.66318984375 0.5729327578125 0.6625214296874999 0.57246538125 0.6605286921875 0.572751340625 0.6591439453125 0.573381509375 0.6587024015625 0.57565305625 0.659324459375 0.5767847296874999 0.6597627671875 0.5779937 0.6611223109375 0.578369390625 0.6629972890625 0.5773872328125 0.6635357234375 0.57591925
0 0.6719969 0.580483196875 0.6700729359375 0.5795473296875 0.66861788125 0.581399025 0.6702715343750001 0.583291515625 0.6719548625 0.5806994609375 0.6719969 0.580483196875
0 0.6458991828125 0.54879793125 0.64504576875 0.54885648125 0.6445132 0.54942626875 0.6439582140625 0.550553584375 0.6439664140625 0.55223924375 0.6454489875 0.5524160046875 0.645924215625 0.5512731859375 0.6458991828125 0.54879793125
0 0.643638346875 0.5803605000000001 0.6448982156249999 0.5803809578125 0.6455821 0.5781565171875 0.6439412609375 0.5775001203125 0.643473134375 0.577746575 0.6432555468750001 0.579725796875 0.643638346875 0.5803605000000001
0 0.6958244812500001 0.5194235 0.6952287078125 0.5203184515625 0.695758040625 0.5232291796874999 0.69255441875 0.52541270625 0.693149740625 0.5275499406249999 0.693404596875 0.5288346734375 0.693131203125 0.5302411609375 0.6947060515625 0.531671053125 0.697003084375 0.5315556640625 0.6983105593750001 0.5304631953125 0.6996968390625 0.529833325 0.701084071875 0.528756359375 0.7013758484375 0.5276893031250001 0.7012682734375 0.5256468765625 0.7007228890625 0.524980571875 0.7003811734375 0.5245766984375 0.7010146671874999 0.523913515625 0.7014871109375 0.5232190265625001 0.7015951390625 0.5222292671875 0.700560759375 0.5219167828125 0.700531690625 0.5203384875 0.6958244812500001 0.5194235
0 0.6667168296875 0.5127547875 0.6680972421875 0.5130231125 0.6689044546875 0.5105982078125 0.6674050312500001 0.5100823140624999 0.6667168296875 0.5127547875
0 0.65417436875 0.5109916796875 0.6547041515625 0.5108702234375 0.6551455421875 0.511629328125 0.6556447234375 0.5099292796875 0.6550996390625 0.509261440625 0.6545321359375 0.509151128125 0.65436676875 0.50956785625 0.65417436875 0.5109916796875
0 0.6377795421875 0.5355410015625 0.6378427484375 0.5352158375 0.6382280359375 0.53540374375 0.63900045625 0.5353278593749999 0.6394517328125 0.5347422703125 0.63986375625 0.5339246156249999 0.6392192953125 0.532900009375 0.6386938296875 0.5325734328125 0.6376059781250001 0.5342720703125 0.6377795421875 0.5355410015625
0 0.6803256265625001 0.48867467343750004 0.6799525578125001 0.48972592812500004 0.6809500171875 0.492390203125 0.683223096875 0.4928320453125 0.6841299843749999 0.4907623734375 0.6828955999999999 0.490184984375 0.68235761875 0.48862078125 0.6803256265625001 0.48867467343750004
0 0.699681809375 0.49827724531250006 0.699366378125 0.4998999984375 0.7015974203125 0.5005581046875001 0.70419305 0.4980303703125 0.7051911140625 0.49463180625 0.7043223984375 0.493901059375 0.7029812390625 0.4938648 0.7029254328125 0.4932920671875 0.702524546875 0.49231639843749997 0.6999403531249999 0.49304927656249997 0.69940191875 0.49451725937499996 0.6990864875 0.4961400109375 0.6996346546875001 0.49635798593749997 0.7002775828125001 0.49738229531249994 0.700598428125 0.4978935328125 0.699681809375 0.49827724531250006
0 0.7116132375 0.4360273515625 0.712523990625 0.436541834375 0.7136452296875 0.435973459375 0.7134410609375 0.433125934375 0.7127530140625 0.43276775624999997 0.7115685703125 0.4336612953125 0.711198584375 0.434262684375 0.711171846875 0.4352682453125 0.7116132375 0.4360273515625
0 0.6880798078125 0.43448519062499996 0.6889457390625 0.43566426874999997 0.6901145843750001 0.4339829671875 0.6893691984375 0.43305175625 0.6880798078125 0.43448519062499996
0 0.6948467671875 0.40054022187499994 0.69358103125 0.40141795937499997 0.69523006875 0.40376001562499997 0.696417296875 0.402418146875 0.6963545437499999 0.39971112343750004 0.6948467671875 0.40054022187499994
0 0.6880139109375001 0.3953950453125 0.6878388125 0.394125815625 0.687355384375 0.393582975 0.6861893234374999 0.3948159453125 0.6863180671875 0.3967494734375 0.6876018875 0.39621270000000003 0.6880139109375001 0.3953950453125
0 0.6787869671875 0.5888783578125001 0.6793700703125001 0.58977643125 0.6806704421875 0.5895803265625 0.6812057953124999 0.5885622078125 0.679793528125 0.58716391875 0.6787869671875 0.5888783578125001
0 0.653942765625 0.55507619375 0.652254025 0.5555342578125 0.652061921875 0.556956546875 0.6530677328125 0.5582758296875 0.6542228109375 0.5558055296875 0.653942765625 0.55507619375
0 0.6379908265625 0.701096475 0.6374923578125 0.70122879375 0.6360811734375 0.7028629890625 0.636501396875 0.70373099375 0.6382054390625 0.7040622265625001 0.639127628125 0.7027818515625001 0.6379908265625 0.701096475
0 0.642650665625 0.6924613374999999 0.6443547078125 0.6927925687500001 0.64479346875 0.6909693531250001 0.6441265890625 0.6905022749999999 0.6431031921875 0.69142711875 0.642650665625 0.6924613374999999
0 0.6243002265625 0.7361691953125 0.6258908265625001 0.7353561953125001 0.6258936109375 0.734907865625 0.6244896984375 0.732164584375 0.6241617500000001 0.732549709375 0.6217401375 0.7333141890625 0.6214624265625 0.7351687109375 0.6221071859375 0.7361917828125 0.6243002265625 0.7361691953125
0 0.6285203187499999 0.7430540453125001 0.6278294875 0.743144196875 0.627072665625 0.7440078437500001 0.6270207421875 0.7455688031250001 0.628172584375 0.7465790203125 0.6293358609374999 0.74579438125 0.629651290625 0.7441716281249999 0.6285203187499999 0.7430540453125001
0 0.6489222921875 0.7390467375 0.6496468078125 0.7400853125 0.6509668 0.740230471875 0.6515233203124999 0.7391034546874999 0.6514927171875 0.7375248609375 0.650684125 0.736918815625 0.6497073828125 0.737177828125 0.6489222921875 0.7390467375
0 0.664941171875 0.755860640625 0.66625714375 0.756452296875 0.666561140625 0.7566244015625 0.6670292671875 0.756377946875 0.666272896875 0.7542094078125 0.664941171875 0.755860640625
0 0.69234480625 0.7743256281249999 0.69149680625 0.77651816875 0.6923446515625 0.77735628125 0.6944902390625 0.7754159671874999 0.6935167328125 0.7721944625 0.69234480625 0.7743256281249999
0 0.6827817281249999 0.788860134375 0.6831544984375 0.7878104140625 0.683449059375 0.7862950265624999 0.6812541875 0.78631885 0.680644646875 0.7864248046875 0.680332 0.787599225 0.68023495625 0.7898263140624999 0.6817359140625 0.79034250625 0.6827817281249999 0.788860134375
0 0.6677785453125 0.77202081875 0.6665049093750001 0.7712113640625 0.6656459265625 0.772166575 0.6649597593750001 0.7774244375 0.6629167859375 0.7796966796875 0.6641395796875 0.7816439 0.6649089171875 0.7820178796875 0.666559940625 0.7813280484375 0.6673014609375 0.77967510625 0.6666429328125 0.7778630343749999 0.6669163265625 0.776456546875 0.6675329703124999 0.7754542296875 0.66879870625 0.7745764921875 0.6689515546875 0.7729221374999999 0.6677785453125 0.77202081875
0 0.671196365625 0.7743692421875 0.6713145765624999 0.7720332546875001 0.670005721875 0.7700947734375 0.6686503421875 0.7723017015625 0.671196365625 0.7743692421875
0 0.6818602890625 0.7684690484375001 0.6826351953125 0.7679463671875 0.6819797515625 0.7656844328125 0.6799210234374999 0.7667438859375 0.6818602890625 0.7684690484375001
0 0.705776221875 0.770647446875 0.70654834375 0.770573096875 0.7076723671875 0.769556390625 0.70576415625 0.7663776343750001 0.7037651 0.7705939749999999 0.704841515625 0.7706901953124999 0.705776221875 0.770647446875
0 0.6853266437500001 0.7757676828125 0.6873374671875 0.7758226890625 0.687695234375 0.7739821375 0.685807440625 0.7737282015625 0.6853266437500001 0.7757676828125
0 0.7139046640625 0.7795271984375 0.7130413640625 0.7809304421875 0.713315840625 0.7825564390624999 0.7152441375 0.7825938125 0.715076140625 0.78042821875 0.7139046640625 0.7795271984375
0 0.707253728125 0.7929437015625 0.7047143578124999 0.793011984375 0.7040668140624999 0.7924372421875 0.7035976046875 0.7896512125 0.702059225 0.78890171875 0.700464290625 0.7906132109375 0.6999760937499999 0.7935505890625 0.7007913359375 0.7962924578125 0.7024029515625 0.7984012125 0.7054269875 0.798877603125 0.7076329953125 0.79706045625 0.7079303421875001 0.7950967375 0.707253728125 0.7929437015625
0 0.6744757078125 0.7730981796874999 0.6734360578125 0.773680821875 0.6732676093750001 0.7745474156250001 0.6732200046875 0.7756603421875 0.674619753125 0.775821003125 0.6757437765625001 0.774804296875 0.676303378125 0.773227415625 0.6744757078125 0.7730981796874999
0 0.7288880234375 0.7561631453125 0.728265965625 0.7550314703125001 0.7271391578124999 0.7564965078125 0.7262617921875 0.7571122875 0.7257389562500001 0.7593680328125 0.7268880140625 0.7608265796875 0.7279363140624999 0.7588974109375 0.7288880234375 0.7561631453125
0 0.7229993593749999 0.7955554703125001 0.7219512124999999 0.7944539875000001 0.7196906484375 0.795249771875 0.7180886125 0.7978576281249999 0.719248653125 0.8005535046875 0.722326459375 0.7990172390625 0.722762434375 0.7976423546875 0.7229993593749999 0.7955554703125001
0 0.7292965140625001 0.77746528125 0.7287219078125 0.7782513328125 0.728385309375 0.779982984375 0.7285451078125 0.78046291875 0.7297009828125 0.7805761765625 0.7300320140625 0.7797411859375 0.7303839140624999 0.7787988312499999 0.7292965140625001 0.77746528125
0 0.7266692 0.7753819390625 0.7258476390624999 0.7765704515625 0.72744365625 0.77789144375 0.7279667890625 0.775634165625 0.7266692 0.7753819390625
0 0.721238403125 0.7794915109375 0.722001875 0.7807636875 0.7240060484375 0.7786828703124999 0.7234051578125 0.7774422984375 0.722515275 0.77682045 0.7214934125 0.7777455921875001 0.721238403125 0.7794915109375
0 0.7484310984375 0.80207154375 0.7495314671875 0.8016105343750001 0.7500303515625 0.79991201875 0.7482116296875 0.7984347234375 0.7473790859375 0.7983859062499999 0.7477096640625 0.800583103125 0.7484310984375 0.80207154375
0 0.7120935484375 0.798376371875 0.7133126296875 0.7981644640625001 0.7137065671875 0.7970058437499999 0.7130243859375 0.7957494703125 0.7124624515625 0.794742496875 0.711903146875 0.7963178453124999 0.7120935484375 0.798376371875
0 0.727617646875 0.76400068125 0.7288354781249999 0.764237403125 0.72955583125 0.7626933593749999 0.7277916640625001 0.7622374265625 0.727617646875 0.76400068125
0 0.7252668703125 0.7968939734375 0.72516998125 0.796090409375 0.7251195906250001 0.7976516671875 0.726721175 0.7980759984375 0.7277430375 0.79715085625 0.727027171875 0.794765753125 0.7262970859375 0.7946238390625 0.7252668703125 0.7968939734375
0 0.7373600640625 0.78970055 0.7375858515625 0.7894069890625001 0.7384942718749999 0.787337615625 0.7370687390625 0.7877354203125 0.7356560203125 0.78936931875 0.7373600640625 0.78970055
0 0.742008325 0.7536596828125 0.742228246875 0.7542643171875001 0.742792965625 0.754822959375 0.743504965625 0.7546239078125 0.7441007374999999 0.7537289578124999 0.744172296875 0.7520588 0.742686640625 0.7523319046875 0.742008325 0.7536596828125
0 0.7302552640625 0.7370016640625 0.7312041875 0.7347157281250001 0.731069875 0.7336788624999999 0.7297707531250001 0.7334263390625 0.7286564624999999 0.7361290015625 0.7302552640625 0.7370016640625
0 0.7478406046875 0.731884971875 0.748373171875 0.731315184375 0.7486646515625 0.7302496625 0.7482821484375 0.7296134249999999 0.74765730625 0.7289300828124999 0.7473683125 0.7295488078125001 0.7469715906250001 0.7311557578125 0.7471918093750001 0.731758859375 0.7478406046875 0.731884971875
0 0.7461943765625 0.74122209375 0.7453437468749999 0.7408323109375 0.7443486203125 0.7407518921875 0.74435556875 0.74288618125 0.7462642328125 0.7430327515624999 0.7461943765625 0.74122209375
0 0.7349099531250001 0.7581184203125 0.7360151421875 0.75979446875 0.736732709375 0.7586987546875 0.735443771875 0.7571000031249999 0.7349099531250001 0.7581184203125
0 0.732603640625 0.7535156640625 0.733568946875 0.7550515078125 0.7342656453124999 0.7540631609374999 0.7333604609375 0.7526520171875 0.732603640625 0.7535156640625
0 0.7869997 0.7176006875 0.7875950203125 0.719737921875 0.7889545640625 0.7201136124999999 0.7898948375 0.7191742031249999 0.7908170250000001 0.717893828125 0.7906434609375 0.716624896875 0.7889001640625 0.716061596875 0.7869997 0.7176006875
0 0.776855621875 0.7004691000000001 0.77625428125 0.7022607125 0.77714108125 0.7033324249999999 0.7784096015624999 0.70200635625 0.778135125 0.7003803609375 0.776855621875 0.7004691000000001
0 0.7851405671875 0.6764763140625 0.7841777453125001 0.6744936734375 0.7823715421874999 0.6742540046875 0.7816932265625 0.6755817828125 0.7808535796875 0.67642933125 0.781617053125 0.67770150625 0.7833787328125 0.6786042375 0.784843221875 0.6784400328125 0.7851405671875 0.6764763140625
0 0.7431213718749999 0.6625815125 0.7425199953125 0.6596647375 0.73872094375 0.661390296875 0.7408577265625 0.6638271625 0.7427243515625 0.664189996875 0.7431213718749999 0.6625815125
0 0.7566942937500001 0.61918019375 0.75275750625 0.62167166875 0.7531454234375 0.624441896875 0.757457765625 0.62045236875 0.7566942937500001 0.61918019375
0 0.74393125625 0.5986202734375 0.744805540625 0.5984543578125 0.7455513781249999 0.5963533828124999 0.7434436640625 0.5954948124999999 0.7431073625 0.5972249296875 0.7428155859375 0.5982919859375 0.74393125625 0.5986202734375
0 0.795002196875 0.5464503078125 0.7951550468749999 0.5447959531250001 0.795020734375 0.5437590875 0.79215928125 0.5433143 0.7908459390625 0.5453049640625001 0.7901181875 0.5477469046875 0.7925357640625 0.5478793843750001 0.794245375 0.5473139546875 0.795002196875 0.5464503078125
0 0.801356178125 0.49513235 0.80218285625 0.4960793609375 0.804320090625 0.4954840390625 0.8059723640625001 0.4943455796875 0.8065080140625 0.49332592656249996 0.8073909484374999 0.49181348593749996 0.8059995515624999 0.4903078328125 0.8041749640625 0.48972873281249996 0.8029347140624999 0.4900495375 0.8011041062500001 0.49339928593750004 0.801356178125 0.49513235
0 0.82554899375 0.360705315625 0.8262286874999999 0.3624084875 0.8278192890625 0.3615954890625 0.82809855 0.35929080468749997 0.8267150546875 0.3594723453125 0.82554899375 0.360705315625
0 0.8083934546875 0.3714066234375 0.8087759578125 0.372042859375 0.8094667890625 0.3719527078125 0.8100500453125001 0.3698201296875 0.808994796875 0.369615009375 0.8083934546875 0.3714066234375
0 0.8073200265624999 0.4107241765625 0.8054714875 0.41070230781249994 0.8045013953125 0.41309714218750004 0.8056517031249999 0.41410706093750005 0.8080626296875 0.41210371874999996 0.8073200265624999 0.4107241765625
0 0.8151866906249999 0.42831241562500005 0.81518390625 0.428760746875 0.816173165625 0.4297393609375 0.8169778921875 0.427761253125 0.8158849234375 0.427324365625 0.8151866906249999 0.42831241562500005
0 0.8293175390625 0.3989425390625 0.8286169734375 0.3973467328125 0.8269758375 0.39669187031250003 0.8270880296875 0.3982847296875 0.8283953500000001 0.40022291406250005 0.8293175390625 0.3989425390625
0 0.949939009375 0.136716940625 0.9498702359375001 0.13793876562500001 0.9515770640625 0.1378216671875 0.9525076046875001 0.1351963 0.9501366812500001 0.1343979890625 0.949939009375 0.136716940625
0 0.9670925125000001 0.10479250312499999 0.9682741734375 0.1043472953125 0.9688362609375 0.102323615625 0.9666472562499999 0.10144924375 0.9661315234375 0.1028086265625 0.966019178125 0.10424641875 0.9670925125000001 0.10479250312499999
0 0.8973606765625 0.2200372234375 0.9001822703125001 0.226312784375 0.9020674328125 0.2239843984375 0.9001467046875 0.219568015625 0.8980094703124999 0.2201633375 0.8973606765625 0.2200372234375
0 0.912259865625 0.2369693390625 0.9135322515625001 0.2382274234375 0.9146159390624999 0.2339461671875 0.9129299812499999 0.2339559 0.912259865625 0.2369693390625
0 0.9235241109375 0.2630780359375 0.9251468624999999 0.2633934671875 0.9256727796875 0.2606878578125 0.924212609375 0.2604040296875 0.9235241109375 0.2630780359375
0 0.9146290203125 0.2932396140625 0.9149503171875001 0.290718665625 0.91376075625 0.2894766796875 0.9109645421874999 0.2912921171875 0.911984703125 0.293847790625 0.9136255406249999 0.29450418749999996 0.9146290203125 0.2932396140625
0 0.8973071609375 0.286167003125 0.89705771875 0.2870162609375 0.8977457671875 0.28737443906250004 0.899312415625 0.287118671875 0.8998017109375 0.28676331718750003 0.9003036765625 0.2846149375 0.8980741671875 0.283957128125 0.8973071609375 0.286167003125
0 0.8771418593750001 0.4198058546875 0.8778357734375 0.41926583749999996 0.87854514375 0.41648446562499997 0.8772110859375 0.41555184218749996 0.8765847093750001 0.4148682015625 0.8752183468749999 0.4158378015625 0.8735895749999999 0.41945121875 0.8750650468750001 0.42052434375000003 0.8771418593750001 0.4198058546875
0 0.8938846515625001 0.44372117187500004 0.8942541859375 0.4461519671875 0.8968355953125 0.4458674203125 0.896988896875 0.4411808796875 0.8938846515625001 0.44372117187500004
0 0.8517355640625001 0.47685150624999995 0.85313963125 0.4765641359375 0.8540409484374999 0.4753911265625 0.854383115625 0.47276281249999996 0.8515790015625001 0.47289105625000005 0.8517355640625001 0.47685150624999995
0 0.90495014375 0.46911633437500005 0.905148896875 0.46982986875000005 0.9059268859375 0.468857321875 0.907291996875 0.46833635156250003 0.9074000249999999 0.46734659218749997 0.9066963781249999 0.46620065000000005 0.905515015625 0.466644325 0.90495014375 0.46911633437500005
0 0.9111951015624999 0.46471614843750003 0.9108852390625 0.46544223906250004 0.9098692421875001 0.465469184375 0.9098998453125 0.467047778125 0.9105642390625001 0.467961653125 0.9117848546875 0.46775004375 0.9125684125 0.46588083593749996 0.9111951015624999 0.46471614843750003
0 0.9275636281249999 0.4455020171875 0.9266080531249999 0.44565213124999997 0.9261060890625 0.4478005109375 0.9271302828125 0.4494592234375 0.92827284375 0.445751296875 0.9275636281249999 0.4455020171875
0 0.878101378125 0.4772601609375 0.8792909390625001 0.47850214687500003 0.88110454375 0.47784391875 0.8812657453125 0.47484457031250005 0.8806589890625001 0.4745021921875 0.8790291343750001 0.475083125 0.878101378125 0.4772601609375
0 0.889729075 0.472895515625 0.8909048687500001 0.47334850156249997 0.8920049406249999 0.4728890265625 0.892019159375 0.4706458390625 0.8913675812499999 0.47096805625 0.890592375 0.471492271875 0.889729075 0.472895515625
0 0.9006108171875 0.498367975 0.9011464671875 0.4973483234375 0.901094696875 0.4958786296875 0.8993034953124999 0.49642979218749994 0.8986547015624999 0.496303678125 0.899150646875 0.49808414687499997 0.9006108171875 0.498367975
0 0.8858271046875 0.5038032203125 0.8870841890625 0.5042720093749999 0.8877469046875 0.5021564671875 0.8869987328125 0.5016735875 0.8858271046875 0.5038032203125
0 0.918160046875 0.5294023390625 0.9162875546875 0.5299377 0.916168390625 0.5327207828125 0.9178752187500001 0.5326036843749999 0.9190527140625001 0.5295758562499999 0.918160046875 0.5294023390625
0 0.862258184375 0.531898815625 0.8614888453124999 0.5315248359375 0.859844925 0.5313183046875001 0.8583717859375 0.532829034375 0.86073435625 0.5349723375 0.86231660625 0.5355043328125 0.86380908125 0.5338859375 0.8642606562499999 0.533298815625 0.8643110453125 0.5317375578125 0.863263196875 0.530634540625 0.862258184375 0.531898815625
0 0.8450846406249999 0.5408011359375 0.8455241046875 0.5434699609375 0.8468318765625 0.5423759578125 0.846317846875 0.540254525 0.8450846406249999 0.5408011359375
0 0.9052549781250001 0.5531703718750001 0.906630775 0.5538882640625 0.90794133125 0.5523459296875 0.9060189015625 0.5514103625 0.9052549781250001 0.5531703718750001
0 0.9110267421874999 0.5711361328125 0.9123411656249999 0.572177953125 0.91322966875 0.56976885 0.91132100625 0.5696222796875 0.9110267421874999 0.5711361328125
0 0.7939275296875 0.813890125 0.7916433890625 0.8137262796875 0.7866008109375 0.8082557906250001 0.778305853125 0.8108535781249999 0.773122165625 0.8115300375000001 0.7695816421874999 0.8091577640625 0.76746294375 0.8070618640625 0.7587020124999999 0.8033931078125001 0.75295385625 0.80480346875 0.7479491484375 0.80888285 0.7422679796875 0.8077785437499999 0.7379253421875 0.8041281734375 0.7262309109375 0.8055032859375 0.7200920515625 0.8045917515625 0.7158981671875 0.8012488515625 0.7085352828125 0.801221571875 0.7003894609375 0.7965501984375 0.6993450984375 0.7932592109375001 0.69380589375 0.7935864171875 0.691101078125 0.795586753125 0.6846390609374999 0.79741865 0.6795683421875001 0.7964330015625001 0.6754871296875 0.7914295296875 0.6730305000000001 0.7867402515624999 0.667108321875 0.783624884375 0.6619388515625 0.7820581546875001 0.6587828375 0.783128753125 0.6549589421875 0.7854734484375 0.6497061765625001 0.7810842828125 0.6433025703124999 0.773943725 0.6405755109375 0.7793094609375 0.6356085015625 0.7777820859375 0.6320775375000001 0.7742878984375 0.62381789375 0.7637001703124999 0.6182965296875 0.76936478125 0.6133457124999999 0.7692444734375 0.6123698734375 0.7634391140625 0.60540333125 0.75703275625 0.6013229703125 0.759607746875 0.6008417984375 0.7631640875000001 0.5984687203125 0.768878778125 0.596688253125 0.7693747234375 0.595101665625 0.7634522375 0.5952146359375 0.76179013125 0.5914191796875 0.75964845 0.58866189375 0.761918734375 0.5861672671875 0.7628377468750001 0.586241984375 0.7592024 0.5808244578124999 0.7491671234374999 0.5777814125 0.748575615625 0.576646878125 0.7511613296874999 0.5775937250000001 0.75387306875 0.5762409765625 0.75866231875 0.5723723374999999 0.760156284375 0.570755778125 0.7587198765625 0.5723560296875 0.754819178125 0.5727924578125 0.75041210625 0.5707632499999999 0.75001766875 0.5679226671875 0.7494655156250001 0.5643231796875 0.7484856984375 0.5628198890625 0.74538565 0.5621134578125 0.744688040625 0.5605959484375 0.7438311796875 0.556124884375 0.7440842734374999 0.55386324375 0.748136559375 0.5496853671874999 0.7501323 0.550835953125 0.7453021609375 0.5453044765625 0.7445086890625 0.5394819 0.749552865625 0.537355475 0.7485776453125 0.5404951828125 0.7421699390625001 0.5391434140625 0.739379490625 0.5358374109375 0.7401407875 0.53065475 0.745029203125 0.528857975 0.7401880421875 0.52538623125 0.7428829265625 0.5276039781249999 0.7455583734375 0.5231248890625 0.7469336796875 0.5174147296875 0.7427357515625 0.511057103125 0.73644775625 0.506879525 0.7384419624999999 0.50104836875 0.7370283546875 0.49866671250000005 0.736285259375 0.495126190625 0.7339129859375 0.4866124640625 0.7311343140625 0.4813072265625 0.7270150953125001 0.4801356734375 0.7276294015625 0.47799502968749996 0.72889736875 0.4648522265625 0.7271846984375 0.458149196875 0.727005534375 0.450394078125 0.7246560578125 0.4429866484375 0.721492340625 0.4295824203125 0.721132775 0.424682103125 0.7170922640625 0.42629008281249997 0.7120708875 0.4182195328125 0.7113441640625 0.41265133593750003 0.70857775 0.40961601875 0.7068655640625 0.4017031828125 0.7053274640625 0.3994567421875 0.6995568640625 0.3939255640625 0.6987618578125 0.38651020625 0.699004525 0.3843390375 0.6971785734375 0.3817386140625 0.6910590187500001 0.3765753375 0.6883713124999999 0.362473890625 0.6805764796875 0.3469651859375 0.6758778265625 0.3389393796875 0.6760018343749999 0.3376614765625 0.6619975765625 0.33480667343750004 0.6636886109375 0.33246976250000004 0.6637962468749999 0.32956868125 0.6646362531250001 0.3274037046875 0.661689325 0.32117565312499996 0.6590747953125 0.3182221 0.6601847484375 0.31281247031250003 0.664185421875 0.3139245046875 0.6573835765625 0.3058788171875 0.6563815390625 0.299904165625 0.6535361187500001 0.29633520468749996 0.6556502203125001 0.2921043015625 0.6503359125 0.2911046828125 0.6478956546875 0.2877014625 0.6480761687500001 0.28319338125 0.6463578531249999 0.28179533437500004 0.6427163765625 0.279375425 0.6400000421875001 0.2751222765625 0.6380511328125 0.2689812296875 0.633449509375 0.2600703109375 0.62947145 0.25076715625 0.6231711953125 0.24839916562500003 0.6126049171875 0.24208009062500002 0.6082886281250001 0.23514462812499998 0.6125561859374999 0.22953045 0.6089372109375 0.22850184062499998 0.60340333125 0.2199878171875 0.6006261937499999 0.215967953125 0.6018090234375 0.2169447734375 0.6000346859375 0.21619180781249997 0.590904515625 0.2124284109375 0.5918570515625 0.20908385625 0.5906466421875 0.2081447375 0.586814225 0.20919657187500001 0.5814030046875 0.20969858281249998 0.5593228046875 0.20043312812499997 0.5474157953125001 0.1972029484375 0.5597017375 0.19164952500000002 0.5622721328125 0.184797359375 0.5693621281250001 0.1820015203125 0.5696607046875 0.1759120578125 0.5704030453125 0.172860434375 0.563353753125 0.1680739390625 0.5652295984375 0.159094496875 0.5637659109375 0.15534531875 0.5624752578125001 0.14727476875 0.561748534375 0.14206055312500002 0.559331075 0.140399803125 0.5646239343749999 0.131193865625 0.5589044624999999 0.12264397499999999 0.5617328453125 0.115415028125 0.5642592890625 0.11091497187499999 0.5614187625 0.1071800140625 0.557884921875 0.1041375234375 0.5648734109375 0.10190585468749999 0.56443961875 0.0992760140625 0.5703861375 0.0940619265625 0.5907083703125 0.0977444125 0.5945121578125 0.1022000203125 0.5965004203125 0.10900026874999999 0.59726036875 0.11737822499999999 0.5974865515625 0.11997189999999999 0.5971470859375 0.1242389703125 0.5968543390625001 0.12877053125 0.5952090875 0.133474325 0.5905077359375001 0.13563691718749998 0.585875903125 0.1356816609375 0.586726634375 0.1411826125 0.5844261875 0.14692991875 0.5754373625 0.1513867625 0.5774274562499999 0.1527993265625 0.5788242109375 0.1616435546875 0.58531540625 0.161501165625 0.5990435875 0.17305118749999998 0.595954746875 0.181947334375 0.5945959984375 0.18982964375 0.593040178125 0.19648609687500002 0.5923698484375 0.203242153125 0.5998590625 0.20721812343749998 0.6054039640625 0.2256290171875 0.6244226046875 0.241603696875 0.635387803125 0.2532292453125 0.64382514375 0.26876075 0.6527383921875 0.29916861250000004 0.6752127796875 0.320336240625 0.6843811390625001 0.3368303453125 0.6937632390624999 0.35465661875 0.7031623390624999 0.3634641265625 0.7076805921875 0.3710677234375 0.7097204671874999 0.37717011875 0.716240590625 0.3873593671875 0.7190632124999999 0.3992543671875 0.7250252374999999 0.4167255890625 0.7326314640625 0.43218152343750005 0.7376015984375 0.459728725 0.7496940875 0.5161956984375 0.771338028125 0.5640766515625 0.7882250328125 0.60039136875 0.80089798125 0.6170654328125 0.8061033046875 0.640584190625 0.8129208406249999 0.651780784375 0.8170630421875 0.66100866875 0.8194186468750001 0.709809459375 0.8328345781250001 0.7323748796875 0.838062884375 0.7477335968750001 0.8424522359375001 0.774462675 0.8479279890625 0.7936310671875 0.8522158328125 0.8017306109375 0.8560361765625 0.81057581875 0.8549476734375 0.8232069234375 0.8571227640625001 0.8305698078124999 0.8571500453124999 0.831848690625 0.8635746046874999 0.84112131875 0.8667809406250001 0.846170090625 0.8711304546875 0.86378438125 0.8953281875 0.8745531281250001 0.9103352453125 0.8847592359374999 0.9260749703125001 0.8914319953125001 0.930741746875 0.9016970687500001 0.945089015625 0.9084296437500001 0.9559417968749999 0.9186565921875 0.9531576640624999 0.9224799328125 0.9432329718749999 0.919984753125 0.9365719890624999 0.928445325 0.9093009203125 0.9246026109375001 0.87599005625 0.9248966484375 0.8853111671875 0.921033946875 0.878102625 0.9207176640625001 0.8721469140625 0.9251208015625 0.874405125 0.9153626984375001 0.798956996875 0.913739946875 0.798641565625 0.912973315625 0.7993345796875 0.9122001921875 0.8011501046875 0.9154684953125001 0.8059955640625001 0.9154095312500001 0.807388021875 0.9121782453125 0.8045139718750001 0.9114560609375 0.80605925 0.9113893687499999 0.8085723859374999 0.9130426484375 0.8119817359375 0.9139817671875001 0.8158141531249999 0.9151618984375001 0.8216576312500001 0.9151241999999999 0.8272643875 0.9164170031250001 0.8314472921875 0.9132532609374999 0.8336385703125 0.9132920671875 0.8431918062499999 0.9135564374999999 0.8426096812500001 0.91490200625 0.8609088859374999 0.9164048703125 0.879168628125 0.9131364390625001 0.8894813296875 0.9078169812500001 0.8876053 0.9025274968750001 0.881243190625 0.8938622484375 0.87815491875 0.890826378125 0.8688627359375 0.882891596875 0.870688503125 0.8809363593749999 0.8656143875 0.8725880781249999 0.8609036609375 0.8695525046875 0.8516099453124999 0.8651416421875 0.8504724124999999 0.8592132687499999 0.8484780203125 0.8602712968749999 0.841945825 0.8583020343750001 0.8325792312500001 0.8591958546875 0.8279809203124999 0.8587898265625 0.8127422187500001 0.85724951875 0.8076707624999999 0.8527556562499999 0.8037092593749999 0.8524239187499999 0.7999949046875 0.850335746875 0.8009929250000001 0.8453017484375 0.80198021875 0.8407929859375001 0.80784006875 0.8389378000000001 0.8119713609374999 0.8337161140625 0.8182561093749999 0.8319341124999999 0.81875175625 0.8244882296875 0.8159005046875001 0.8172678624999999 0.8248847343750001 0.8119931499999999 0.823859434375 0.8058305546875 0.8187299375 0.799924128125 0.8133716796874999 0.7939275296875 0.813890125
0 0.9105731609375001 0.8701750234375 0.9091914203125 0.871870653125 0.9089589874999999 0.8763173765625 0.909559878125 0.8775579499999999 0.9109341890625 0.8769814640625 0.9121739671875 0.8738543203125 0.9123397078125001 0.87192073125 0.9105731609375001 0.8701750234375
0 0.7662390453125 0.1784874640625 0.7671119140625 0.1699025359375 0.76193580625 0.1760592546875 0.7662390453125 0.1784874640625
0 0.9598989375 0.5169709078125 0.9595361515624999 0.5065540484375 0.95406190625 0.514244559375 0.9598989375 0.5169709078125
0 0.7538140234374999 0.43075145781249996 0.7574563375000001 0.4242966 0.75193899375 0.42402000937500006 0.7538140234374999 0.43075145781249996